a,H,c_s,integrand
9.722104443811454e-10,709808981848.4146,173085.1859818232,257987012730.83185
9.789528681048756e-10,709808981848.4146,173085.18742532376,254445541804.8686
9.85742051537812e-10,709808981848.4146,173085.18883920353,250952685749.50494
9.925783189654858e-10,709808981848.4146,173085.19022407025,247507777214.7778
9.994619969223846e-10,709808981848.4146,173085.19158051934,244110158011.58072
1.0063934142075648e-09,709808981848.4146,173085.19127167988,240759176708.22787
1.0133729019003495e-09,709808981848.4146,173085.19082050963,237454195244.1352
1.020400793376158e-09,709808981848.4146,173085.19036621042,234194582357.9203
1.0274774243224055e-09,709808981848.4146,173085.1899087606,230979715260.0822
1.034603132754553e-09,709808981848.4146,173085.1894481383,227808979710.35614
1.041778259032245e-09,709808981848.4146,173085.18898432152,224681769900.3583
1.0490031458755833e-09,709808981848.4146,173085.18851728813,221597488337.8316
1.0562781383814718e-09,709808981848.4146,173085.18804701575,218555545732.49863
1.0636035840401163e-09,709808981848.4146,173085.187573482,215555360883.463
1.0709798327516155e-09,709808981848.4146,173085.18709666422,212596360568.16678
1.0784072368426891e-09,709808981848.4146,173085.18661653966,209677979432.8631
1.085886151083483e-09,709808981848.4146,173085.18613308534,206799659884.6079
1.0934169327045298e-09,709808981848.4146,173085.18564627817,203960851984.71884
1.1009999414138055e-09,709808981848.4146,173085.185156095,201161013343.7052
1.1086355394139272e-09,709808981848.4146,173085.18466251227,198399609017.63144
1.1163240914194274e-09,709808981848.4146,173085.1841655065,195676111405.9198
1.124065964674193e-09,709808981848.4146,173085.18366505395,192990000150.53836
1.1318615289689961e-09,709808981848.4146,173085.18316113067,190340762036.58395
1.139711156659178e-09,709808981848.4146,173085.18265371263,187727890894.21945
1.1476152226824045e-09,709808981848.4146,173085.18214277556,185150887501.97345
1.1555741045765947e-09,709808981848.4146,173085.18162829505,182609259491.35138
1.163588182497945e-09,709808981848.4146,173085.18111024657,180102521252.76566
1.1716578392391046e-09,709808981848.4146,173085.18058860538,177630193842.74756
1.1797834602474336e-09,709808981848.4146,173085.1800633465,175191804892.44858
1.1879654336434306e-09,709808981848.4146,173085.17953444485,172786888517.38217
1.1962041502392626e-09,709808981848.4146,173085.17900187525,170414985228.41412
1.204500003557452e-09,709808981848.4146,173085.17846561217,168075641843.96506
1.2128533898496438e-09,709808981848.4146,173085.17792563004,165768411403.43362
1.221264708115551e-09,709808981848.4146,173085.17738190305,163492853081.7934
1.2297343601220044e-09,709808981848.4146,173085.17683440525,161248532105.37006
1.2382627504221629e-09,709808981848.4146,173085.1762831105,159035019668.76764
1.2468502863748056e-09,709808981848.4146,173085.17572799238,156851892852.94785
1.255497378163811e-09,709808981848.4146,173085.1751690245,154698734544.42075
1.2642044388177378e-09,709808981848.4146,173085.17460618008,152575133355.5526
1.2729718842295752e-09,709808981848.4146,173085.17403943226,150480683545.96024
1.281800133176576e-09,709808981848.4146,173085.17346875393,148414984944.99667
1.290689607340281e-09,709808981848.4146,173085.1728941179,146377642875.2889
1.2996407313266494e-09,709808981848.4146,173085.1723154967,144368268077.3319
1.308653932686362e-09,709808981848.4146,173085.17173286265,142386476635.11133
1.317729641935211e-09,709808981848.4146,173085.17114618796,140431889902.75858
1.3268682925746845e-09,709808981848.4146,173085.1705554446,138504134432.20117
1.3360703211126625e-09,709808981848.4146,173085.16996060437,136602841901.81302
1.3453361670842888e-09,709808981848.4146,173085.16936163887,134727649046.0377
1.3546662730729313e-09,709808981848.4146,173085.1687585194,132878197585.98862
1.3640610847313457e-09,709808981848.4146,173085.16815121725,131054134160.99109
1.3735210508029493e-09,709808981848.4146,173085.16753970334,129255110261.07045
1.383046623143279e-09,709808981848.4146,173085.16692394853,127480782160.36073
1.39263825674154e-09,709808981848.4146,173085.16630392338,125730810851.43782
1.4022964097423543e-09,709808981848.4146,173085.16567959823,124004861980.54489
1.4120215434676632e-09,709808981848.4146,173085.16505094335,122302605783.70674
1.4218141224387262e-09,709808981848.4146,173085.1644179286,120623717023.73045
1.4316746143983325e-09,709808981848.4146,173085.16378052387,118967874928.06096
1.4416034903331314e-09,709808981848.4146,173085.1631386986,117334763127.49496
1.4516012244961515e-09,709808981848.4146,173085.1624924222,115724069595.73138
1.4616682944294196e-09,709808981848.4146,173085.16184166382,114135486589.76025
1.4718051809867931e-09,709808981848.4146,173085.16118639233,112568710591.06084
1.4820123683569157e-09,709808981848.4146,173085.16052657642,111023442247.61269
1.49229034408637e-09,709808981848.4146,173085.1598621846,109499386316.69684
1.502639599102928e-09,709808981848.4146,173085.15919318516,107996251608.49171
1.5130606277390245e-09,709808981848.4146,173085.1585195461,106513750930.43396
1.5235539277553574e-09,709808981848.4146,173085.15784123522,105051601032.34846
1.5341200003646875e-09,709808981848.4146,173085.15715822022,103609522552.32655
1.5447593502557412e-09,709808981848.4146,173085.15647046838,102187239963.35556
1.5554724856173433e-09,709808981848.4146,173085.1557779469,100784481520.67252
1.5662599181626761e-09,709808981848.4146,173085.15508062267,99400979209.84564
1.577122163153749e-09,709808981848.4146,173085.15437846244,98036468695.5636
1.58805973942597e-09,709808981848.4146,173085.1536714326,96690689271.13588
1.5990731694129543e-09,709808981848.4146,173085.15295949945,95363383808.67824
1.6101629791714649e-09,709808981848.4146,173085.15224262892,94054298709.98682
1.6213296984065668e-09,709808981848.4146,173085.15152078678,92763183858.082
1.6325738604968881e-09,709808981848.4146,173085.1507939386,91489792569.42517
1.6438960025201235e-09,709808981848.4146,173085.1500620496,90233881546.78352
1.6552966652786745e-09,709808981848.4146,173085.1493250849,88995210832.74673
1.6667763933255078e-09,709808981848.4146,173085.1485830092,87773543763.87708
1.6783357349901255e-09,709808981848.4146,173085.1478357871,86568646925.49649
1.6899752424047829e-09,709808981848.4146,173085.14708338294,85380290107.08679
1.7016954715308474e-09,709808981848.4146,173085.14632576075,84208246258.3065
1.713496982185382e-09,709808981848.4146,173085.14556288434,83052291445.60732
1.7253803380678431e-09,709808981848.4146,173085.1447947173,81912204809.45302
1.7373461067870339e-09,709808981848.4146,173085.1440212229,80787768522.11871
1.749394859888201e-09,709808981848.4146,173085.14324236423,79678767746.07353
1.7615271728803639e-09,709808981848.4146,173085.14245810403,78584990592.93056
1.7737436252637615e-09,709808981848.4146,173085.1416684049,77506228082.96693
1.7860448005575595e-09,709808981848.4146,173085.1408732291,76442274105.19305
1.7984312863277084e-09,709808981848.4146,173085.14007253866,75392925377.97374
1.810903674215038e-09,709808981848.4146,173085.13926629533,74357981410.18634
1.8234625599634726e-09,709808981848.4146,173085.1384544606,73337244462.91814
1.836108543448517e-09,709808981848.4146,173085.13763699564,72330519511.68326
1.8488422287058937e-09,709808981848.4146,173085.1368138615,71337614209.16231
1.8616642239604251e-09,709808981848.4146,173085.13598501877,70358338848.44939
1.8745751416550406e-09,709808981848.4146,173085.13515042793,69392506326.80997
1.8875755984800602e-09,709808981848.4146,173085.1343100491,68439932109.93011
1.900666215402634e-09,709808981848.4146,173085.13346384212,67500434196.66019
1.9138476176964353e-09,709808981848.4146,173085.13261176657,66573833084.238884
1.92712043497148e-09,709808981848.4146,173085.1317537818,65659951734.00055
1.9404853012042227e-09,709808981848.4146,173085.13088984674,64758615537.547775
1.9539428547678625e-09,709808981848.4146,173085.1300199202,63869652283.389046
1.9674937384627873e-09,709808981848.4146,173085.1291439606,62992892124.03856
1.9811385995473093e-09,709808981848.4146,173085.12826192612,62128167543.56273
1.9948780897685652e-09,709808981848.4146,173085.1273737746,61275313325.575165
2.008712865393679e-09,709808981848.4146,173085.12647946365,60434166521.668076
2.02264358724106e-09,709808981848.4146,173085.1255789505,59604566420.28198
2.036670920712e-09,709808981848.4146,173085.12467219218,58786354515.997665
2.0507955358224384e-09,709808981848.4146,173085.1237591454,57979374479.25293
2.0650181072350004e-09,709808981848.4146,173085.1228397665,57183472126.471695
2.0793393142911707e-09,709808981848.4146,173085.12191401157,56398495390.6085
2.093759841043777e-09,709808981848.4146,173085.12098183643,55624294292.09201
2.1082803762896467e-09,709808981848.4146,173085.12004319654,54860720910.170715
2.12290161360254e-09,709808981848.4146,173085.11909804703,54107629354.64886
2.1376242513662294e-09,709808981848.4146,173085.1181463428,53364875738.015144
2.1524489928078904e-09,709808981848.4146,173085.1171880384,52632318147.94936
2.1673765460316748e-09,709808981848.4146,173085.11622308797,51909816620.20916
2.182407624052568e-09,709808981848.4146,173085.11525144553,51197233111.88653
2.1975429448303945e-09,709808981848.4146,173085.1142730646,50494431475.03538
2.2127832313041445e-09,709808981848.4146,173085.11328789848,49801277430.65723
2.228129211426489e-09,709808981848.4146,173085.11229590012,49117638543.046326
2.2435816181985855e-09,709808981848.4146,173085.1112970221,48443384194.4845
2.259141189705037e-09,709808981848.4146,173085.11029121673,47778385560.28751
2.2748086691491806e-09,709808981848.4146,173085.109278436,47122515584.1899
2.290584804888571e-09,709808981848.4146,173085.10825863146,46475648954.06998
2.3064703504707596e-09,709808981848.4146,173085.10723175446,45837662078.00602
2.322466064669236e-09,709808981848.4146,173085.10619775596,45208433060.66467
2.3385727115197045e-09,709808981848.4146,173085.10515658648,44587841680.009834
2.3547910603565616e-09,709808981848.4146,173085.1041081964,43975769364.33355
2.3711218858496803e-09,709808981848.4146,173085.1030525356,43372099169.59989
2.387565968041356e-09,709808981848.4146,173085.10198955363,42776715757.10355
2.4041240923836016e-09,709808981848.4146,173085.10091919976,42189505371.43156
2.420797049775648e-09,709808981848.4146,173085.09984142287,41610355818.729454
2.4375856366017577e-09,709808981848.4146,173085.0987561714,41039156445.26405
2.4544906547692075e-09,709808981848.4146,173085.09766339362,40475798116.283676
2.47151291174663e-09,709808981848.4146,173085.09656303728,39920173195.16518
2.4886532206025626e-09,709808981848.4146,173085.0954550498,39372175522.84936
2.5059124000443237e-09,709808981848.4146,173085.0943393783,38831700397.55665
2.523291274457058e-09,709808981848.4146,173085.09321596948,38298644554.78453
2.5407906739431544e-09,709808981848.4146,173085.09208476968,37772906147.57613
2.5584114343618735e-09,709808981848.4146,173085.09094572486,37254384727.06193
2.5761543973693165e-09,709808981848.4146,173085.0897987806,36742981223.266335
2.594020410458562e-09,709808981848.4146,173085.08864388213,36238597926.18113
2.6120103270001906e-09,709808981848.4146,173085.0874809743,35741138467.09544
2.6301250062830228e-09,709808981848.4146,173085.08631000158,35250507800.183975
2.648365313555207e-09,709808981848.4146,173085.085130908,34766612184.34606
2.6667321200654836e-09,709808981848.4146,173085.08394363723,34289359165.29713
2.6852263031048335e-09,709808981848.4146,173085.0827481326,33818657557.903152
2.7038487460484113e-09,709808981848.4146,173085.081544337,33354417428.757915
2.7226003383976787e-09,709808981848.4146,173085.08033219294,32896550079.00165
2.741481975822931e-09,709808981848.4146,173085.0791116425,32444968027.373043
2.760494560206061e-09,709808981848.4146,173085.07788262737,31999584993.495255
2.7796389996836777e-09,709808981848.4146,173085.07664508888,31560315881.390053
2.7989162086904196e-09,709808981848.4146,173085.0753989679,31127076763.22069
2.818327108002677e-09,709808981848.4146,173085.0741442049,30699784863.255386
2.8378726247825485e-09,709808981848.4146,173085.07288074,30278358542.052567
2.857553692622175e-09,709808981848.4146,173085.07160851275,29862717280.861553
2.8773712515882616e-09,709808981848.4146,173085.07032746248,29452781666.24004
2.8973262482670285e-09,709808981848.4146,173085.06903752795,29048473374.880127
2.917419635809399e-09,709808981848.4146,173085.06773864757,28649715158.644154
2.937652373976575e-09,709808981848.4146,173085.0664307593,28256430829.8046
2.9580254291858103e-09,709808981848.4146,173085.06511380067,27868545246.488808
2.9785397745566166e-09,709808981848.4146,173085.06378770873,27485984298.321316
2.9991963899572215e-09,709808981848.4146,173085.0624524202,27108674892.264595
3.019996262051422e-09,709808981848.4146,173085.06110787127,26736544938.6528
3.0409403843456377e-09,709808981848.4146,173085.05975399772,26369523337.419518
3.0620297572364138e-09,709808981848.4146,173085.05839073492,26007539964.51233
3.0832653880581834e-09,709808981848.4146,173085.0570180177,25650525658.495094
3.10464829113143e-09,709808981848.4146,173085.0556357805,25298412207.333073
3.126179487811062e-09,709808981848.4146,173085.05424395733,24951132335.361374
3.14786000653525e-09,709808981848.4146,173085.05284248167,24608619690.430233
3.1696908828745207e-09,709808981848.4146,173085.05143128664,24270808831.2281
3.1916731595812766e-09,709808981848.4146,173085.05001030478,23937635214.77738
3.213807886639524e-09,709808981848.4146,173085.04857946825,23609035184.103966
3.2360961213150762e-09,709808981848.4146,173085.04713870867,23284945956.07394
3.2585389282060287e-09,709808981848.4146,173085.04568795726,22965305609.398495
3.2811373792936635e-09,709808981848.4146,173085.04422714468,22650053072.80231
3.303892553993571e-09,709808981848.4146,173085.04275620126,22339128113.35632
3.3268055392072628e-09,709808981848.4146,173085.04127505657,22032471324.968628
3.34987742937406e-09,709808981848.4146,173085.03978364004,21730024117.034706
3.3731093265234243e-09,709808981848.4146,173085.03828188032,21431728703.242092
3.3965023403275127e-09,709808981848.4146,173085.0367697057,21137528090.530804
3.420057588154239e-09,709808981848.4146,173085.035247044,20847366068.20329
3.443776195120614e-09,709808981848.4146,173085.03371382243,20561187197.185074
3.4676592941465443e-09,709808981848.4146,173085.03216996777,20278936799.431755
3.4917080260088625e-09,709808981848.4146,173085.03061540631,20000560947.483078
3.5159235393958716e-09,709808981848.4146,173085.02905006378,19726006454.158775
3.5403069909621833e-09,709808981848.4146,173085.0274738654,19455220862.396805
3.5648595453840256e-09,709808981848.4146,173085.0258867359,19188152435.230152
3.5895823754147846e-09,709808981848.4146,173085.02428859947,18924750145.902786
3.6144766619410795e-09,709808981848.4146,173085.02267937976,18664963668.11974
3.6395435940391387e-09,709808981848.4146,173085.02105899993,18408743366.43195
3.6647843690316565e-09,709808981848.4146,173085.01942738256,18156040286.752167
3.6902001925448912e-09,709808981848.4146,173085.01778444974,17906806147.00263
3.7157922785662994e-09,709808981848.4146,173085.01613012297,17660993327.88963
3.7415618495025665e-09,709808981848.4146,173085.01446432326,17418554863.804916
3.767510136237902e-09,709808981848.4146,173085.01278697103,17179444433.853157
3.793638378192897e-09,709808981848.4146,173085.01109798613,16943616353.00117
3.8199478233837105e-09,709808981848.4146,173085.00939728797,16711025563.349375
3.846439728481658e-09,709808981848.4146,173085.00768479524,16481627625.523106
3.8731153588733084e-09,709808981848.4146,173085.00596042615,16255378710.181305
3.899975988720825e-09,709808981848.4146,173085.0042240984,16032235589.643267
3.927022901022875e-09,709808981848.4146,173085.002475729,15812155629.628979
3.9542573876759605e-09,709808981848.4146,173085.00071523443,15595096781.112955
3.981680749536028e-09,709808981848.4146,173084.99894253063,15381017572.291048
4.0092942964806724e-09,709808981848.4146,173084.99715753293,15169877100.656181
4.037099347471663e-09,709808981848.4146,173084.99536015606,14961635025.183718
4.065097230618018e-09,709808981848.4146,173084.99355031416,14756251558.623274
4.093289283239337e-09,709808981848.4146,173084.99172792083,14553687459.897652
4.121676851929747e-09,709808981848.4146,173084.98989288896,14353904026.604788
4.150261292622188e-09,709808981848.4146,173084.98804513094,14156863087.6235
4.179043970653246e-09,709808981848.4146,173084.9861845585,13962526995.819897
4.208026260828271e-09,709808981848.4146,173084.98431108278,13770858620.855127
4.237209547487106e-09,709808981848.4146,173084.98242461428,13581821342.090736
4.266595224570181e-09,709808981848.4146,173084.9805250629,13395379041.592035
4.296184695685159e-09,709808981848.4146,173084.97861233793,13211496097.226894
4.325979374173882e-09,709808981848.4146,173084.97668634797,13030137375.860342
4.355980683179942e-09,709808981848.4146,173084.97474700108,12851268226.641514
4.386190055716627e-09,709808981848.4146,173084.97279420457,12674854474.383387
4.416608934735437e-09,709808981848.4146,173084.97082786518,12500862413.032766
4.447238773194902e-09,709808981848.4146,173084.96884788905,12329258799.230959
4.4780810341300526e-09,709808981848.4146,173084.96685418152,12160010845.961796
4.509137190722267e-09,709808981848.4146,173084.9648466474,11993086216.287455
4.540408726369709e-09,709808981848.4146,173084.96282519083,11828453017.169722
4.571897134758074e-09,709808981848.4146,173084.96078971523,11666079793.376999
4.603603919932007e-09,709808981848.4146,173084.95874012337,11505935521.474003
4.635530596366908e-09,709808981848.4146,173084.95667631735,11347989603.894545
4.667678689041347e-09,709808981848.4146,173084.95459819862,11192211863.09511
4.700049733509785e-09,709808981848.4146,173084.9525056679,11038572535.789635
4.732645275976005e-09,709808981848.4146,173084.95039862522,10887042267.26247
4.765466873366922e-09,709808981848.4146,173084.94827697,10737592105.760002
4.798516093407026e-09,709808981848.4146,173084.94614060083,10590193496.958672
4.831794514693153e-09,709808981848.4146,173084.94398941574,10444818278.509895
4.865303726769962e-09,709808981848.4146,173084.94182331194,10301438674.658897
4.8990453302058195e-09,709808981848.4146,173084.93964218596,10160027290.938013
4.933020936669331e-09,709808981848.4146,173084.9374459336,10020557108.932278
4.967232169006204e-09,709808981848.4146,173084.93523445,9883001481.117746
5.00168066131684e-09,709808981848.4146,173084.93300762956,9747334125.769806
5.0363680590343494e-09,709808981848.4146,173084.93076536583,9613529121.94188
5.071296019003228e-09,709808981848.4146,173084.92850755178,9481560904.512615
5.106466209558372e-09,709808981848.4146,173084.92623407952,9351404259.3018
5.1418803106048266e-09,709808981848.4146,173084.92394484053,9223034318.25267
5.177540013698093e-09,709808981848.4146,173084.9216397254,9096426554.680288
5.213447022124794e-09,709808981848.4146,173084.91931862404,8971556778.585922
5.249603050984122e-09,709808981848.4146,173084.9169814256,8848401132.034906
5.286009827269737e-09,709808981848.4146,173084.91462801842,8726936084.598373
5.322669089952232e-09,709808981848.4146,173084.9122582901,8607138428.857553
5.359582590062286e-09,709808981848.4146,173084.90987212752,8488985275.969415
5.3967520907741716e-09,709808981848.4146,173084.9074694166,8372454051.293882
5.434179367490034e-09,709808981848.4146,173084.9050500426,8257522490.080481
5.471866207924765e-09,709808981848.4146,173084.90261389004,8144168633.21416
5.509814412191254e-09,709808981848.4146,173084.90016084246,8032370823.020144
5.548025792886465e-09,709808981848.4146,173084.89769078276,7922107699.125694
5.586502175177971e-09,709808981848.4146,173084.89520359293,7813358194.379065
5.625245396891215e-09,709808981848.4146,173084.8926991542,7706101530.824134
5.664257308597169e-09,709808981848.4146,173084.8901773469,7600317215.730864
5.7035397737008106e-09,709808981848.4146,173084.88763805063,7495985037.679684
5.743094668530083e-09,709808981848.4146,173084.88508114405,7393085062.699957
5.782923882425614e-09,709808981848.4146,173084.88250650503,7291597630.461111
5.823029317830818e-09,709808981848.4146,173084.8799140107,7191503350.516653
5.863412890382861e-09,709808981848.4146,173084.8773035371,7092783098.599131
5.904076529004111e-09,709808981848.4146,173084.8746749596,6995418012.966334
5.9450221759943725e-09,709808981848.4146,173084.87202815266,6899389490.797291
5.986251787123517e-09,709808981848.4146,173084.86936298982,6804679184.638306
6.027767331724991e-09,709808981848.4146,173084.86667934383,6711268998.897229
6.069570792789838e-09,709808981848.4146,173084.8639770865,6619141086.386183
6.111664167061512e-09,709808981848.4146,173084.8612560887,6528277844.911403
6.154049465131106e-09,709808981848.4146,173084.85851622053,6438661913.9104595
6.1967287115334855e-09,709808981848.4146,173084.8557573511,6350276171.135091
6.239703944843939e-09,709808981848.4146,173084.8529793486,6263103729.379873
6.282977217775653e-09,709808981848.4146,173084.8501820804,6177127933.255532
6.326550597277612e-09,709808981848.4146,173084.8473654129,6092332356.007
6.370426164633419e-09,709808981848.4146,173084.8445292115,6008700796.374703
6.414606015560665e-09,709808981848.4146,173084.84167334076,5926217275.499191
6.459092260311132e-09,709808981848.4146,173084.83879766427,5844866033.867986
6.503887023771429e-09,709808981848.4146,173084.8359020447,5764631528.30484
6.5489924455646e-09,709808981848.4146,173084.83298634374,5685498428.999795
6.594410680152263e-09,709808981848.4146,173084.83005042205,5607451616.580349
6.640143896937628e-09,709808981848.4146,173084.8270941395,5530476179.222523
6.686194280368958e-09,709808981848.4146,173084.82411735487,5454557409.802041
6.732564030044014e-09,709808981848.4146,173084.8211199259,5379680803.084174
6.779255360815069e-09,709808981848.4146,173084.8181017095,5305832052.952422
6.8262705028948075e-09,709808981848.4146,173084.81506256148,5232997049.674977
6.873611701962686e-09,709808981848.4146,173084.8120023367,5161161877.209147
6.921281219272309e-09,709808981848.4146,173084.80892088893,5090312810.542348
6.969281331759382e-09,709808981848.4146,173084.80581807104,5020436313.069853
7.0176143321505846e-09,709808981848.4146,173084.80269373482,4951519034.008292
7.066282529072908e-09,709808981848.4146,173084.79954773106,4883547805.84507
7.115288247164017e-09,709808981848.4146,173084.79637990944,4816509641.822412
7.164633827183367e-09,709808981848.4146,173084.79319011865,4750391733.455979
7.214321626123843e-09,709808981848.4146,173084.78997820642,4685181448.087882
7.264354017324454e-09,709808981848.4146,173084.78674401928,4620866326.472891
7.314733390583668e-09,709808981848.4146,173084.78348740275,4557434080.397982
7.365462152273528e-09,709808981848.4146,173084.7802082013,4494872590.334565
7.416542725454716e-09,709808981848.4146,173084.77690625825,4433169903.122741
7.467977549992108e-09,709808981848.4146,173084.77358141594,4372314229.687735
7.519769082671408e-09,709808981848.4146,173084.77023351556,4312293942.787316
7.571919797316579e-09,709808981848.4146,173084.7668623972,4253097574.7901897
7.624432184907835e-09,709808981848.4146,173084.7634678998,4194713815.4851465
7.677308753700735e-09,709808981848.4146,173084.76004986127,4137131509.9199896
7.73055202934593e-09,709808981848.4146,173084.75660811833,4080339656.270295
7.784164555009931e-09,709808981848.4146,173084.75314250664,4024327403.737253
7.838148891496386e-09,709808981848.4146,173084.7496528606,3969084050.4746814
7.892507617368536e-09,709808981848.4146,173084.74613901356,3914599041.5441694
7.947243329072301e-09,709808981848.4146,173084.7426007977,3860861966.8985033
8.002358641060441e-09,709808981848.4146,173084.739038044,3807862559.392555
8.057856185917232e-09,709808981848.4146,173084.7354505823,3755590692.8218164
8.11373861448435e-09,709808981848.4146,173084.73183824125,3704036379.987533
8.170008595987414e-09,709808981848.4146,173084.72820084827,3653189770.7885823
8.226668818163622e-09,709808981848.4146,173084.7245382297,3603041150.3393774
8.283721987389927e-09,709808981848.4146,173084.72085021055,3553580937.113892
8.34117082881244e-09,709808981848.4146,173084.71713661464,3504799681.1148715
8.399018086476532e-09,709808981848.4146,173084.71339726468,3456688062.0683546
8.457266523458041e-09,709808981848.4146,173084.70963198203,3409236887.6427975
8.515918921995037e-09,709808981848.4146,173084.7058405868,3362437091.6929474
8.574978083620863e-09,709808981848.4146,173084.70202289798,3316279732.527521
8.634446829297877e-09,709808981848.4146,173084.69817873312,3270755991.200832
8.69432799955233e-09,709808981848.4146,173084.6943079087,3225857169.827734
8.754624454609844e-09,709808981848.4146,173084.69041023977,3181574689.921921
8.815339074532163e-09,709808981848.4146,173084.6864855402,3137900090.7568073
8.876474759354651e-09,709808981848.4146,173084.68253362254,3094825027.749047
8.938034429224956e-09,709808981848.4146,173084.67855429804,3052341270.8640976
9.000021024542275e-09,709808981848.4146,173084.67454737658,3010440703.043921
9.062437506097945e-09,709808981848.4146,173084.67051266678,2969115318.656017
9.125286855216792e-09,709808981848.4146,173084.66644997604,2928357221.963902
9.18857207389969e-09,709808981848.4146,173084.66235911014,2888158625.6184187
9.252296184966716e-09,709808981848.4146,173084.65823987382,2848511849.170034
9.316462232201694e-09,709808981848.4146,173084.65409207027,2809409317.601276
9.381073280497498e-09,709808981848.4146,173084.6499155014,2770843559.8794904
9.44613241600261e-09,709808981848.4146,173084.64570996768,2732807207.5293145
9.511642746268291e-09,709808981848.4146,173084.64147526826,2695292993.224971
9.57760740039717e-09,709808981848.4146,173084.63721120093,2658293749.401669
9.644029529192628e-09,709808981848.4146,173084.63291756195,2621802406.8861904
9.710912305309454e-09,709808981848.4146,173084.62859414628,2585811993.5461564
9.778258923405148e-09,709808981848.4146,173084.6242407474,2550315632.958039
9.846072600292638e-09,709808981848.4146,173084.61985715738,2515306543.09327
9.914356575094042e-09,709808981848.4146,173084.61544316687,2480778035.022391
9.983114109395151e-09,709808981848.4146,173084.61099856498,2446723511.6371727
1.0052348487401386e-08,709808981848.4146,173084.60652313952,2413136466.390074
1.0122063016094585e-08,709808981848.4146,173084.60201667665,2380010482.051111
1.0192261025391052e-08,709808981848.4146,173084.59747896114,2347339229.4817414
1.0262945868300543e-08,709808981848.4146,173084.59290977626,2315116466.425622
1.03341209210864e-08,709808981848.4146,173084.58830890377,2283336036.3159647
1.0405789583426847e-08,709808981848.4146,173084.5836761239,2251991867.0992312
1.0477955278577429e-08,709808981848.4146,173084.57901121542,2221077970.0749707
1.0550621453534472e-08,709808981848.4146,173084.57431395547,2190588438.751624
1.0623791579199693e-08,709808981848.4146,173084.56958411974,2160517447.718034
1.0697469150546025e-08,709808981848.4146,173084.56482148226,2130859251.530407
1.07716576867846e-08,709808981848.4146,173084.5600258156,2101608183.61456
1.0846360731532806e-08,709808981848.4146,173084.55519689067,2072758655.183266
1.0921581852983497e-08,709808981848.4146,173084.55033447684,2044305154.168465
1.0997324644075469e-08,709808981848.4146,173084.54543834185,2016242244.1680984
1.1073592722665136e-08,709808981848.4146,173084.54050825187,1988564563.4073975
1.1150389731699276e-08,709808981848.4146,173084.53554397137,1961266823.7144685
1.1227719339388979e-08,709808981848.4146,173084.53054526335,1934343809.5099452
1.1305585239385011e-08,709808981848.4146,173084.52551188893,1907790376.8104315
1.1383991150954068e-08,709808981848.4146,173084.5204436078,1881601452.245741
1.14629408191566e-08,709808981848.4146,173084.51534017778,1855772032.089505
1.1542438015025518e-08,709808981848.4146,173084.5102013552,1830297181.3032122
1.1622486535746494e-08,709808981848.4146,173084.5050268946,1805172032.5932443
1.1703090204839158e-08,709808981848.4146,173084.4998165488,1780391785.4809783
1.1784252872339907e-08,709808981848.4146,173084.494570069,1755951705.3855393
1.1865978414985619e-08,709808981848.4146,173084.4892872045,1731847122.719254
1.1948270736399012e-08,709808981848.4146,173084.48396770307,1708073431.9954157
1.2031133767274909e-08,709808981848.4146,173084.4786113106,1684626090.9484005
1.2114571465568185e-08,709808981848.4146,173084.47321777124,1661500619.665756
1.2198587816682621e-08,709808981848.4146,173084.46778682742,1638692599.7323155
1.2283186833661463e-08,709808981848.4146,173084.46231821974,1616197673.3859487
1.2368372557378907e-08,709808981848.4146,173084.45681168692,1594011542.6850095
1.2454149056733312e-08,709808981848.4146,173084.45126696603,1572129968.68711
1.2540520428841352e-08,709808981848.4146,173084.4456837922,1550548770.6392677
1.2627490799233912e-08,709808981848.4146,173084.44006189881,1529263825.1790721
1.2715064322052945e-08,709808981848.4146,173084.43440101726,1508271065.546912
1.28032451802501e-08,709808981848.4146,173084.42870087727,1487566480.8089223
1.2892037585786308e-08,709808981848.4146,173084.42296120655,1467146115.0906954
1.2981445779833183e-08,709808981848.4146,173084.41718173085,1447006066.82141
1.3071474032975385e-08,709808981848.4146,173084.4113621743,1427142487.98844
1.3162126645414823e-08,709808981848.4146,173084.40550225883,1407551583.402092
1.3253407947175833e-08,709808981848.4146,173084.39960170453,1388229609.9705353
1.3345322298312194e-08,709808981848.4146,173084.39366022966,1369172875.9845994
1.343787408911531e-08,709808981848.4146,173084.3876775504,1350377740.4124396
1.3531067740323844e-08,709808981848.4146,173084.38165338102,1331840612.203889
1.3624907703334946e-08,709808981848.4146,173084.37558743372,1313557949.604326
1.3719398460416916e-08,709808981848.4146,173084.36947941882,1295526259.477973
1.3814544524923253e-08,709808981848.4146,173084.36332904463,1277742096.640497
1.3910350441508176e-08,709808981848.4146,173084.35713601732,1260202063.2007747
1.4006820786343753e-08,709808981848.4146,173084.3509000411,1242902807.9116738
1.4103960167338543e-08,709808981848.4146,173084.34462081816,1225841025.5297432
1.4201773224357634e-08,709808981848.4146,173084.33829804856,1209013456.1837184
1.4300264629444214e-08,709808981848.4146,173084.33193143032,1192416884.7516887
1.4399439087042775e-08,709808981848.4146,173084.32552065936,1176048140.2468011
1.4499301334223896e-08,709808981848.4146,173084.31906542944,1159904095.211391
1.459985614091044e-08,709808981848.4146,173084.31256543228,1143981665.1194553
1.4701108310105335e-08,709808981848.4146,173084.30602035744,1128277807.7873228
1.4803062678121045e-08,709808981848.4146,173084.2994298923,1112789522.7923977
1.4905724114810643e-08,709808981848.4146,173084.29279372198,1097513850.8998811
1.500909752380035e-08,709808981848.4146,173084.2861115297,1082447873.4973862
1.5113187842723708e-08,709808981848.4146,173084.27938299617,1067588712.0373027
1.5218000043457473e-08,709808981848.4146,173084.27260780006,1052933527.4868115
1.5323539132359176e-08,709808981848.4146,173084.26578561775,1038479519.78544
1.5429810150506173e-08,709808981848.4146,173084.25891612342,1024223927.3100849
1.5536818173936376e-08,709808981848.4146,173084.2519989889,1010164026.3473799
1.564456831389078e-08,709808981848.4146,173084.24503388393,996297130.5732857
1.575306571705765e-08,709808981848.4146,173084.23802047578,982620590.5398259
1.5862315565818308e-08,709808981848.4146,173084.23095842943,969131793.1688864
1.5972323078494553e-08,709808981848.4146,173084.22384740761,955828161.2529657
1.6083093509598158e-08,709808981848.4146,173084.2166870707,942707152.9627396
1.6194632150081578e-08,709808981848.4146,173084.20947707669,929766261.3614435
1.6306944327590942e-08,709808981848.4146,173084.2022170812,917003013.9258612
1.642003540672027e-08,709808981848.4146,173084.1949067375,904414972.0739472
1.653391078926796e-08,709808981848.4146,173084.18754569642,891999730.6988769
1.664857591449455e-08,709808981848.4146,173084.18013360637,879754917.70955
1.676403625938281e-08,709808981848.4146,173084.17267011333,867678193.5773418
1.6880297338899035e-08,709808981848.4146,173084.16515486085,855767250.8891392
1.6997364706256793e-08,709808981848.4146,173084.15758748996,844019813.9064487
1.7115243953181852e-08,709808981848.4146,173084.1499676392,832433638.1306196
1.7233940710179582e-08,709808981848.4146,173084.1422949447,821006509.8739733
1.7353460646803597e-08,709808981848.4146,173084.13456903995,809736245.8368807
1.7473809471926852e-08,709808981848.4146,173084.12678955597,798620692.690587
1.7594992934014036e-08,709808981848.4146,173084.11895612112,787657726.6658182
1.771701682139644e-08,709808981848.4146,173084.11106836135,776845253.1469833
1.783988696254815e-08,709808981848.4146,173084.10312589988,766181206.2719955
1.796360922636472e-08,709808981848.4146,173084.09512835735,755663548.5375406
1.8088189522443232e-08,709808981848.4146,173084.08707535182,745290270.4098089
1.8213633801364844e-08,709808981848.4146,173084.07896649864,735059389.9405257
1.833994805497872e-08,709808981848.4146,173084.07080141047,724968952.3882997
1.8467138316688553e-08,709808981848.4146,173084.06257969743,715017029.8451196
1.859521066174042e-08,709808981848.4146,173084.05430096673,705201720.8680291
1.8724171207513293e-08,709808981848.4146,173084.04596482302,695521150.115807
1.885402611381092e-08,709808981848.4146,173084.03757086812,685973467.990684
1.8984781583156314e-08,709808981848.4146,173084.02911870115,676556850.2849338
1.911644386108791e-08,709808981848.4146,173084.02060791838,667269497.8323438
1.92490192364578e-08,709808981848.4146,173084.01203811335,658109636.1644673
1.9382514041732194e-08,709808981848.4146,173084.00340887674,649075515.1715839
1.951693465329398e-08,709808981848.4146,173083.99471979635,640165408.768313
1.965228749174721e-08,709808981848.4146,173083.98597045726,631377614.5638299
1.9788579022223687e-08,709808981848.4146,173083.97716044154,622710453.5366077
1.9925815754691874e-08,709808981848.4146,173083.96828932842,614162269.7136135
2.0064004244267905e-08,709808981848.4146,173083.9593566942,605731429.8539093
2.0203151091528624e-08,709808981848.4146,173083.9503621122,597416323.1366057
2.0343262942826762e-08,709808981848.4146,173083.9413051529,589215360.853101
2.0484346490608505e-08,709808981848.4146,173083.93218538363,581126976.1035302
2.0626408473733222e-08,709808981848.4146,173083.92300236892,573149623.4973873
2.0769455677795276e-08,709808981848.4146,173083.91375567007,565281778.858263
2.0913494935448048e-08,709808981848.4146,173083.9044448455,557521938.9326363
2.1058533126730383e-08,709808981848.4146,173083.89506945052,549868621.1026541
2.1204577179395303e-08,709808981848.4146,173083.8856290373,542320363.1028544
2.1351634069240825e-08,709808981848.4146,173083.87612315497,534875722.7407867
2.1499710820443075e-08,709808981848.4146,173083.86655134955,527533277.6214674
2.164881450589188e-08,709808981848.4146,173083.85691316382,520291624.8756089
2.1798952247528706e-08,709808981848.4146,173083.84720813748,513149380.8915793
2.1950131216686725e-08,709808981848.4146,173083.83743580699,506105181.05105096
2.2102358634433243e-08,709808981848.4146,173083.82759570557,499157679.4682793
2.2255641771914918e-08,709808981848.4146,173083.8176873633,492305548.73293936
2.2409987950704714e-08,709808981848.4146,173083.80771030698,485547479.65652406
2.256540454315196e-08,709808981848.4146,173083.79766405997,478882181.0221915
2.2721898972734146e-08,709808981848.4146,173083.78754814254,472308379.3380775
2.287947871441187e-08,709808981848.4146,173083.77736207153,465824818.59396297
2.3038151294985493e-08,709808981848.4146,173083.7671053604,459430260.0213135
2.319792429345505e-08,709808981848.4146,173083.75677751933,453123481.8565815
2.3358805341381877e-08,709808981848.4146,173083.74637805496,446903279.1077878
2.3520802123253504e-08,709808981848.4146,173083.73590647068,440768463.32427865
2.368392237685034e-08,709808981848.4146,173083.72536226636,434717862.3696711
2.384817389361563e-08,709808981848.4146,173083.7147449383,428750320.1978882
2.4013564519027253e-08,709808981848.4146,173083.70405397954,422864696.632295
2.4180102152972835e-08,709808981848.4146,173083.69328887935,417059867.1478402
2.4347794750126688e-08,709808981848.4146,173083.68244912368,411334722.6562155
2.451665032033018e-08,709808981848.4146,173083.6715341947,405688169.293936
2.4686676928973913e-08,709808981848.4146,173083.66054357117,400119128.2133582
2.4857882697383377e-08,709808981848.4146,173083.64947672814,394626535.37653834
2.5030275803206445e-08,709808981848.4146,173083.63833313706,389209341.3519486
2.5203864480804407e-08,709808981848.4146,173083.62711226568,383866511.1139568
2.537865702164486e-08,709808981848.4146,173083.6158135781,378597023.84508437
2.555466177469817e-08,709808981848.4146,173083.60443653472,373399872.7409537
2.573188714683584e-08,709808981848.4146,173083.5929805921,368274064.81793827
2.591034160323248e-08,709808981848.4146,173083.58144520313,363218620.7234283
2.6090033667769744e-08,709808981848.4146,173083.5698298168,358232574.54872483
2.6270971923443817e-08,709808981848.4146,173083.55813387848,353314973.6444812
2.6453165012775244e-08,709808981848.4146,173083.54635682947,348464878.43869084
2.6636621638221618e-08,709808981848.4146,173083.53449810727,343681362.2571737
2.682135056259338e-08,709808981848.4146,173083.52255714554,338963511.1465205
2.7007360609472453e-08,709808981848.4146,173083.51053337398,334310423.69946766
2.7194660663633622e-08,709808981848.4146,173083.4984262183,329721210.88267505
2.7383259671468796e-08,709808981848.4146,173083.4862351003,325194995.8668672
2.7573166641414434e-08,709808981848.4146,173083.47395943766,320730913.859302
2.7764390644381944e-08,709808981848.4146,173083.46159864412,316328111.93853813
2.7956940814190864e-08,709808981848.4146,173083.44915212932,311985748.89147663
2.8150826348005004e-08,709808981848.4146,173083.43661929882,307702995.05263877
2.8346056506771877e-08,709808981848.4146,173083.423999554,303479032.14564544
2.854264061566515e-08,709808981848.4146,173083.4112922922,299313053.1268733
2.8740588064529958e-08,709808981848.4146,173083.39849690645,295204262.0312607
2.8939908308331286e-08,709808981848.4146,173083.3856127857,291151873.8202315
2.91406108676057e-08,709808981848.4146,173083.37263931456,287155114.2317008
2.934270532891623e-08,709808981848.4146,173083.3595758734,283213219.63214004
2.9546201345310133e-08,709808981848.4146,173083.34642183836,279325436.870678
2.9751108636779872e-08,709808981848.4146,173083.33317658113,275491023.1352038
2.995743699072749e-08,709808981848.4146,173083.31983946913,271709245.8104409
3.0165196262432236e-08,709808981848.4146,173083.30640986544,267979382.33797
3.037439637552119e-08,709808981848.4146,173083.2928871286,264300720.07817692
3.0585047322443146e-08,709808981848.4146,173083.27927061278,260672556.1740958
3.079715916494599e-08,709808981848.4146,173083.26555966763,257094197.4171182
3.101074203455746e-08,709808981848.4146,173083.25175363835,253564960.11454388
3.122580613306894e-08,709808981848.4146,173083.23785186553,250084169.9589551
3.144236173302257e-08,709808981848.4146,173083.22385368525,246651161.89938468
3.1660419178202337e-08,709808981848.4146,173083.20975842894,243265280.01424283
3.187998888412766e-08,709808981848.4146,173083.19556542343,239925877.38600272
3.210108133855137e-08,709808981848.4146,173083.18127399083,236632315.9775911
3.232370710196019e-08,709808981848.4146,173083.1668834486,233383966.5104909
3.2547876808079624e-08,709808981848.4146,173083.15239310946,230180208.34450182
3.277360116438138e-08,709808981848.4146,173083.13780228133,227020429.3591674
3.300089095259535e-08,709808981848.4146,173083.1231102674,223904025.8368134
3.322975702922404e-08,709808981848.4146,173083.10831636592,220830402.3472079
3.346021032606169e-08,709808981848.4146,173083.0934198704,217798971.63378936
3.369226185071588e-08,709808981848.4146,173083.07842006933,214809154.5014709
3.392592268713387e-08,709808981848.4146,173083.06331624635,211860379.7059708
3.416120399613144e-08,709808981848.4146,173083.04810768014,208952083.8446765
3.439811701592657e-08,709808981848.4146,173083.03279364432,206083711.2489916
3.463667306267568e-08,709808981848.4146,173083.0173734075,203254713.8781761
3.487688353101469e-08,709808981848.4146,173083.00184623318,200464551.21462882
3.511875989460273e-08,709808981848.4146,173082.98621137982,197712690.16062182
3.5362313706670734e-08,709808981848.4146,173082.97046810074,194998604.93643892
3.560755660057273e-08,709808981848.4146,173082.95461564403,192321776.97992477
3.585450029034207e-08,709808981848.4146,173082.93865325255,189681694.847401
3.6103156571250374e-08,709808981848.4146,173082.922580164,187077854.11595455
3.635353732037151e-08,709808981848.4146,173082.9063956107,184509757.28705552
3.660565449714833e-08,709808981848.4146,173082.89009881974,181976913.69150928
3.685952014396449e-08,709808981848.4146,173082.87368901275,179478839.39570242
3.7115146386719065e-08,709808981848.4146,173082.85716540602,177015057.10914668
3.737254543540626e-08,709808981848.4146,173082.8405272104,174585096.0932818
3.763172958469841e-08,709808981848.4146,173082.8237736313,172188492.07153684
3.789271121453307e-08,709808981848.4146,173082.80690386856,169824787.14062607
3.81555027907045e-08,709808981848.4146,173082.7899171165,167493529.6830587
3.842011686545926e-08,709808981848.4146,173082.7728125638,165194274.28085095
3.868656607809558e-08,709808981848.4146,173082.75558939364,162926581.63042435
3.895486315556696e-08,709808981848.4146,173082.73824678347,160690018.45867276
3.9225020913090197e-08,709808981848.4146,173082.72078390492,158484157.44017836
3.949705225475769e-08,709808981848.4146,173082.70319992412,156308577.11556497
3.9770970174153636e-08,709808981848.4146,173082.68549400117,154162861.81097355
4.00467877549745e-08,709808981848.4146,173082.66766529053,152046601.55864444
4.0324518171654116e-08,709808981848.4146,173082.6497129407,149959392.018586
4.0604174689993145e-08,709808981848.4146,173082.63163609433,147900834.40131938
4.088577066779254e-08,709808981848.4146,173082.61343388804,145870535.3916858
4.1169319555491435e-08,709808981848.4146,173082.59510545255,143868107.0737002
4.1454834896809735e-08,709808981848.4146,173082.57664991252,141893166.85643345
4.174233032939522e-08,709808981848.4146,173082.55806638655,139945337.40091258
4.2031819585474805e-08,709808981848.4146,173082.53935398714,138024246.54802638
4.232331649251025e-08,709808981848.4146,173082.5205118206,136129527.24742103
4.2616834973858804e-08,709808981848.4146,173082.501538987,134260817.48736915
4.291238904943846e-08,709808981848.4146,173082.48243458034,132417760.22560179
4.3209992836397415e-08,709808981848.4146,173082.46319768816,130600003.32109235
4.3509660549788117e-08,709808981848.4146,173082.44382739175,128807199.4667767
4.381140650324686e-08,709808981848.4146,173082.42432276608,127039006.12319261
4.4115245109676794e-08,709808981848.4146,173082.4046828795,125295085.45303686
4.4421190881937036e-08,709808981848.4146,173082.3849067942,123575104.25661354
4.472925843353517e-08,709808981848.4146,173082.3649935657,121878733.90817572
4.5039462479326e-08,709808981848.4146,173082.3449422429,120205650.2931335
4.535181783621365e-08,709808981848.4146,173082.32475186826,118555533.74613172
4.566633942386006e-08,709808981848.4146,173082.30442147751,116928068.98996985
4.598304226539686e-08,709808981848.4146,173082.28395009975,115322945.07536827
4.6301941488143696e-08,709808981848.4146,173082.26333675726,113739855.32155365
4.662305232433005e-08,709808981848.4146,173082.24258046562,112178497.25766733
4.694639011182356e-08,709808981848.4146,173082.22168023358,110638572.56497085
4.7271970294861855e-08,709808981848.4146,173082.20063506294,109119787.01985185
4.7599808424791054e-08,709808981848.4146,173082.1794439487,107621850.4376056
4.7929920160807756e-08,709808981848.4146,173082.1581058788,106144476.61699478
4.8262321270707824e-08,709808981848.4146,173082.1366198342,104687383.28556374
4.859702763163871e-08,709808981848.4146,173082.11498478876,103250292.04571024
4.893405523085866e-08,709808981848.4146,173082.09319970928,101832928.32149048
4.927342016649951e-08,709808981848.4146,173082.07126355535,100435021.30616152
4.9615138648336444e-08,709808981848.4146,173082.04917527936,99056303.91043659
4.995922699856143e-08,709808981848.4146,173082.02693382645,97696512.71145774
5.030570165256367e-08,709808981848.4146,173082.00453813444,96355387.9024623
5.0654579159713833e-08,709808981848.4146,173081.98198713374,95032673.24314663
5.100587618415531e-08,709808981848.4146,173081.95927974742,93728116.01070505
5.135960950559942e-08,709808981848.4146,173081.93641489104,92441466.95154704
5.171579602012756e-08,709808981848.4146,173081.9133914726,91172480.23367141
5.207445274099797e-08,709808981848.4146,173081.89020839267,89920913.39969821
5.2435596799458135e-08,709808981848.4146,173081.86686454405,88686527.32054494
5.2799245445563316e-08,709808981848.4146,173081.84335881192,87469086.14973687
5.3165416049000644e-08,709808981848.4146,173081.81969007372,86268357.2783452
5.353412609991863e-08,709808981848.4146,173081.79585719912,85084111.29054467
5.3905393209762344e-08,709808981848.4146,173081.7718590499,83916121.91978158
5.427923511211483e-08,709808981848.4146,173081.7476944801,82764166.00554185
5.465566966354438e-08,709808981848.4146,173081.72336233564,81628023.4507127
5.503471484445727e-08,709808981848.4146,173081.6988614545,80507477.17953102
5.541638875995629e-08,709808981848.4146,173081.6741906666,79402313.09610902
5.580070964070585e-08,709808981848.4146,173081.64934879384,78312320.04352762
5.6187695843802905e-08,709808981848.4146,173081.6243346498,77237289.76349173
5.657736585365365e-08,709808981848.4146,173081.59914703987,76177016.8565404
5.696973828285612e-08,709808981848.4146,173081.5737847613,75131298.74280342
5.736483187308948e-08,709808981848.4146,173081.5482466028,74099935.623295
5.7762665496009466e-08,709808981848.4146,173081.52253134482,73082730.44173917
5.8163258154149546e-08,709808981848.4146,173081.49663775924,72079488.84692015
5.856662898182833e-08,709808981848.4146,173081.4705646096,71090019.15554993
5.8972797246063785e-08,709808981848.4146,173081.44431065067,70114132.31564373
5.9381782347493737e-08,709808981848.4146,173081.41787462874,69151641.87039892
5.979360382130231e-08,709808981848.4146,173081.39125528128,68202363.9225706
6.020828133815279e-08,709808981848.4146,173081.3644513371,67266117.09933618
6.062583470512744e-08,709808981848.4146,173081.33746151623,66342722.517641254
6.104628386667381e-08,709808981848.4146,173081.31028452964,65432003.75002105
6.146964890555717e-08,709808981848.4146,173081.2829190796,64533786.790892534
6.189595004381936e-08,709808981848.4146,173081.25536385918,63647900.0233089
6.23252076437456e-08,709808981848.4146,173081.22761755253,62774174.18616827
6.275744220883605e-08,709808981848.4146,173081.19967883462,61912442.34187629
6.319267438478622e-08,709808981848.4146,173081.17154637122,61062539.844448455
6.363092496047206e-08,709808981848.4146,173081.14321881885,60224304.30805439
6.407221486894396e-08,709808981848.4146,173081.11469482476,59397575.57599008
6.451656518842563e-08,709808981848.4146,173081.0859730268,58582195.69007968
6.49639971433219e-08,709808981848.4146,173081.05705205337,57778008.860493794
6.541453210523149e-08,709808981848.4146,173081.0279305233,56984861.43598565
6.58681915939688e-08,709808981848.4146,173080.998607046,56202601.87453223
6.632499727859087e-08,709808981848.4146,173080.96908022105,55431080.71438203
6.678497097843336e-08,709808981848.4146,173080.93934863847,54670150.54549668
6.724813466415176e-08,709808981848.4146,173080.90941087846,53919665.981388174
6.771451045877183e-08,709808981848.4146,173080.87926551132,53179483.63133908
6.818412063874524e-08,709808981848.4146,173080.8489110975,52449462.073007755
6.865698763501476e-08,709808981848.4146,173080.81834618744,51729461.82540594
6.913313403408446e-08,709808981848.4146,173080.78756932155,51019345.322251014
6.961258257909978e-08,709808981848.4146,173080.75657903013,50318976.88568025
7.009535617093265e-08,709808981848.4146,173080.7253738333,49628222.70032974
7.058147786927652e-08,709808981848.4146,173080.69395224078,48946950.78776541
7.10709708937467e-08,709808981848.4146,173080.66231275216,48275030.98126858
7.156385862499033e-08,709808981848.4146,173080.63045385655,47612334.900964476
7.206016460580291e-08,709808981848.4146,173080.59837403256,46958735.92929425
7.255991254225236e-08,709808981848.4146,173080.56607174818,46314109.186823405
7.306312630481169e-08,709808981848.4146,173080.53354546102,45678331.508381665
7.356982992949955e-08,709808981848.4146,173080.5007936177,45051281.41953014
7.408004761902787e-08,709808981848.4146,173080.46781465434,44432839.113352686
7.459380374395775e-08,709808981848.4146,173080.43460699596,43822886.42756538
7.511112284386366e-08,709808981848.4146,173080.40116905686,43221306.82193993
7.563202962850605e-08,709808981848.4146,173080.3674992403,42627985.35603665
7.61565489790112e-08,709808981848.4146,173080.3335959384,42042808.66724404
7.668470594905935e-08,709808981848.4146,173080.2994575322,41465664.94911977
7.721652576608176e-08,709808981848.4146,173080.2650823915,40896443.9300282
7.7752033832466e-08,709808981848.4146,173080.2304688748,40335036.85207125
7.829125572676893e-08,709808981848.4146,173080.19561532923,39781336.45030918
7.883421720493821e-08,709808981848.4146,173080.1605200904,39235236.9322665
7.93809442015428e-08,709808981848.4146,173080.12518148244,38696633.95771869
7.993146283101208e-08,709808981848.4146,173080.08959781786,38165424.61875628
8.048579938888288e-08,709808981848.4146,173080.05376739748,37641507.420123294
8.104398035305513e-08,709808981848.4146,173080.0176885103,37124782.25982562
8.160603238505694e-08,709808981848.4146,173079.98135943347,36615150.410004884
8.21719823313184e-08,709808981848.4146,173079.94477843223,36112514.498074904
8.27418572244536e-08,709808981848.4146,173079.9079437597,35616778.48811772
8.331568428455145e-08,709808981848.4146,173079.87085365708,35127847.66253505
8.389349092047624e-08,709808981848.4146,173079.83350635314,34645628.603950806
8.447530473117713e-08,709808981848.4146,173079.79590006455,34170029.17736236
8.50611535070061e-08,709808981848.4146,173079.75803299554,33700958.51253721
8.565106523104481e-08,709808981848.4146,173079.71990333791,33238326.986651417
8.624506808044247e-08,709808981848.4146,173079.6815092709,32782046.207165066
8.684319042776027e-08,709808981848.4146,173079.64284896114,32332028.994934842
8.744546084232805e-08,709808981848.4146,173079.60392056257,31888189.367556207
8.805190809160747e-08,709808981848.4146,173079.5647222163,31450442.52293645
8.866256114256752e-08,709808981848.4146,173079.52525205066,31018704.823091052
8.92774491630667e-08,709808981848.4146,173079.48550818078,30592893.77816463
8.989660152324768e-08,709808981848.4146,173079.44548870897,30172928.03066915
9.052004779693867e-08,709808981848.4146,173079.40519172422,29758727.33994053
9.114781776306753e-08,709808981848.4146,173079.36461530233,29350212.56680664
9.177994140708265e-08,709808981848.4146,173079.32375750577,28947305.658467688
9.241644892238669e-08,709808981848.4146,173079.28261638357,28549929.633582287
9.305737071177731e-08,709808981848.4146,173079.24118997125,28158008.56756007
9.370273738890085e-08,709808981848.4146,173079.1994762906,27771467.578054406
9.435257977971301e-08,709808981848.4146,173079.15747334994,27390232.810656123
9.500692892395291e-08,709808981848.4146,173079.1151791435,27014231.424781635
9.566581607662404e-08,709808981848.4146,173079.07259165178,26643391.579756826
9.632927270948877e-08,709808981848.4146,173079.0297088413,26277642.421089977
9.699733051257006e-08,709808981848.4146,173078.98652866433,25916914.066934988
9.767002139566662e-08,709808981848.4146,173078.9430490591,25561137.594738726
9.834737748987561e-08,709808981848.4146,173078.89926794945,25210245.02807325
9.902943114912866e-08,709808981848.4146,173078.8551832449,24864169.323647365
9.971621495173675e-08,709808981848.4146,173078.81079284038,24522844.358497366
1.004077617019459e-07,709808981848.4146,173078.76609461635,24186204.91735366
1.0110410443150441e-07,709808981848.4146,173078.7210864385,23854186.680180278
1.0180527640124107e-07,709808981848.4146,173078.6757661577,23526726.20988551
1.0251131110265345e-07,709808981848.4146,173078.63013161003,23203760.94020165
1.0322224225950723e-07,709808981848.4146,173078.5841806165,22885229.163731057
1.0393810382944742e-07,709808981848.4146,173078.53791098297,22571070.02015592
1.0465893000562071e-07,709808981848.4146,173078.49132050012,22261223.484609995
1.0538475521830838e-07,709808981848.4146,173078.44440694342,21955630.356210206
1.0611561413657039e-07,709808981848.4146,173078.39716807276,21654232.246745702
1.0685154166990175e-07,709808981848.4146,173078.34960163262,21356971.56952192
1.0759257296990046e-07,709808981848.4146,173078.30170535177,21063791.528357618
1.0833874343194606e-07,709808981848.4146,173078.2534769433,20774636.106733482
1.0909008869688985e-07,709808981848.4146,173078.2049141044,20489450.057089575
1.0984664465275776e-07,709808981848.4146,173078.15601451625,20208178.890269354
1.1060844743646488e-07,709808981848.4146,173078.10677584412,19930768.865108725
1.1137553343554125e-07,709808981848.4146,173078.05719573697,19657166.978168175
1.1214793928986934e-07,709808981848.4146,173078.00727182746,19387320.95360597
1.1292570189343463e-07,709808981848.4146,173077.95700173188,19121179.233189993
1.1370885839608835e-07,709808981848.4146,173077.90638304997,18858690.96644672
1.1449744620532145e-07,709808981848.4146,173077.8554133649,18599806.00094572
1.1529150298805093e-07,709808981848.4146,173077.80409024295,18344474.87271753
1.1609106667241943e-07,709808981848.4146,173077.7524112337,18092648.796802755
1.1689617544960735e-07,709808981848.4146,173077.70037386962,17844279.657930914
1.1770686777565665e-07,709808981848.4146,173077.6479756661,17599320.001327537
1.1852318237330711e-07,709808981848.4146,173077.59521412133,17357723.02364744
1.1934515823384648e-07,709808981848.4146,173077.54208671622,17119442.564032204
1.2017283461897336e-07,709808981848.4146,173077.4885909141,16884433.09529037
1.2100625106267208e-07,709808981848.4146,173077.43472416076,16652649.715199023
1.218454473731005e-07,709808981848.4146,173077.38048388434,16424048.137924777
1.2269046363449193e-07,709808981848.4146,173077.32586749503,16198584.685562221
1.2354134020907039e-07,709808981848.4146,173077.2708723852,15976216.279788548
1.243981177389778e-07,709808981848.4146,173077.21549592915,15756900.433633054
1.2526083714821493e-07,709808981848.4146,173077.15973548283,15540595.243359495
1.2612953964459655e-07,709808981848.4146,173077.103588384,15327259.380459752
1.2700426672172025e-07,709808981848.4146,173077.0470519519,15116852.083757319
1.2788506016094787e-07,709808981848.4146,173076.99012348725,14909333.15161948
1.287719620334007e-07,709808981848.4146,173076.93280027196,14704662.93427637
1.2966501470196925e-07,709808981848.4146,173076.87507956926,14502802.326245317
1.3056426082333847e-07,709808981848.4146,173076.8169586233,14303712.758858774
1.3146974335002222e-07,709808981848.4146,173076.75843465907,14107356.192895992
1.323815055324167e-07,709808981848.4146,173076.69950488248,13913695.111314718
1.332995909208665e-07,709808981848.4146,173076.64016647995,13722692.512082992
1.342240433677444e-07,709808981848.4146,173076.58041661847,13534311.90110955
1.3515490702954528e-07,709808981848.4146,173076.52025244533,13348517.285271244
1.3609222636899585e-07,709808981848.4146,173076.45967108817,13165273.165535977
1.3703604615717905e-07,709808981848.4146,173076.39866965453,12984544.530180005
1.379864114756719e-07,709808981848.4146,173076.3372452321,12806296.848098634
1.3894336771869828e-07,709808981848.4146,173076.27539488825,12630496.06220866
1.3990696059529772e-07,709808981848.4146,173076.21311567008,12457108.58294123
1.4087723613150934e-07,709808981848.4146,173076.1504046042,12286101.281823987
1.4185424067256964e-07,709808981848.4146,173076.0872586967,12117441.48515155
1.4283802088512565e-07,709808981848.4146,173076.02367493277,11951096.967742862
1.4382862375946456e-07,709808981848.4146,173075.9596502768,11787035.94678403
1.448260966117587e-07,709808981848.4146,173075.89518167215,11625227.075755717
1.4583048708632507e-07,709808981848.4146,173075.83026604095,11465639.438444061
1.4684184315790057e-07,709808981848.4146,173075.764900284,11308242.5430338
1.4786021313393392e-07,709808981848.4146,173075.69908128065,11153006.31628233
1.4888564565689386e-07,709808981848.4146,173075.63280588866,10999901.0977737
1.499181897065918e-07,709808981848.4146,173075.56607094387,10848897.634251699
1.5095789460252083e-07,709808981848.4146,173075.49887326037,10699967.074030718
1.5200481000621205e-07,709808981848.4146,173075.43120963004,10553080.961483145
1.5305898592360723e-07,709808981848.4146,173075.36307682257,10408211.231602466
1.5412047270744687e-07,709808981848.4146,173075.29447158528,10265330.204641147
1.5518932105967442e-07,709808981848.4146,173075.2253906429,10124410.58082214
1.5626558203385895e-07,709808981848.4146,173075.15583069753,9985425.4351228
1.573493070376342e-07,709808981848.4146,173075.08578842838,9848348.212130425
1.5844054783515348e-07,709808981848.4146,173075.01526049158,9713152.72096856
1.5953935654956157e-07,709808981848.4146,173074.9442435202,9579813.13029297
1.6064578566548494e-07,709808981848.4146,173074.87273412393,9448303.963356128
1.6175988803153944e-07,709808981848.4146,173074.80072888892,9318600.093139457
1.628817168628539e-07,709808981848.4146,173074.72822437776,9190676.73755256
1.6401132574361127e-07,709808981848.4146,173074.6552171291,9064509.45469835
1.6514876862960883e-07,709808981848.4146,173074.5817036577,8940074.138203003
1.662940998508359e-07,709808981848.4146,173074.50768045412,8817347.012610048
1.6744737411406843e-07,709808981848.4146,173074.43314398458,8696304.628837815
1.6860864650548127e-07,709808981848.4146,173074.3580906909,8576923.859699253
1.6977797249328004e-07,709808981848.4146,173074.28251699015,8459181.895483086
1.7095540793035132e-07,709808981848.4146,173074.20641927456,8343056.239595639
1.7214100905692973e-07,709808981848.4146,173074.12979391144,8228524.704262635
1.733348325032836e-07,709808981848.4146,173074.05263724292,8115565.406289994
1.745369352924205e-07,709808981848.4146,173073.9749455857,8004156.7628826685
1.757473748428118e-07,709808981848.4146,173073.89671523104,7894277.487520906
1.7696620897113446e-07,709808981848.4146,173073.81794244444,7785906.585893236
1.7819349589503198e-07,709808981848.4146,173073.73862346556,7679023.351885277
1.7942929423589586e-07,709808981848.4146,173073.65875450795,7573607.3636234915
1.8067366302166632e-07,709808981848.4146,173073.57833175902,7469638.479573261
1.8192666168965115e-07,709808981848.4146,173073.49735137966,7367096.834690615
1.8318835008936363e-07,709808981848.4146,173073.41580950422,7265962.836626847
1.844587884853833e-07,709808981848.4146,173073.33370224023,7166217.161984946
1.857380375602336e-07,709808981848.4146,173073.2510256682,7067840.752627689
1.8702615841727952e-07,709808981848.4146,173073.16777584163,6970814.812036381
1.8832321258364687e-07,709808981848.4146,173073.08394878652,6875120.80171947
1.8962926201316205e-07,709808981848.4146,173072.99954050145,6780740.437670454
1.9094436908931042e-07,709808981848.4146,173072.91454695718,6687655.686874532
1.9226859662821533e-07,709808981848.4146,173072.82896409655,6595848.763863196
1.9360200788163918e-07,709808981848.4146,173072.74278783437,6505302.12731604
1.9494466654000556e-07,709808981848.4146,173072.65601405714,6415998.47670918
1.9629663673544065e-07,709808981848.4146,173072.56863862273,6327920.749009804
1.976579830448356e-07,709808981848.4146,173072.48065736046,6241052.115416114
1.9902877049293187e-07,709808981848.4146,173072.3920660706,6155375.978141886
2.00409064555428e-07,709808981848.4146,173072.30286052448,6070875.967245192
2.0179893116210618e-07,709808981848.4146,173072.21303646403,5987535.937500752
2.0319843669998063e-07,709808981848.4146,173072.1225896017,5905339.965315203
2.0460764801646936e-07,709808981848.4146,173072.03151562024,5824272.345684643
2.0602663242258798e-07,709808981848.4146,173071.93981017248,5744317.58919392
2.0745545769616393e-07,709808981848.4146,173071.8474688811,5665460.419057216
2.0889419208507324e-07,709808981848.4146,173071.75448733856,5587685.768199246
2.103429043105009e-07,709808981848.4146,173071.66086110662,5510978.776376454
2.1180166357022454e-07,709808981848.4146,173071.56658571635,5435324.787337699
2.1327053954191855e-07,709808981848.4146,173071.471656668,5360709.346024029
2.147496023864815e-07,709808981848.4146,173071.37606943038,5287118.195806887
2.1623892275138817e-07,709808981848.4146,173071.27981944114,5214537.275764136
2.1773857177406502e-07,709808981848.4146,173071.1829021062,5142952.717993487
2.1924862108528704e-07,709808981848.4146,173071.08531279967,5072350.844962886
2.2076914281259843e-07,709808981848.4146,173070.9870468636,5002718.166897275
2.2230020958375858e-07,709808981848.4146,173070.8880996078,4934041.37920114
2.238418945302121e-07,709808981848.4146,173070.7884663096,4866307.359916449
2.25394271290581e-07,709808981848.4146,173070.68814221356,4799503.167215547
2.2695741401418122e-07,709808981848.4146,173070.58712253126,4733616.036928492
2.2853139736456508e-07,709808981848.4146,173070.48540244123,4668633.3801042475
2.3011629652308875e-07,709808981848.4146,173070.38297708856,4604542.780605332
2.3171218719250226e-07,709808981848.4146,173070.27984158456,4541331.9927355945
2.3331914560056443e-07,709808981848.4146,173070.17599100684,4478988.938900544
2.34937248503685e-07,709808981848.4146,173070.07142039883,4417501.70729971
2.3656657319059164e-07,709808981848.4146,173069.96612476965,4356858.549650697
2.3820719748602095e-07,709808981848.4146,173069.8600990939,4297047.878944543
2.3985919975443455e-07,709808981848.4146,173069.7533383112,4238058.267231901
2.4152265890376326e-07,709808981848.4146,173069.64583732627,4179878.443439529
2.431976543891772e-07,709808981848.4146,173069.53759100844,4122497.291216756
2.448842662168797e-07,709808981848.4146,173069.4285941916,4065903.8468115996
2.4658257494792807e-07,709808981848.4146,173069.31884167372,4010087.2969759987
2.4829266170208266e-07,709808981848.4146,173069.2083282168,3955036.9768997678
2.500146081616821e-07,709808981848.4146,173069.09704854657,3900742.368172907
2.517484965755445e-07,709808981848.4146,173068.9849973522,3847193.096775937
2.534944097628939e-07,709808981848.4146,173068.8721692861,3794378.9310978497
2.5525243111731966e-07,709808981848.4146,173068.75855896357,3742289.7799811163
2.570226446107581e-07,709808981848.4146,173068.64416096266,3690915.6907936777
2.588051347975021e-07,709808981848.4146,173068.52896982382,3640246.847527391
2.6059998681824144e-07,709808981848.4146,173068.4129800498,3590273.5689225
2.6240728640413e-07,709808981848.4146,173068.29618610506,3540986.306617875
2.642271198808801e-07,709808981848.4146,173068.17858241595,3492375.6433266858
2.6605957417288454e-07,709808981848.4146,173068.06016337,3444432.2910371316
2.6790473680736966e-07,709808981848.4146,173067.94092331603,3397147.0892378017
2.697626959185773e-07,709808981848.4146,173067.82085656363,3350511.0031674006
2.716335402519733e-07,709808981848.4146,173067.69995738295,3304515.122088561
2.735173591684853e-07,709808981848.4146,173067.57822000454,3259150.657585345
2.754142426487723e-07,709808981848.4146,173067.4556386189,3214408.9418840716
2.773242812975237e-07,709808981848.4146,173067.33220737634,3170281.4261971773
2.792475663477857e-07,709808981848.4146,173067.20792038666,3126759.6790898857
2.811841896653183e-07,709808981848.4146,173067.08277171876,3083835.384869282
2.8313424375298403e-07,709808981848.4146,173066.95675540066,3041500.3419954604
2.8509782175516763e-07,709808981848.4146,173066.82986541884,2999746.461514472
2.870750174622241e-07,709808981848.4146,173066.70209571812,2958565.765512841
2.8906592531495726e-07,709808981848.4146,173066.57344020152,2917950.385593301
2.910706404091318e-07,709808981848.4146,173066.44389272976,2877892.561371395
2.93089258500017e-07,709808981848.4146,173066.31344712098,2838384.638992717
2.95121876006959e-07,709808981848.4146,173066.18209715057,2799419.0696705645
2.9716859001798545e-07,709808981848.4146,173066.0498365508,2760988.40824365
2.992294982944436e-07,709808981848.4146,173065.91665901057,2723085.3117535813
3.0130469927567146e-07,709808981848.4146,173065.78255817495,2685702.5380418515
3.033942920836986e-07,709808981848.4146,173065.64752764514,2648832.9443661515
3.0549837652797916e-07,709808981848.4146,173065.5115609779,2612469.4860356646
3.0761705311016077e-07,709808981848.4146,173065.37465168544,2576605.215065054
3.097504230288861e-07,709808981848.4146,173065.23679323506,2541233.27884693
3.1189858818462544e-07,709808981848.4146,173065.0979790487,2506346.918842581
3.140616511845427e-07,709808981848.4146,173064.95820250286,2471939.4692906807
3.1623971534739776e-07,709808981848.4146,173064.81745692817,2438004.3559336727
3.1843288470848256e-07,709808981848.4146,173064.67573560897,2404535.0947616454
3.2064126402458934e-07,709808981848.4146,173064.53303178318,2371525.290773489
3.2286495877901303e-07,709808981848.4146,173064.3893386419,2338968.6367550557
3.2510407518659064e-07,709808981848.4146,173064.24464932896,2306858.9120740565
3.2735872019877635e-07,709808981848.4146,173064.0989569409,2275189.9814914996
3.2962900150874847e-07,709808981848.4146,173063.95225452623,2243955.7939894805
3.319150275565522e-07,709808981848.4146,173063.80453508554,2213150.38161507
3.3421690753428037e-07,709808981848.4146,173063.6557915708,2182767.8583400296
3.365347513912908e-07,709808981848.4146,173063.5060168852,2152802.418936175
3.388686698394563e-07,709808981848.4146,173063.35520388288,2123248.337866233
3.412187743584515e-07,709808981848.4146,173063.20334536835,2094099.968189902
3.435851772010792e-07,709808981848.4146,173063.05043409645,2065351.740484907
3.459679913986335e-07,709808981848.4146,173062.8964627717,2036998.16178286
3.4836733076629715e-07,709808981848.4146,173062.7414240482,2009033.8145197716
3.507833099085768e-07,709808981848.4146,173062.58531052916,1981453.3555009544
3.532160442247783e-07,709808981848.4146,173062.42811476658,1954251.5148801159
3.556656499145202e-07,709808981848.4146,173062.26982926088,1927423.0951524584
3.5813224398328283e-07,709808981848.4146,173062.11044646055,1900962.9701616336
3.6061594424799453e-07,709808981848.4146,173061.94995876178,1874866.084120344
3.6311686934266375e-07,709808981848.4146,173061.7883585081,1849127.4506443068
3.656351387240435e-07,709808981848.4146,173061.62563799013,1823742.151799559
3.6817087267733554e-07,709808981848.4146,173061.461789445,1798705.337162825
3.707241923219373e-07,709808981848.4146,173061.2968050561,1774012.2228947617
3.7329521961722884e-07,709808981848.4146,173061.13067695274,1749658.0908259123
3.758840773683965e-07,709808981848.4146,173060.96339720977,1725638.2875552524
3.784908892322974e-07,709808981848.4146,173060.79495784704,1701948.2235610979
3.8111577972336725e-07,709808981848.4146,173060.62535082933,1678583.3723241962
3.8375887421956934e-07,709808981848.4146,173060.45456806562,1655539.269462853
3.864202989683819e-07,709808981848.4146,173060.28260140895,1632811.5118799582
3.891001810928265e-07,709808981848.4146,173060.10944265602,1610395.756921726
3.917986485975417e-07,709808981848.4146,173059.9350835466,1588287.7215479456
3.945158303748988e-07,709808981848.4146,173059.75951576338,1566483.1815136364
3.97251856211157e-07,709808981848.4146,173059.58273093143,1544977.97056195
4.0000685679266066e-07,709808981848.4146,173059.40472061787,1523767.979628161
4.027809637120834e-07,709808981848.4146,173059.22547633137,1502849.1560545522
4.0557430947471523e-07,709808981848.4146,173059.0449895219,1482217.5028160848
4.0838702750479e-07,709808981848.4146,173058.86325158022,1461869.0777567145
4.1121925215185674e-07,709808981848.4146,173058.68025383746,1441799.9928362004
4.140711186971985e-07,709808981848.4146,173058.4959875648,1422006.41338722
4.1694276336029594e-07,709808981848.4146,173058.3104439729,1402484.5573826854
4.1983432330533185e-07,709808981848.4146,173058.12361421165,1383230.6947131464
4.2274593664774147e-07,709808981848.4146,173057.9354893697,1364241.1464741048
4.256777424608109e-07,709808981848.4146,173057.74606047393,1345512.284263091
4.2862988078232194e-07,709808981848.4146,173057.5553184892,1327040.5294863952
4.3160249262123923e-07,709808981848.4146,173057.36325431775,1308822.3526753301
4.345957199644436e-07,709808981848.4146,173057.16985879894,1290854.2728118864
4.3760970578351617e-07,709808981848.4146,173056.9751227086,1273132.8566636164
4.406445940415689e-07,709808981848.4146,173056.77903675885,1255654.718127655
4.4370052970011915e-07,709808981848.4146,173056.5815915974,1238416.5175837625
4.467776587260124e-07,709808981848.4146,173056.38277780733,1221414.961256249
4.4987612809839557e-07,709808981848.4146,173056.18258590644,1204646.8005846387
4.529960858157398e-07,709808981848.4146,173055.98100634705,1188108.8316029704
4.561376809029076e-07,709808981848.4146,173055.7780295152,1171797.8943276424
4.59301063418269e-07,709808981848.4146,173055.5736457306,1155710.8721536596
4.6248638446087123e-07,709808981848.4146,173055.36784524578,1139844.6912591448
4.6569379617765774e-07,709808981848.4146,173055.16061824592,1124196.320018031
4.689234517707335e-07,709808981848.4146,173054.9519548483,1108762.7684208318
4.72175505504681e-07,709808981848.4146,173054.7418451017,1093541.0875033608
4.7545011271393053e-07,709808981848.4146,173054.53027898606,1078528.3687832789
4.787474298101815e-07,709808981848.4146,173054.3172464121,1063721.7437043749
4.820676142898717e-07,709808981848.4146,173054.10273722053,1049118.3830884902
4.854108247416984e-07,709808981848.4146,173053.88674118186,1034715.4965949703
4.887772208541947e-07,709808981848.4146,173053.66924799583,1020510.3321875187
4.921669634233593e-07,709808981848.4146,173053.4502472909,1006500.1756083677
4.955802143603354e-07,709808981848.4146,173053.22972862364,992682.3498596846
4.990171366991408e-07,709808981848.4146,173053.0076814785,979054.2146921044
5.024778946044614e-07,709808981848.4146,173052.7840952671,965613.1661002414
5.059626533794894e-07,709808981848.4146,173052.55895932778,952356.6358251678
5.094715794738176e-07,709808981848.4146,173052.3322629252,939282.0908637134
5.130048404913909e-07,709808981848.4146,173052.10399524958,926387.0329844882
5.165626051985149e-07,709808981848.4146,173051.87414541648,913668.998250547
5.201450435319145e-07,709808981848.4146,173051.6427024661,901125.5565486257
5.237523266068485e-07,709808981848.4146,173051.40965536278,888754.3111248356
5.273846267252861e-07,709808981848.4146,173051.17499299455,876552.8981267166
5.310421173841379e-07,709808981848.4146,173050.93870417253,864518.9861515808
5.347249732835413e-07,709808981848.4146,173050.7007776305,852650.2758010678
5.384333703352033e-07,709808981848.4146,173050.46120202413,840944.4992418134
5.421674856708042e-07,709808981848.4146,173050.21996593082,829399.4197721389
5.459274976504614e-07,709808981848.4146,173049.97705784877,818012.8313946851
5.49713585871246e-07,709808981848.4146,173049.73246619667,806782.5583949289
5.53525931175759e-07,709808981848.4146,173049.4861793131,795706.4549254853
5.573647156607724e-07,709808981848.4146,173049.23818545594,784782.4045960997
5.612301226859276e-07,709808981848.4146,173048.98847280192,774008.3200692752
5.651223368824933e-07,709808981848.4146,173048.73702944585,763382.1426614547
5.690415441621803e-07,709808981848.4146,173048.48384340026,752901.8419496875
5.729879317260254e-07,709808981848.4146,173048.22890259474,742565.4153836737
5.769616880733343e-07,709808981848.4146,173047.97219487542,732370.8879031409
5.809630030106834e-07,709808981848.4146,173047.71370800433,722316.3115604825
5.849920676609837e-07,709808981848.4146,173047.4534296588,712399.7651485761
5.890490744726118e-07,709808981848.4146,173047.191347431,702619.3538337002
5.931342172286047e-07,709808981848.4146,173046.92744882728,692973.2087934897
5.972476910559138e-07,709808981848.4146,173046.66172126748,683459.4868598718
6.01389692434722e-07,709808981848.4146,173046.3941520845,674076.370166906
6.055604192078319e-07,709808981848.4146,173046.1247285236,664822.0658034435
6.097600705901174e-07,709808981848.4146,173045.85343774196,655694.8054705578
6.139888471780374e-07,709808981848.4146,173045.58026680764,646692.8451436865
6.182469509592142e-07,709808981848.4146,173045.30520269953,637814.4647394143
6.225345853220847e-07,709808981848.4146,173045.02823230642,629057.9677868151
6.268519550656167e-07,709808981848.4146,173044.74934242628,620421.6811033086
6.311992664090897e-07,709808981848.4146,173044.46851976588,611903.9544749771
6.355767270019418e-07,709808981848.4146,173044.18575094015,603503.1603412697
6.399845459336909e-07,709808981848.4146,173043.90102247123,595217.693484023
6.444229337439243e-07,709808981848.4146,173043.6143207883,587045.9707207553
6.488921024323523e-07,709808981848.4146,173043.32563222654,578986.4306021766
6.533922654689323e-07,709808981848.4146,173043.03494302664,571037.533113852
6.579236378040676e-07,709808981848.4146,173042.7422393342,563197.7593819529
6.624864358788769e-07,709808981848.4146,173042.4475071991,555465.6113830452
6.670808776355301e-07,709808981848.4146,173042.15073257458,547839.6116578709
6.717071825276563e-07,709808981848.4146,173041.8519013168,540318.3030290602
6.763655715308273e-07,709808981848.4146,173041.55099918423,532900.2483227084
6.810562671531164e-07,709808981848.4146,173041.2480118368,525584.0300937754
6.857794934457237e-07,709808981848.4146,173040.94292483528,518368.2503552622
6.905354760136742e-07,709808981848.4146,173040.63572364062,511251.53031110764
6.953244420265963e-07,709808981848.4146,173040.3263936133,504232.51009274315
7.001466202295818e-07,709808981848.4146,173040.01492001247,497309.8484992514
7.050022409540953e-07,709808981848.4146,173039.7012879955,490482.2227411335
7.098915361289853e-07,709808981848.4146,173039.3854826171,483748.32818755193
7.148147392915647e-07,709808981848.4146,173039.0674888286,477106.87811705616
7.19772085598762e-07,709808981848.4146,173038.74729147737,470556.6034717384
7.24763811838351e-07,709808981848.4146,173038.42487530605,464096.2526147606
7.297901564402641e-07,709808981848.4146,173038.10022495175,457724.59109120356
7.348513594879832e-07,709808981848.4146,173037.7733249454,451440.4013922007
7.399476627300051e-07,709808981848.4146,173037.444159711,445242.4827223152
7.450793095913853e-07,709808981848.4146,173037.11271356494,439129.65077011
7.50246545185368e-07,709808981848.4146,173036.77897071512,433100.7374818624
7.554496163250974e-07,709808981848.4146,173036.44291526036,427154.59083838254
7.606887715354032e-07,709808981848.4146,173036.10453118948,421290.0746349042
7.65964261064669e-07,709808981848.4146,173035.76380238074,415506.0682639959
7.712763368967876e-07,709808981848.4146,173035.42071260096,409801.4665014471
7.76625252763201e-07,709808981848.4146,173035.0752455047,404175.1792950908
7.820112641550162e-07,709808981848.4146,173034.7273846336,398626.1315565342
7.87434628335206e-07,709808981848.4146,173034.37711341557,393153.26295574807
7.928956043508998e-07,709808981848.4146,173034.02441516393,387755.5277184671
7.983944530457607e-07,709808981848.4146,173033.6692730768,382431.8944263749
8.039314370724412e-07,709808981848.4146,173033.31167023611,377181.3458200352
8.095068209051259e-07,709808981848.4146,173032.9515896069,372002.87860453007
8.151208708521666e-07,709808981848.4146,173032.58901403646,366895.5032577595
8.207738550688072e-07,709808981848.4146,173032.22392625368,361858.2438413724
8.264660435699872e-07,709808981848.4146,173031.8563088679,356890.13781429926
8.321977082432368e-07,709808981848.4146,173031.4861443685,351990.2358488449
8.379691228616667e-07,709808981848.4146,173031.1134151238,347157.6016492986
8.437805630970477e-07,709808981848.4146,173030.73810338028,342391.3117730359
8.496323065329758e-07,709808981848.4146,173030.36019126172,337690.45545408066
8.555246326781264e-07,709808981848.4146,173029.97966076853,333054.1344290902
8.614578229796096e-07,709808981848.4146,173029.59649377668,328481.4627657225
8.674321608364162e-07,709808981848.4146,173029.2106720369,323971.56669336004
8.73447931612951e-07,709808981848.4146,173028.82217717392,319523.5844361635
8.7950542265266e-07,709808981848.4146,173028.43099068548,315136.66604841576
8.856049232917584e-07,709808981848.4146,173028.03709394156,310809.9732521222
8.917467248730547e-07,709808981848.4146,173027.64046818338,306542.679276839
8.97931120759863e-07,709808981848.4146,173027.24109452264,302333.96870170714
9.04158406350012e-07,709808981848.4146,173026.83895394055,298183.0372996532
9.104288790899579e-07,709808981848.4146,173026.434027287,294089.09188372456
9.16742838488996e-07,709808981848.4146,173026.02629527947,290051.3501555338
9.231005861335634e-07,709808981848.4146,173025.61573850247,286069.04055578925
9.295024257016397e-07,709808981848.4146,173025.20233740623,282141.40211687586
9.359486629772566e-07,709808981848.4146,173024.78607230607,278267.68431745644
9.424396058651069e-07,709808981848.4146,173024.3669233813,274447.1469390682
9.489755644052485e-07,709808981848.4146,173023.9448706745,270679.0599246924
9.555568507879094e-07,709808981848.4146,173023.51989409016,266962.7032392655
9.621837793684026e-07,709808981848.4146,173023.09197339424,263297.36673210096
9.688566666821462e-07,709808981848.4146,173022.66108821286,259682.35000119926
9.755758314597785e-07,709808981848.4146,173022.22721803145,256116.96225942532
9.823415946423756e-07,709808981848.4146,173021.7903421939,252600.52220252386
9.89154279396794e-07,709808981848.4146,173021.35043990135,249132.35787893654
9.960142111311002e-07,709808981848.4146,173020.90749021142,245711.80656141636
1.0029217175101102e-06,705686414269.2853,173020.46147203704,243753.9364574356
1.0098771284710434e-06,696007965184.0159,173020.0123641457,243750.24225629374
1.0168807762392878e-06,686462315099.4718,173019.5601451581,243746.5225565298
1.0239329953442628e-06,677047641454.4075,173019.10479354754,243742.77718318577
1.0310341226353957e-06,667762146703.6345,173018.6462876386,243739.0059601163
1.0381844972982139e-06,658604057974.6328,173018.1846056063,243735.20870998153
1.0453844608705514e-06,649571626728.8738,173017.71972547498,243731.38525423888
1.0526343572588578e-06,640663128427.8054,173017.2516251172,243727.53541313473
1.0599345327546203e-06,631876862203.4215,173016.78028225293,243723.65900569686
1.0672853360509093e-06,623211150533.34,173016.30567444826,243719.7558497263
1.0746871182590378e-06,614664338920.3445,173015.82777911445,243715.82576178914
1.0821402329253274e-06,606234795576.3357,173015.3465735069,243711.86855720842
1.0896450360479918e-06,597920911110.6173,173014.86203472398,243707.88405005579
1.0972018860941455e-06,589721098222.4535,173014.374139706,243703.87205314325
1.1048111440169296e-06,581633791397.847,173013.88286523425,243699.832378015
1.1124731732727488e-06,573657446610.4884,173013.38818792967,243695.764834939
1.1201883398386277e-06,565790541026.8092,173012.89008425185,243691.6692328982
1.1279570122296956e-06,558031572715.0764,173012.38853049808,243687.5453795828
1.1357795615167937e-06,550379060358.479,173011.88350280194,243683.39308138093
1.1436563613441947e-06,542831542972.1626,173011.37497713242,243679.2121433704
1.1515877879474446e-06,535387579624.1483,173010.86292929272,243675.00236931027
1.1595742201713395e-06,528045749160.0726,173010.347334919,243670.7635616317
1.167616039488024e-06,520804649931.7071,173009.82816947944,243666.4955214297
1.17571363001521e-06,513662899529.21265,173009.3054082729,243662.19804845375
1.183867378534517e-06,506619134517.0695,173008.77902642786,243657.8709410996
1.192077674509953e-06,499672010173.6227,173008.24899890125,243653.51399639974
1.2003449101065206e-06,492820200234.20404,173007.71530047717,243649.1270100148
1.208669480208946e-06,486062396637.78723,173007.17790576586,243644.70977622454
1.2170517824405344e-06,479397309277.1221,173006.63678920243,243640.26208791853
1.225492217182167e-06,472823665752.2887,173006.0919250456,243635.7837365872
1.2339911875914317e-06,466340211127.63574,173005.54328737652,243631.27451231252
1.2425490996218735e-06,459945707692.06415,173004.99085009773,243626.73420375897
1.2511663620423806e-06,453638934722.59845,173004.43458693166,243622.16259816394
1.2598433864567143e-06,447418688251.1981,173003.87447141955,243617.5594813286
1.2685805873231736e-06,441283780834.7698,173003.31047692016,243612.92463760843
1.2773783819743882e-06,435233041328.34265,173002.7425766086,243608.25784990354
1.2862371906372458e-06,429265314661.3589,173002.1707434749,243603.55889964942
1.2951574364529698e-06,423379461617.02655,173001.594950323,243598.82756680716
1.3041395454973366e-06,417574358614.7015,173001.01516976915,243594.06362985392
1.3131839468010204e-06,411848897495.2646,173000.43137424087,243589.2668657731
1.3222910723700827e-06,406201985309.44324,172999.84353597567,243584.43705004468
1.3314613572066104e-06,400632544109.0334,172999.25162701952,243579.5739566351
1.3406952393294995e-06,395139510740.9864,172998.65561922576,243574.67735798785
1.349993159795373e-06,389721836644.329,172998.0554842537,243569.7470250132
1.3593555627196411e-06,384378487649.87213,172997.45119356725,243564.78272707804
1.368782895297717e-06,379108443782.6628,172996.84271843362,243559.78423199622
1.378275607826398e-06,373910699067.13873,172996.230029922,243554.7513060181
1.3878341537253397e-06,368784261334.9877,172995.6130989022,243549.6837138204
1.3974589895587321e-06,363728152035.6149,172994.99189604318,243544.58121849614
1.4071505750571123e-06,358741406049.2202,172994.36639181178,243539.44358154398
1.4169093731393168e-06,353823071502.4473,172993.73655647144,243534.27056285803
1.4267358499345865e-06,348972209586.56226,172993.1023600805,243529.06192071748
1.4366304748048386e-06,344187894378.1219,172992.463772491,243523.81741177593
1.4465937203670902e-06,339469212662.1052,172991.82076334732,243518.53679105086
1.4566260625160278e-06,334815263757.4771,172991.17330208467,243513.2198119131
1.466727980446732e-06,330225159345.14667,172990.52135792768,243507.86622607594
1.4768999566775728e-06,325698023298.28156,172989.8648998888,243502.47578358438
1.4871424770732622e-06,321232991514.9525,172989.2038967672,243497.0482328046
1.4974560308680563e-06,316829211753.07916,172988.53831714694,243491.58332041252
1.5078411106891177e-06,312485843467.64215,172987.8681293958,243486.0807913835
1.518298212580051e-06,308202057650.1247,172987.19330166353,243480.54038898062
1.5288278360246028e-06,303977036670.1579,172986.5138018806,243474.96185474403
1.5394304839705142e-06,299809974119.34467,172985.8295977566,243469.34492848013
1.5501066628535373e-06,295700074657.22797,172985.14065677856,243463.6893482491
1.5608568826216305e-06,291646553859.3681,172984.44694620982,243457.99485035494
1.571681656759324e-06,287648638067.50476,172983.7484330881,243452.26116933348
1.5825815023122396e-06,283705564241.7823,172983.04508422414,243446.48803794076
1.59355693991178e-06,279816579815.0021,172982.33686620023,243440.67518714225
1.6046084938000045e-06,275980942548.8711,172981.6237453685,243434.8223461004
1.6157366918546754e-06,272197920392.22388,172980.90568784936,243428.92924216384
1.6269420656144655e-06,268466791341.19574,172980.18265953008,243422.99560085515
1.6382251503043409e-06,264786843301.31454,172979.45462606288,243417.02114585877
1.6495864848611313e-06,261157373951.4807,172978.7215528637,243411.0055990104
1.6610266119592815e-06,257577690609.81583,172977.98340511028,243404.94868028376
1.6725460780367627e-06,254047110101.35608,172977.2401477407,243398.85010777903
1.6841454333211685e-06,250564958627.5611,172976.49174545176,243392.70959771163
1.6958252318560027e-06,247130571637.61166,172975.73816269715,243386.52686439836
1.707586031527149e-06,243743293701.47238,172974.979363686,243380.30162024702
1.7194283940895135e-06,240402478384.7017,172974.21531238107,243374.03357574288
1.7313528851938485e-06,237107488124.9799,172973.44597249714,243367.72243943717
1.7433600744137783e-06,233857694110.3289,172972.6713074993,243361.367917934
1.7554505352730116e-06,230652476159.00256,172971.8912806012,243354.96971587816
1.7676248452727296e-06,227491222601.03012,172971.1058547634,243348.52753594267
1.7798835859191626e-06,224373330161.3856,172970.3149926916,243342.04107881614
1.792227342751373e-06,221298203844.7571,172969.51865683502,243335.51004319
1.8046567053692302e-06,218265256821.898,172968.71680938432,243328.9341257455
1.8171722674615667e-06,215273910317.54184,172967.9094122703,243322.313021141
1.8297746268345279e-06,212323593499.8547,172967.09642716174,243315.6464219997
1.8424643854401334e-06,209413743371.4036,172966.27781546378,243308.93401889526
1.8552421494050367e-06,206543804661.61926,172965.45353831621,243302.17550034024
1.8681085290594696e-06,203713229720.7405,172964.62355659137,243295.3705527715
1.8810641389663875e-06,200921478415.21222,172963.78783089266,243288.51886053843
1.8941095979508307e-06,198168018024.51822,172962.94632155247,243281.6201058882
1.9072455291294904e-06,195452323139.42798,172962.09898863052,243274.67396895398
1.9204725599404655e-06,192773875561.6452,172961.24579191176,243267.68012773962
1.9337913221732188e-06,190132164204.8334,172960.38669090476,243260.63825810797
1.9472024519987783e-06,187526684996.99377,172959.5216448396,243253.5480337657
1.960706590000113e-06,184956940784.1894,172958.65061266613,243246.4091262507
1.974304381202723e-06,182422441235.5906,172957.77355305204,243239.22120491814
1.9879964751054534e-06,179922702749.82108,172956.89042438086,243231.9839369259
2.00178352571153e-06,177457248362.5886,172956.00118475003,243224.69698722154
2.015666191559788e-06,175025607655.58743,172955.10579196902,243217.36001852778
2.0296451357561183e-06,172627316666.651,172954.2042035574,243209.97269132853
2.0437210260051507e-06,170261917801.13422,172953.2963767427,243202.53466385507
2.057894534642152e-06,167928959744.51398,172952.3822684586,243195.04559207114
2.0721663386651363e-06,165627997376.18997,172951.46183534287,243187.5051296592
2.0865371197671894e-06,163358591684.47055,172950.5350337352,243179.91292800583
2.1010075643690398e-06,161120309682.72177,172949.60181967556,243172.26863618733
2.115578363651855e-06,158912724326.6676,172948.66214890164,243164.57190095464
2.1302502135902463e-06,156735414432.82822,172947.71597684725,243156.82236671986
2.145023814985503e-06,154587964598.07794,172946.76325864,243149.01967554024
2.1598998734990753e-06,152469965120.3042,172945.80394909935,243141.1634671041
2.1748790996862905e-06,150381011920.15585,172944.8380027343,243133.25337871595
2.1899622090302804e-06,148320706463.8689,172943.86537374166,243125.2890452811
2.2051499219761513e-06,146288655687.15002,172942.88601600347,243117.27009929094
2.2204429639654025e-06,144284471920.10382,172941.8998830852,243109.1961708079
2.2358420654705872e-06,142307772813.18976,172940.90692823348,243101.06688744994
2.2513479620301934e-06,140358181264.19852,172939.90710437394,243092.88187437534
2.2669613942837696e-06,138435325346.22983,172938.90036410902,243084.6407542673
2.2826831080073085e-06,136538838236.65732,172937.88665971573,243076.34314731875
2.2985138541488798e-06,134668358147.06824,172936.86594314358,243067.98867121627
2.3144543888644896e-06,132823528254.16684,172935.83816601222,243059.5769411249
2.3305054735541885e-06,131003996631.62666,172934.8032796092,243051.1075696721
2.3466678748984496e-06,129209416182.87563,172933.76123488788,243042.58016693254
2.3629423648947978e-06,127439444574.80408,172932.71198246488,243033.9943404111
2.379329720894676e-06,125693744172.38474,172931.65547261815,243025.34969502813
2.395830725640566e-06,123971981974.18996,172930.5916552843,243016.64583310243
2.4124461673033825e-06,122273829548.79263,172929.52048005658,243007.88235433566
2.4291768395201345e-06,120598962972.03905,172928.4418961823,242999.0588557958
2.44602354143182e-06,118947062765.18591,172927.35585256078,242990.1749319009
2.46298707772159e-06,117317813833.88567,172926.2622977407,242981.2301744029
2.4800682586531903e-06,115710905408.00795,172925.16117991792,242972.22417237077
2.4972679001096787e-06,114126030982.28644,172924.05244693294,242963.15651217403
2.514586823632381e-06,112562888257.7832,172922.93604626862,242954.02677746615
2.532025856460125e-06,111021179084.15562,172921.81192504766,242944.83454916783
2.5495858315687624e-06,109500609402.71454,172920.68003003026,242935.57940544988
2.567267587710966e-06,108000889190.26363,172919.5403076115,242926.26092171672
2.5850719694562826e-06,106521732403.71191,172918.3927038191,242916.8786705888
2.602999827231465e-06,105062856925.4459,172917.23716431065,242907.43222188595
2.621052017361101e-06,103623984509.45047,172916.07363437137,242897.92114260988
2.639229402108526e-06,102204840728.1689,172914.90205891145,242888.34499692704
2.6575328497170015e-06,100805154920.09402,172913.72238246346,242878.70334615107
2.6759632344511676e-06,99424660138.07953,172912.53454917992,242868.9957487256
2.6945214366388357e-06,98063093098.35664,172911.3385028307,242859.2217602063
2.7132083427130223e-06,96720194130.25444,172910.13418680037,242849.38093324346
2.7320248452542756e-06,95395707126.61014,172908.92154408555,242839.47281756412
2.7509718430333244e-06,94089379494.85788,172907.7005172925,242829.49695995447
2.7700502410540155e-06,92800962108.7896,172906.47104863427,242819.45290424165
2.789260950596532e-06,91530209260.97923,172905.23307992806,242809.34019127573
2.80860488926091e-06,90276878615.85986,172903.9865525927,242799.15835891152
2.828082981010877e-06,89040731163.4435,172902.73140764574,242788.9069419909
2.8476961562179974e-06,87821531173.67642,172901.46758570097,242778.58547232384
2.867445351706101e-06,86619046151.42207,172900.19502696546,242768.19347867032
2.887331510796019e-06,85433046792.06216,172898.913671237,242757.73048672173
2.907355583350651e-06,84263306937.70552,172897.6234579012,242747.1960190827
2.92751852582035e-06,83109603533.99844,172896.32432592887,242736.5895952516
2.9478213012885926e-06,81971716587.52881,172895.0162138729,242725.91073160258
2.9682648795179723e-06,80849429123.8152,172893.69905986584,242715.15894136604
2.9888502369965277e-06,79742527145.87111,172892.37280161682,242704.33373461055
3.009578356984401e-06,78650799593.33803,172891.0373764087,242693.43461822267
3.0304502295607894e-06,77574038302.18068,172889.69272109537,242682.46109588913
3.051466851671222e-06,76512037964.93579,172888.33877209853,242671.4126680762
3.072629227175195e-06,75464596091.50476,172886.97546540512,242660.28883201125
3.0939383668941316e-06,74431512970.48476,172885.60273656418,242649.08908166323
3.11539528865965e-06,73412591631.03195,172884.2205206839,242637.81290772287
3.137001017362171e-06,72407637805.24788,172882.8287524289,242626.45979758343
3.158756584999881e-06,71416459891.08127,172881.42736601675,242615.02923532037
3.180663030728041e-06,70438868915.73863,172880.01629521555,242603.52070167268
3.202721400908608e-06,69474678499.59882,172878.59547334036,242591.93367402142
3.2249327491602e-06,68523704820.62236,172877.16483325054,242580.2676263713
3.2472981364084383e-06,67585766579.24859,172875.72430734648,242568.52202932938
3.269818630936632e-06,66660684963.77426,172874.27382756653,242556.69635008543
3.2924953084367964e-06,65748283616.20869,172872.81332538402,242544.790052392
3.315329252061014e-06,64848388598.59762,172871.3427318039,242532.80259654322
3.33832155247319e-06,63960828359.8081,172869.86197735986,242520.73343935484
3.361473307901158e-06,63085433702.769264,172868.37099211087,242508.5820341437
3.384785624189126e-06,62222037752.164,172866.8697056383,242496.34783070695
3.40825961485048e-06,61370475922.56398,172865.35804704242,242484.0302753012
3.431896401120988e-06,60530585887.00089,172863.83594493935,242471.62881062165
3.455697112012368e-06,59702207545.969376,172862.3033274577,242459.14287578152
3.479662884366202e-06,58885182996.85615,172860.7601222354,242446.57190629054
3.503794862908223e-06,58079356503.78885,172859.20625641634,242433.9153340344
3.528094200303006e-06,57284574467.89795,172857.64165664697,242421.17258725248
3.552562057209042e-06,56500685397.98642,172856.06624907322,242408.3430905177
3.577199602334158e-06,55727539881.60337,172854.47995933672,242395.4262647143
3.6020080124913327e-06,54964990556.51443,172852.88271257188,242382.42152701673
3.626988472654914e-06,54212892082.56299,172851.2744334022,242369.32829086803
3.6521421760172386e-06,53471101113.91762,172849.65504593682,242356.14596595732
3.6774703240456105e-06,52739476271.70114,172848.0244737673,242342.8739581996
3.7029741265396704e-06,52017878116.99582,172846.38263996388,242329.51166971223
3.728654801689201e-06,51306169124.217705,172844.72946707223,242316.05849879363
3.7545135761323264e-06,50604213654.85673,172843.06487710978,242302.51383990148
3.7805516850140877e-06,49911877931.57811,172841.38879156206,242288.87708362984
3.806770372045418e-06,49229030012.67934,172839.7011313796,242275.14761668738
3.833170889562593e-06,48555539766.895836,172838.0018169738,242261.32482187496
3.859754498587027e-06,47891278848.55453,172836.2907682136,242247.40807806293
3.886522468885487e-06,47236120673.06804,172834.56790442186,242233.3967601683
3.913476079030764e-06,46589940392.76439,172832.83314437166,242219.29023913306
3.940616616462756e-06,45952614873.04873,172831.08640628256,242205.08788190034
3.9679453775499475e-06,45324022668.89282,172829.32760781705,242190.7890513921
3.995463667651314e-06,44704044001.647285,172827.5566660766,242176.3931064862
4.02317280117869e-06,44092560736.171394,172825.77349759807,242161.89940199297
4.051074101659567e-06,43489456358.2767,172823.97801835003,242147.30728863258
4.079168901800297e-06,42894615952.48112,172822.1701437287,242132.61611301146
4.107458543549731e-06,42307926180.06822,172820.3497885542,242117.82521759893
4.135944378163335e-06,41729275257.44711,172818.51686706697,242102.93394070404
4.164627766267749e-06,41158552934.809204,172816.6712929236,242087.9416164519
4.19351007792576e-06,40595650475.07864,172814.81297919294,242072.84757476006
4.222592692701727e-06,40040460633.15183,172812.94183835236,242057.65114131494
4.251876999727493e-06,39492877635.42101,172811.05778228372,242042.35163754766
4.281364397768753e-06,38952797159.57895,172809.1607222693,242026.9483806107
4.311056295291851e-06,38420116314.70164,172807.25056898795,242011.4406833534
4.340954110531035e-06,37894733621.60416,172805.32723251102,241995.82785429835
4.371059271556218e-06,37376548993.46564,172803.39062229823,241980.1091976167
4.401373216341211e-06,36865463716.720116,172801.44064719375,241964.2840131045
4.431897392832382e-06,36361380432.210434,172799.47721542194,241948.35159615777
4.462633259017807e-06,35864203116.60057,172797.5002345833,241932.31123774857
4.493582282996924e-06,35373837064.04268,172795.5096116504,241916.16222440018
4.524745943050678e-06,34890188868.09575,172793.50525296346,241899.9038381621
4.556125727712113e-06,34413166403.89287,172791.4870642264,241883.5353565866
4.587723135837447e-06,33942678810.553585,172789.45495050264,241867.0560527023
4.619539676677694e-06,33478636473.836617,172787.40881621037,241850.4651949905
4.6515768699507635e-06,33020951009.03113,172785.3485651189,241833.76204735975
4.683836245914035e-06,32569535244.08315,172783.27410034393,241816.9458691206
4.716319345437432e-06,32124303202.95358,172781.1853243433,241800.0159149607
4.749027720077037e-06,31685170089.204178,172779.0821389127,241782.97143491972
4.781962932149227e-06,31252052269.808792,172776.96444518125,241765.81167436356
4.815126554805271e-06,30824867259.1873,172774.8321436069,241748.53587395928
4.84852017210646e-06,30403533703.458744,172772.68513397232,241731.14326964944
4.882145379099782e-06,29987971364.90999,172770.52331538015,241713.63309262687
4.916003781894134e-06,29578101106.677673,172768.34658624852,241696.0045693082
4.950096997737016e-06,29173844877.64083,172766.15484430664,241678.25692130913
4.98442665509176e-06,28775125697.520924,172763.94798659006,241660.38936541748
5.018994393715332e-06,28381867642.18577,172761.72590943635,241642.4011135685
5.053801864736676e-06,27993995829.15538,172759.48850848005,241624.2913728178
5.088850730735563e-06,27611436403.30704,172757.2356786485,241606.05934531576
5.1241426658219776e-06,27234116522.77668,172754.96731415682,241587.70422828148
5.159679355716107e-06,26861964345.053257,172752.6833085033,241569.225213976
5.195462497828878e-06,26494909013.26402,172750.3835544648,241550.62148967662
5.231493801343017e-06,26132880642.64841,172748.06794409163,241531.8922376501
5.2677749872946495e-06,25775810307.217857,172745.73636870313,241513.0366351262
5.30430778865558e-06,25423630026.597485,172743.38871888266,241494.0538542711
5.341093950416024e-06,25076272753.049603,172741.02488447275,241474.94306216107
5.3781352296679465e-06,24733672358.675026,172738.64475457018,241455.70342075528
5.415433395689001e-06,24395763622.789745,172736.24821752115,241436.33408686946
5.452990230027071e-06,24062482219.4748,172733.8351609163,241416.8342121487
5.490807526585336e-06,23733764705.297516,172731.4054715856,241397.20294304052
5.528887091707938e-06,23409548507.201168,172728.9590355936,241377.43942076812
5.567230744266285e-06,23089771910.560516,172726.4957382341,241357.5427813032
5.6058403157459485e-06,22774374047.401314,172724.01546402532,241337.51215533857
5.644717650334129e-06,22463294884.78182,172721.51809670453,241317.3466682612
5.683864605007711e-06,22156475213.333862,172719.00351922325,241297.04544012476
5.723283049621991e-06,21853856635.960724,172716.4716137417,241276.6075856223
5.7629748670000145e-06,21555381556.69016,172713.92226162393,241256.03221405894
5.802941953022482e-06,21260993169.680855,172711.35534343234,241235.3184293242
5.843186216718284e-06,20970635448.379684,172708.77073892258,241214.46532986444
5.883709580355713e-06,20684253134.827435,172706.16832703818,241193.4720086555
5.924513979534298e-06,20401791729.11138,172703.5479859052,241172.33755317447
5.965601363277239e-06,20123197478.9629,172700.90959282688,241151.0610453727
6.006973694124478e-06,19848417369.497902,172698.25302427827,241129.64156164703
6.0486329482264615e-06,19577399113.09769,172695.5781559008,241108.07817281305
6.090581115438558e-06,19310091139.42876,172692.8848624967,241086.36994407602
6.132820199416077e-06,19046442585.599884,172690.17301802366,241064.51593500387
6.175352217709952e-06,18786403286.4543,172687.44249558932,241042.51519949822
6.218179201863129e-06,18529923764.994743,172684.6931674454,241020.36678576723
6.2613031975076355e-06,18276955222.940025,172681.92490498253,240998.06973629686
6.304726264462256e-06,18027449531.411465,172679.13757872424,240975.6230878225
6.3484504768309e-06,17781359221.74711,172676.33105832158,240953.02587130148
6.392477923101697e-06,17538637476.441795,172673.50521254714,240930.27711188386
6.436810706246776e-06,17299238120.211514,172670.65990928956,240907.3758288849
6.48145094382269e-06,17063115611.180761,172667.7950155477,240884.3210357559
6.5264007680715355e-06,16830225032.190777,172664.9103974246,240861.11174005613
6.5716623260228225e-06,16600522082.226807,172662.00592012206,240837.74694342483
6.617237779596058e-06,16373963067.963064,172659.08144793432,240814.22564155151
6.663129305703981e-06,16150504895.423988,172656.13684424243,240790.54682414827
6.709339096356516e-06,15930105061.759914,172653.17197150824,240766.70947492128
6.755869358765502e-06,15712721647.135422,172650.18669126835,240742.71257154137
6.802722315450147e-06,15498313306.72895,172647.1808641281,240718.555085616
6.84990020434316e-06,15286839262.842531,172644.15434975564,240694.23598266035
6.897405278897616e-06,15078259297.119766,172641.10700687557,240669.7542220683
6.945239808194625e-06,14872533742.870377,172638.0386932631,240645.10875708412
6.993406077051736e-06,14669623477.500103,172634.94926573767,240620.29853477344
7.041906386132048e-06,14469489915.044762,172631.83858015685,240595.32249599413
7.090743052054072e-06,14272094998.806719,172628.70649141003,240570.17957536792
7.139918407502411e-06,14077401194.09222,172625.55285341223,240544.8687012514
7.189434801339212e-06,13885371481.048443,172622.37751909764,240519.3887957065
7.239294598716329e-06,13695969347.598959,172619.18034041335,240493.73877447264
7.289500181188268e-06,13509158782.47633,172615.96116831302,240467.91754693657
7.3400539468259645e-06,13324904268.349937,172612.71985275036,240441.92401610466
7.390958310331365e-06,13143170775.048223,172609.45624267255,240415.75707857296
7.4422157031527315e-06,12963923752.87419,172606.17018601397,240389.41562449848
7.493828573600735e-06,12787129126.0126,172602.8615296895,240362.89853757035
7.54579938696549e-06,12612753286.027267,172599.5301195879,240336.2046949807
7.598130625634265e-06,12440763085.448025,172596.17580056537,240309.3329673957
7.65082478921002e-06,12271125831.445684,172592.7984164386,240282.28221892632
7.703884394630835e-06,12103809279.59355,172589.39780997834,240255.05130709973
7.757311976290156e-06,11938781627.714617,172585.97382290242,240227.63908282976
7.811110086157828e-06,11776011509.813353,172582.52629586917,240200.04439038836
7.865281293901953e-06,11615467990.090803,172579.05506847045,240172.2660673764
7.919828187011661e-06,11457120557.041618,172575.55997922484,240144.3029446945
7.974753370920737e-06,11300939117.6321,172572.04086557066,240116.1538465144
8.030059469132036e-06,11146893991.558355,172568.49756385922,240087.8175902496
8.085749123342761e-06,10994955905.583227,172564.92990934756,240059.29298652674
8.141824993570677e-06,10845095987.950777,172561.33773619164,240030.57883915654
8.1982897582812e-06,10697285762.877419,172557.72087743916,240001.67394510467
8.255146114515303e-06,10551497145.118849,172554.0791650224,239972.57709446317
8.312396778018303e-06,10407702434.61153,172550.4124297513,239943.28707042136
8.370044483369616e-06,10265874311.18753,172546.720501306,239913.80264923724
8.428091984113402e-06,10125985829.361937,172543.0032082296,239884.1226002081
8.486542052890064e-06,9988010413.191916,172539.26037792125,239854.24568564267
8.54539748156864e-06,9851921851.206394,172535.4918366283,239824.17066083167
8.604661081380192e-06,9717694330.741615,172531.69740943937,239793.89530335163
8.664335683052127e-06,9585302615.006466,172527.87692027667,239763.4117942018
8.724424136943362e-06,9454721246.909325,172524.03019188874,239732.72640157057
8.784929313180443e-06,9325925423.730093,172520.1570458428,239701.8378524237
8.845854101794668e-06,9198890682.889572,172516.2573025173,239670.7448665664
8.907201412860168e-06,9073592897.282463,172512.33078109432,239639.44615661475
8.968974176632872e-06,8950008270.674574,172508.37729955203,239607.9404279675
9.03117534369043e-06,8828113333.163197,172504.39667465683,239576.2263787775
9.093807885073185e-06,8707884936.699617,172500.3887219558,239544.30269992384
9.156874792426123e-06,8589300250.673118,172496.3532557689,239512.16807498314
9.220379078141734e-06,8472336757.555677,172492.29008918116,239479.82118020186
9.284323775503857e-06,8356972248.606479,172488.19903403486,239447.2606844678
9.34871193883261e-06,8243184819.635197,172484.07990092158,239414.48524928265
9.413546643630304e-06,8130952866.823475,172479.93249917444,239381.49352873384
9.478830986728321e-06,8020255082.603828,172475.75663685982,239348.28416946655
9.544568086434988e-06,7911070451.595151,172471.5521207697,239314.8558106563
9.610761082684562e-06,7803378246.593826,172467.31875641318,239281.20708398125
9.677413137187252e-06,7697158024.619899,172463.05634800883,239247.33661359444
9.744527433580196e-06,7592389623.017597,172458.76469847606,239213.2430160967
9.812107177579463e-06,7489053155.609443,172454.4436094274,239178.9249005093
9.880155597133326e-06,7387129008.902774,172450.09288115974,239144.38086824628
9.948675942576273e-06,7286597838.3488455,172445.7123126464,239109.6095130879
1.001767148678443e-05,7187440564.65274,172441.30170152875,239074.60942115344
1.0087145525331718e-05,7089638370.134423,172436.86084410758,239039.3791708743
1.0157101376647436e-05,6993172695.139258,172432.3895353349,239003.9173329673
1.0227542382174603e-05,6898025234.498241,172427.88756880534,238968.22247040799
1.029847190652972e-05,6804177934.036368,172423.3547367477,238932.29313840417
1.036989333766332e-05,6711612987.129351,172418.7908300163,238896.12788436987
1.0441810087021962e-05,6620312831.307159,172414.1956380824,238859.7252478986
1.0514225589711008e-05,6530260144.904613,172409.56894902544,238823.0837607377
1.058714330465887e-05,6441437843.757478,172404.91054952441,238786.20194676222
1.0660566714782057e-05,6353829077.94438,172400.2202248491,238749.0783219494
1.0734499327151706e-05,6267417228.572962,172395.49775885112,238711.71139435258
1.0808944673160928e-05,6182185904.610573,172390.74293395528,238674.09966407652
1.0883906308693652e-05,6098118939.758069,172385.95553115036,238636.24162325135
1.0959387814294309e-05,6015200389.366872,172381.13532998055,238598.13575600812
1.1035392795339019e-05,5933414527.397981,172376.282108536,238559.7805384533
1.1111924882207635e-05,5852745843.4230795,172371.3956434441,238521.1744386447
1.1188987730457323e-05,5773179039.666424,172366.47570986015,238482.31591656615
1.1266585020996987e-05,5694699028.087698,172361.52208145845,238443.2034241041
1.1344720460263275e-05,5617290927.504543,172356.53453042268,238403.8354050222
1.142339778039743e-05,5540940060.754913,172351.51282743705,238364.21029493865
1.150262073942374e-05,5465631951.898035,172346.45674167687,238324.32652130182
1.158239312142886e-05,5391352323.454137,172341.36604079904,238284.18250336635
1.1662718736742736e-05,5318087093.681673,172336.2404909328,238243.7766521707
1.1743601422120426e-05,5245822373.892303,172331.0798566702,238203.10737051326
1.1825045040925548e-05,5174544465.802344,172325.8839010567,238162.17305292992
1.1907053483314626e-05,5104239858.920908,172320.65238558137,238120.9720856714
1.1989630666423093e-05,5034895227.973563,172315.38507016757,238079.50284668084
1.20727805345522e-05,4966497430.361681,172310.08171316315,238037.7637055713
1.2156507059357604e-05,4899033503.656295,172304.74207133058,237995.75302360425
1.22408142400389e-05,4832490663.126693,172299.36589983755,237953.4691536681
1.2325706103530785e-05,4766856299.3026285,172293.95295224682,237910.91044025632
1.2411186704695353e-05,4702117975.570178,172288.5029805065,237868.0752194464
1.2497260126515692e-05,4638263425.800572,172283.01573494019,237824.96181887944
1.2583930480291088e-05,4575280552.0114,172277.49096423681,237781.5685577391
1.267120190583319e-05,4513157422.060178,172271.92841544084,237737.89374673172
1.2759078571663958e-05,4451882267.369263,172266.32783394202,237693.93568806606
1.2847564675214574e-05,4391443480.682298,172260.68896346533,237649.69267543367
1.2936664443026125e-05,4331829613.851141,172255.01154606085,237605.1629939895
1.3026382130951287e-05,4273029375.6534505,172249.29532209344,237560.34492033292
1.311672202435781e-05,4215031629.6399364,172243.54003023249,237515.2367224891
1.3207688438333002e-05,4157825392.011437,172237.7454074416,237469.83665989022
1.3299285717890042e-05,4101399829.524849,172231.9111889682,237424.14298335742
1.3391518238175319e-05,4045744257.4280534,172226.03710833305,237378.1539350834
1.3484390404677617e-05,3990848137.4229264,172220.12289731987,237331.86774861475
1.3577906653438333e-05,3936701075.6565623,172214.16828596464,237285.28264883472
1.3672071451263572e-05,3883292820.739797,172208.1730025451,237238.39685194677
1.3766889295937301e-05,3830613261.79317,172202.13677357015,237191.20856545834
1.3862364716436389e-05,3778652426.5194755,172196.05932376892,237143.71598816424
1.3958502273146727e-05,3727400479.302973,172189.94037608022,237095.91731013183
1.4055306558081265e-05,3676847719.3344717,172183.77965164173,237047.81071268514
1.4152782195099137e-05,3626984578.762348,172177.57686977903,236999.39436839093
1.4250933840126737e-05,3577801620.8687387,172171.33174799464,236950.6664410427
1.4349766181379886e-05,3529289538.270949,172165.04400195726,236901.62508564844
1.4449283939587991e-05,3481439151.147341,172158.7133454905,236852.26844841635
1.4549491868219305e-05,3434241405.4877944,172152.33949056195,236802.5946667405
1.4650394753708204e-05,3387687371.3679194,172145.92214727198,236752.60186919037
1.475199741568358e-05,3341768241.247212,172139.46102384257,236702.2881754964
1.485430470719928e-05,3296475328.290311,172132.95582660608,236651.6516965394
1.4957321514965692e-05,3251800064.7115216,172126.4062599939,236600.69053433844
1.5061052759583373e-05,3207734000.1418414,172119.81202652518,236549.40278204042
1.5165503395777861e-05,3164268800.018597,172113.17282679531,236497.78652390893
1.5270678412636575e-05,3121396243.996971,172106.4883594646,236445.83983531507
1.537658283384687e-05,3079108224.3835397,172099.75832124654,236393.56078272688
1.5483221717936234e-05,3037396744.5910916,172092.98240689657,236340.94742370126
1.5590600158513684e-05,2996253917.614845,172086.16030920012,236287.997806875
1.569872328451329e-05,2955671964.5293946,172079.291718961,236234.70997195636
1.5807596260438914e-05,2915643213.006458,172072.37632498995,236181.0819497184
1.5917224286611144e-05,2876160095.85278,172065.41381409246,236127.11176199114
1.6027612599415444e-05,2837215149.568276,172058.40387105706,236072.79742165553
1.6138766471552504e-05,2798801012.923793,172051.3461786436,236018.1369326376
1.6250691212289854e-05,2760910425.5585465,172044.24041757107,235963.12828990284
1.6363392167715717e-05,2723536226.5966344,172037.0862665056,235907.76947945132
1.6476874720994093e-05,2686671353.2827115,172029.88340204855,235852.05847831376
1.6591144292622156e-05,2650308839.6362033,172022.63149872422,235795.99325454768
1.67062063406889e-05,2614441815.124166,172015.33022896785,235739.57176723413
1.6822066361136112e-05,2579063503.35217,172007.97926311326,235682.79196647563
1.6938729888020618e-05,2544167220.7733364,172000.5782693805,235625.65179339374
1.7056202493778876e-05,2509746375.4149046,171993.12691386373,235568.14918012824
1.7174489789492894e-05,2475794465.622434,171985.6248605187,235510.28204983636
1.7293597425158455e-05,2442305078.821102,171978.07177115013,235452.04831669247
1.741353108995492e-05,2409271890.294079,171970.46730539962,235393.4458858889
1.753429651251683e-05,2376688661.9776735,171962.81112073263,235334.47265363744
1.765589946120781e-05,2344549241.272914,171955.1028724262,235275.1265071708
1.7778345744395792e-05,2312847559.8735733,171947.34221355614,235215.4053247456
1.7901641210730752e-05,2281577632.6101294,171939.52879498425,235155.3069756451
1.8025791749423776e-05,2250733556.3097267,171931.66226534572,235094.82932018404
1.8150803290528646e-05,2220309508.6716437,171923.74227103603,235033.9702097122
1.8276681805224796e-05,2190299747.1583285,171915.7684561984,234972.72748662086
1.8403433306102838e-05,2160698607.901504,171907.74046271053,234911.0989843478
1.8531063847451427e-05,2131500504.6234293,171899.65793017176,234849.08252738515
1.865957952554677e-05,2102699927.57282,171891.52049589,234786.67593128595
1.8788986478943495e-05,2074291442.4755008,171883.3277948686,234723.8770026732
1.8919290888768174e-05,2046269689.4993277,171875.07945979317,234660.68353924848
1.9050498979014258e-05,2018629382.2334373,171866.77512101844,234597.09332980204
1.9182617016839667e-05,1991365306.6813762,171858.41440655483,234533.10415422294
1.9315651312865834e-05,1964472320.2681699,171849.99694205535,234468.71378351105
1.944960822147945e-05,1937945350.860886,171841.52235080203,234403.9199797887
1.958449414113566e-05,1911779395.8027687,171832.99025369252,234338.72049631382
1.9720315514664004e-05,1885969520.9604874,171824.40026922675,234273.11307749414
1.9857078829575842e-05,1860510859.7845943,171815.75201349315,234207.09545890102
1.999479061837455e-05,1835398612.3827398,171807.04510015526,234140.6653672857
2.013345745886722e-05,1810628044.6057289,171798.27914043792,234073.82052059518
2.0273085974479178e-05,1786194487.1459959,171789.4537431137,234006.55862798946
2.0413682834570018e-05,1762093334.648565,171780.56851448913,233938.87738986005
2.0555254754752506e-05,1738320044.8340933,171771.62305839072,233870.77449784803
2.069780849721301e-05,1714870137.6340575,171762.6169761514,233802.24763486482
2.084135087103483e-05,1691739194.3376951,171753.5498665963,233733.29447511237
2.0985888732523097e-05,1668922856.7507586,171744.42132602897,233663.91268410493
2.1131428985532615e-05,1646416826.3657017,171735.23094821736,233594.09991869182
2.1277978581797267e-05,1624216863.5433578,171725.9783243796,233523.85382708072
2.1425544521262416e-05,1602318786.705739,171716.66304317,233453.1720488623
2.1574133852418912e-05,1580718471.5400155,171707.28469066496,233382.0522150357
2.1723753672640114e-05,1559411850.2133079,171697.8428503485,233310.4919480348
2.1874411128520535e-05,1538394910.59836,171688.33710309822,233238.4888617559
2.2026113416217565e-05,1517663695.5097299,171678.76702717075,233166.04056158537
2.2178867781794834e-05,1497214301.9505563,171669.13219818764,233093.14464443055
2.233268152156867e-05,1477042880.369572,171659.43218912068,233019.79869874823
2.2487561982456275e-05,1457145633.9283879,171649.66657027754,232946.0003045779
2.2643516562326974e-05,1437518817.778755,171639.8349092872,232871.74703357302
2.2800552710355242e-05,1418158738.3498182,171629.93677108546,232797.0364490352
2.295867792737687e-05,1399061752.6450636,171619.97171790016,232721.86610594866
2.3117899766246866e-05,1380224267.5490024,171609.93930923662,232646.23355101582
2.3278225832200603e-05,1361642739.143273,171599.8391018629,232570.13632269407
2.343966378321669e-05,1343313672.0322137,171589.67064979492,232493.57195123404
2.3602221330383158e-05,1325233618.6776035,171579.4335042818,232416.53795871796
2.376590623826538e-05,1307399178.742611,171569.12721379084,232339.0318591003
2.3930726325277283e-05,1289806998.4446664,171558.7513239927,232261.05115824912
2.4096689464054663e-05,1272453769.917264,171548.3053777464,232182.5933539876
2.426380358183106e-05,1255336230.5805156,171537.78891508427,232103.65593613897
2.4432076660816756e-05,1238451162.5202928,171527.2014731969,232024.23638656977
2.460151673857965e-05,1221795391.8759546,171516.5425864181,231944.33217923713
2.4772131908429562e-05,1205365788.2364075,171505.8117862097,231863.94078023452
2.4943930319804413e-05,1189159264.0445106,171495.00860114634,231783.05964784164
2.51169201786599e-05,1173172774.0095894,171484.13255690027,231701.6862325726
2.5291109747861026e-05,1157403314.5280786,171473.183176226,231619.81797722747
2.5466507347577195e-05,1141847923.1120355,171462.159978945,231537.45231694382
2.564312135567922e-05,1126503677.8255696,171451.0624819304,231454.5866792506
2.5820960208139895e-05,1111367696.7289302,171439.8901990914,231371.21848412204
2.600003239943653e-05,1096437137.3302896,171428.64264135802,231287.34514403387
2.6180346482957102e-05,1081709196.0449774,171417.3193166655,231202.96406402037
2.63619110714084e-05,1067181107.6621997,171405.91972993859,231118.07264173278
2.654473483722782e-05,1052850144.8190113,171394.44338307634,231032.66826749887
2.6728826512997178e-05,1038713617.481561,171382.88977493613,230946.74832438445
2.6914194891860273e-05,1024768872.4333959,171371.25840131816,230860.3101882551
2.7100848827942432e-05,1011013292.7708436,171359.54875494973,230773.35122784082
2.7288797236773875e-05,997444297.4052564,171347.76032546954,230685.8688048002
2.747804909571513e-05,984059340.5721432,171335.89259941177,230597.86027378752
2.766861344438627e-05,970855911.3469718,171323.94506019042,230509.32298252083
2.786049938509826e-05,957831533.1676797,171311.91718808332,230420.2542718503
2.805371608328816e-05,944983763.3636649,171299.8084602164,230330.65147583035
2.8248272767956467e-05,932310192.691308,171287.6183505475,230240.51192179028
2.8444178732108406e-05,919808444.8757958,171275.34632985078,230149.83293040888
2.864144333319733e-05,907476176.1592953,171262.9918657003,230058.61181578907
2.8840075993572165e-05,895311074.8552625,171250.55442245438,229966.84588553457
2.9040086200926978e-05,883310860.9089266,171238.03346123916,229874.53244082737
2.9241483508754644e-05,871473285.4637406,171225.42843993282,229781.6687765078
2.944427753680269e-05,859796130.4338386,171212.7388131493,229688.25218115517
2.9648477971533268e-05,848277208.082301,171199.9640322222,229594.2799371698
2.9854094566585325e-05,836914360.6052561,171187.10354518847,229499.74932085813
3.0061137143241004e-05,825705459.7216374,171174.15679677227,229404.6576025166
3.026961559089423e-05,814648406.2686166,171161.1232283688,229309.00204652033
3.047953986752361e-05,803741129.8025337,171148.0022780278,229212.77991141035
3.069092000016755e-05,792981588.205356,171134.79338043756,229115.98844998472
3.090376608540372e-05,782367767.2964777,171121.49596690832,229018.62490938962
3.111808828983077e-05,771897680.4498996,171108.10946535593,228920.6865312131
3.1333896850554515e-05,761569368.216606,171094.6333002857,228822.17055157982
3.155120207567634e-05,751380897.9521737,171081.0668927758,228723.07420124745
3.1770014344786104e-05,741330363.4494344,171067.40966046075,228623.394705705
3.19903441094574e-05,731415884.57623,171053.66101751526,228523.12928527268
3.2212201893747294e-05,721635606.918082,171039.82037463743,228422.27515520304
3.243559829469851e-05,711987701.4258134,171025.88713903254,228320.8295257843
3.266054398284607e-05,702470364.0679556,171011.86071439637,228218.78960244503
3.2887049702726485e-05,693081815.4879669,170997.74050089874,228116.15258586066
3.3115126273391493e-05,683820300.6661094,170983.52589516688,228012.91567206118
3.33447845889243e-05,674684088.5860054,170969.21629026902,227909.0760525416
3.3576035618960376e-05,665671471.9057273,170954.81107569765,227804.63091437297
3.380889040921126e-05,656780766.6334254,170940.30963735306,227699.57744031577
3.4043360081991926e-05,648010311.8074025,170925.7113575266,227593.9128089349
3.4279455836752535e-05,639358469.1805516,170911.0156148843,227487.6341947165
3.4517188950612814e-05,630823622.9091603,170896.22178444985,227380.73876818578
3.475657077890127e-05,622404179.2459396,170881.3292375884,227273.22369602814
3.4997612755697017e-05,614098566.2373064,170866.3373419896,227165.08614121057
3.5240326394376494e-05,605905233.4247743,170851.24546165112,227056.3232631054
3.5484723288162817e-05,597822651.5504816,170836.05295686194,226946.93221761612
3.5730815110680116e-05,589849312.2667173,170820.75918418562,226836.91015730423
3.5978613616510556e-05,581983727.849468,170805.36349644372,226726.25423151907
3.6228130641756364e-05,574224430.9158578,170789.86524269913,226614.9615865279
3.6479378104604586e-05,566569974.1454986,170774.26376823935,226503.02936564956
3.673236800589697e-05,559018930.005625,170758.5584145598,226390.45470938823
3.698711242970259e-05,551569890.4800348,170742.74851934734,226277.23475557062
3.724362354389561e-05,544221466.8017122,170726.83341646323,226163.36663948343
3.750191360073594e-05,536972289.1891496,170710.81243592687,226048.84749401425
3.776199493745501e-05,529821006.58625513,170694.68490389892,225933.6744497931
3.802387997684447e-05,522766286.40585625,170678.45014266472,225817.84463533657
3.82875812278502e-05,515806814.2766903,170662.10747061757,225701.35517719315
3.8553111286169165e-05,508941293.7938961,170645.65620224221,225584.20320009123
3.8820482834851654e-05,502168446.27289474,170629.0956480981,225466.38582708847
3.908970864490649e-05,495487010.5066775,170612.42511480296,225347.90017972322
3.936080157591166e-05,488895742.52638966,170595.64390501592,225228.74337816783
3.96337745766279e-05,482393415.36522985,170578.7513174213,225108.9125413838
3.9908640685617845e-05,475978818.8255542,170561.74664671166,224988.40478727923
4.0185413031868184e-05,469650759.24920595,170544.6291835716,224867.21723286735
4.0464104835417404e-05,463408059.29096323,170527.39821466102,224745.34699442796
4.0744729407986574e-05,457249557.6951238,170510.05302259873,224622.7911876704
4.102730015361588e-05,451174109.07512283,170492.59288594587,224499.54692789778
4.131183056930417e-05,445180583.69620305,170475.0170791897,224375.61133017467
4.1598334245654304e-05,439267867.2610344,170457.32487272684,224250.98150949497
4.1886824867521684e-05,433434860.69830215,170439.5155328472,224125.6545809537
4.217731621466853e-05,427680479.9541667,170421.58832171743,223999.62765991845
4.2469822162421425e-05,422003655.7866088,170403.5424973646,223872.8978622049
4.276435668233474e-05,416403333.5625687,170385.37731366005,223745.46230425284
4.306093384285732e-05,410878473.05789185,170367.09202030292,223617.31810330536
4.335956781000511e-05,405428048.25999343,170348.68586280418,223488.4623775886
4.366027284803716e-05,400051047.1732516,170330.1580824703,223358.8922464952
4.396306332013759e-05,394746471.6270467,170311.507916387,223228.6048307675
4.426795368910102e-05,389513337.086454,170292.73459740356,223097.59725268546
4.4574958518024017e-05,384350672.4655102,170273.8373541163,222965.8666362539
4.488409247100005e-05,379257519.9430623,170254.8154108529,222833.41010739375
4.51953703138206e-05,374232934.78111875,170235.6679876564,222700.2247941336
4.5508806914679746e-05,369275985.145713,170216.3943002692,222566.3078268052
4.582441724488507e-05,364385751.93020207,170196.99356011732,222431.65633823845
4.6142216379572015e-05,359561328.58100784,170177.46497429465,222296.26746396124
4.6462219498424695e-05,354801820.92572695,170157.80774554703,222160.13834239842
4.678444188640023e-05,350106347.003618,170138.02107225693,222023.26611507533
4.710889893445945e-05,345474036.8983938,170118.10414842752,221885.6479268208
4.74356061403018e-05,340904032.5733173,170098.0561636673,221747.2809259747
4.7764579109105266e-05,336395487.7085602,170077.87630317465,221608.16226459527
4.809583355427245e-05,331947567.5407767,170057.5637477223,221468.2890986698
4.842938529818036e-05,327559448.70489645,170037.11767364226,221327.658588327
4.876525027293691e-05,323230319.0780662,170016.53725281032,221186.2678980504
4.910344452114115e-05,318959377.6257507,169995.82165263104,221044.1141968955
4.944398419665035e-05,314745834.2499229,169974.97003602248,220901.19465870693
4.9786885565350773e-05,310588909.63935566,169953.9815614015,220757.50646233952
5.0132165005935416e-05,306487835.12194633,169932.85538266858,220613.04679187908
5.047983901068553e-05,302441852.51908386,169911.590649193,220467.81283686782
5.0829924186259196e-05,298450214.0019942,169890.1865057983,220321.80179252915
5.118243725448374e-05,294512181.9500736,169868.64209274738,220175.01085999605
5.153739505315523e-05,290627028.81114465,169846.95654572814,220027.4372465409
5.1894814536841955e-05,286794036.9636474,169825.12899583884,219879.07816580666
5.225471277769505e-05,283012498.5806995,169803.15856957395,219729.9308380414
5.261710696626316e-05,279281715.4960395,169781.04438880974,219579.99249033327
5.2982014412314314e-05,275600999.07178926,169758.7855707902,219429.260356848
5.334945254566197e-05,271969670.06804585,169736.38122811296,219277.7316790684
5.371943891699833e-05,268387058.51424432,169713.83046871543,219125.40370603587
5.409199119873184e-05,264852503.58230132,169691.13239586094,218972.27369459276
5.446712718583213e-05,261365353.46147835,169668.2861081251,218818.3389096287
5.484486479667918e-05,257924965.23498034,169645.29069938202,218663.59662432567
5.5225222073920004e-05,254530704.75822556,169622.14525879128,218508.04412040854
5.560821718532963e-05,251181946.53880286,169598.8488707842,218351.67868839437
5.599386842467974e-05,247878073.61805686,169575.4006150508,218194.49762784533
5.638219421261159e-05,244618477.45431215,169551.79956652684,218036.49824762283
5.6773213097516765e-05,241402557.80768302,169528.0447953807,217877.6778661433
5.716694375642224e-05,238229722.62647587,169504.1353670008,217718.03381163665
5.7563404995883425e-05,235099387.9351354,169480.07034198282,217557.56342240475
5.796261575288149e-05,232010977.72373968,169455.84877611726,217396.26404708377
5.8364595095728865e-05,228963923.83899578,169431.46972037712,217234.13304490663
5.876936222497908e-05,225957665.87674364,169406.93222090552,217071.1677859681
5.9176936474344845e-05,222991651.07591885,169382.23531900404,216907.36565149145
5.958733731162052e-05,220065334.21398327,169357.3780511205,216742.72403409609
6.0000584339613035e-05,217178177.50377363,169332.3594488373,216577.24033806784
6.0416697297077174e-05,214329650.49177834,169307.17853886005,216410.91197963103
6.083569605965943e-05,211519229.9577949,169281.83434300608,216243.73638722056
6.125760064084635e-05,208746399.8159751,169256.32587819317,216075.71100175788
6.168243119292145e-05,206010651.01721376,169230.65215642858,215906.83327692657
6.21102080079269e-05,203311481.4528873,169204.81218479824,215737.10067945096
6.254095151863361e-05,200648395.8598996,169178.80496545607,215566.51068937551
6.297468229951633e-05,198020905.7270412,169152.62949561348,215395.06080034602
6.341142106773735e-05,195428529.2026186,169126.28476752905,215222.7485198924
6.385118868413504e-05,192870791.00336283,169099.76976849855,215049.57136971276
6.429400615422129e-05,190347222.32457316,169073.08348084494,214875.52688595912
6.473989462918382e-05,187857360.7515044,169046.2248819088,214700.61261952476
6.51888754068975e-05,185400750.1719566,169019.19294403866,214524.8261363323
6.564096993294058e-05,182976940.69007403,168991.98663458202,214348.16501762465
6.609619980162e-05,180585488.54131457,168964.60491587606,214170.62686025532
6.655458675700243e-05,178225956.00859126,168937.04674523883,213992.20927698177
6.701615269395241e-05,175897911.33956292,168909.3110749608,213812.90989675984
6.748091965917921e-05,173600928.6650511,168881.39685229634,213632.72636503825
6.794890985228876e-05,171334587.91858456,168853.3030194556,213451.6563440564
6.842014562684507e-05,169098474.75703654,168825.0285135966,213269.69751314115
6.889464949143689e-05,166892180.48235857,168796.57226681756,213086.8475690072
6.937244411075394e-05,164715301.96437716,168767.9332061495,212903.10422605666
6.985355230666835e-05,162567441.564658,168739.110253549,212718.46521668113
7.033799705932589e-05,160448207.0614033,168710.10232589135,212532.9282915639
7.082580150824252e-05,158357211.575388,168680.90833496378,212346.4912199844
7.131698895341068e-05,156294073.49690104,168651.5271874591,212159.15179012256
7.18115828564112e-05,154258416.4136966,168621.95778496968,211970.9078093653
7.230960684153502e-05,152249869.03992355,168592.19902398132,211781.75710461303
7.281108469691042e-05,150268065.14603785,168562.2497958679,211591.697522588
7.331604037564054e-05,148312643.48966503,168532.1089868859,211400.72693014282
7.382449799694617e-05,146383247.7474201,168501.77547816953,211208.84321457107
7.433648184731915e-05,144479526.44765157,168471.24814572587,211016.04428391697
7.485201638168111e-05,142601132.904116,168440.52586043038,210822.32806728792
7.537112622455278e-05,140747725.15055242,168409.60748802297,210627.69251516633
7.5893836171229e-05,138918965.87616155,168378.4918891039,210432.13559972303
7.642017118896431e-05,137114522.36196,168347.17791913042,210235.65531513107
7.695015641816417e-05,135334066.4180154,168315.66442841355,210038.24967788058
7.748381717358718e-05,133577274.32153217,168283.950262115,209839.91672709354
7.802117894555289e-05,131843826.7557941,168252.03426024484,209640.65452484039
7.856226740116062e-05,130133408.74993497,168219.9152576591,209440.46115645586
7.910710838551421e-05,128445709.61954206,168187.5920840579,209239.33473085667
7.965572792295779e-05,126780422.90806547,168155.06356398386,209037.27338085842
8.020815221831747e-05,125137246.3290377,168122.32851682094,208834.27526349435
8.076440765815447e-05,123515881.70907666,168089.38575679337,208630.33856033284
8.132452081202398e-05,121916034.93167739,168056.2340929654,208425.4614777973
8.188851843374571e-05,120337415.88176577,168022.8723292409,208219.6422474846
8.245642746268038e-05,118779738.39101902,167989.29926436374,208012.87912648503
8.302827502501789e-05,117242720.18392785,167955.51369191817,207805.17039770147
8.360408843507157e-05,115726082.82460475,167921.5144003299,207596.51437016996
8.418389519658428e-05,114229551.66431302,167887.30017286746,207386.90937937924
8.476772300404073e-05,112752855.78972198,167852.8697876438,207176.3537875917
8.535559974399166e-05,111295727.97186382,167818.2220176185,206964.8459841627
8.594755349638452e-05,109857904.61579576,167783.35563060013,206752.38438586195
8.654361253590602e-05,108439125.71094564,167748.26938924933,206538.96743719288
8.714380533333134e-05,107039134.7821433,167712.96205108208,206324.59361071387
8.774816055688543e-05,105657678.84131669,167677.43236847335,206109.26140735732
8.83567070736109e-05,104294508.33985528,167641.6790886614,205892.96935675055
8.89694739507483e-05,102949377.12161992,167605.70095375218,205675.716017535
8.95864904571231e-05,101622042.37660192,167569.49670072453,205457.49997768627
9.020778606454515e-05,100312264.59521095,167533.0650614355,205238.31985483246
9.083339044921491e-05,99019807.52319469,167496.4047626264,205018.1742965741
9.146333349314249e-05,97744438.11716966,167459.51452592885,204797.06198080172
9.209764528557338e-05,96485926.5007672,167422.39306787195,204574.9816160142
9.273635612442703e-05,95244045.92137395,167385.0390998893,204351.9319416364
9.337949651774347e-05,94018572.70746867,167347.45132832683,204127.91172833525
9.402709718513991e-05,92809286.22654271,167309.62845445093,203902.9197783375
9.46791890592795e-05,91615968.84359367,167271.56917445728,203676.95492574375
9.533580328734716e-05,90438405.88019197,167233.27217947989,203450.01603684435
9.599697123253895e-05,89276385.57410252,167194.73615560075,203222.1020104333
9.666272447555861e-05,88129699.03946498,167155.9597838602,202993.21177812127
9.73330948161275e-05,86998140.227513,167116.94174026724,202763.3443046482
9.800811427450194e-05,85881505.8878374,167077.68069581117,202532.4985881951
9.868781509300436e-05,84779595.53017373,167038.1753164729,202300.67366069366
9.937222973756163e-05,83692211.38671839,166998.4242632373,202067.86858813677
0.00010006139089925744,82619158.37495558,166958.42619210607,201834.0824708858
0.0001007553314958922,81560244.06099798,166918.17975411084,201599.31444397845
0.00010145408467355698,80515278.62342414,166877.68359532714,201363.5636774345
0.00010215768380821507,79484074.81761634,166836.93635688865,201126.82937656026
0.00010286616250729783,78466447.94058107,166795.93667500233,200889.1107822522
0.00010357955461130838,77462215.79625618,166754.68318096374,200650.40717129878
0.00010429789419543952,76471198.66128826,166713.17450117314,200410.7178566809
0.00010502121557119975,75493219.2512827,166671.40925715223,200170.04218787115
0.00010574955328805382,74528102.68751171,166629.38606556132,199928.37955113055
0.0001064829421350713,73575676.46408169,166587.103538217,199685.7293698053
0.00010722141714258997,72635770.41554625,166544.56028211082,199442.0911046204
0.00010796501358388735,71708216.68496665,166501.7548994281,199197.46425397182
0.00010871376697686723,70792849.69240467,166458.68598756765,198951.8483542177
0.00010946771308575447,69889506.1038515,166415.3521391619,198705.2429799668
0.00011022688792280501,68998024.80057728,166371.75194209782,198457.64774436495
0.00011099132775002425,68118246.84890431,166327.88397953846,198209.06229938066
0.00011176106908090085,67250015.47038992,166283.74682994495,197959.48633608726
0.00011253614868214908,66393176.01242112,166239.3390670994,197708.91958494447
0.00011331660357546669,65547575.91920826,166194.65926012813,197457.36181607554
0.00011410247103930152,64713064.70317859,166149.7059735259,197204.81283954572
0.00011489378861063387,63889493.916758455,166104.4777671805,196951.27250563394
0.00011569059408676764,63076717.12454463,166058.97319639832,196696.74070510655
0.00011649292552713763,62274589.87585278,166013.19081193022,196441.21736948588
0.00011730082125512546,61482969.6776458,165967.12915999847,196184.70247131708
0.00011811431985989209,60701715.96782816,165920.7867823241,195927.19602443278
0.00011893346019821903,59930690.088909745,165874.16221615497,195668.69808421467
0.00011975828139636636,59169755.26202619,165827.25399429476,195409.20874785303
0.00012058882285193956,58418776.561318405,165780.06064513253,195148.72815460316
0.00012142512423577336,57677620.88865887,165732.58069267278,194887.2564860389
0.0001222672254938246,56946156.94872736,165684.81265656673,194624.79396630413
0.00012311516684908232,56224255.22442415,165636.75505214377,194361.34086236008
0.00012396898880348686,55511787.952623025,165588.40639044417,194096.89748423125
0.0001248287321398666,54808629.10025238,165539.76517825216,193831.46418524708
0.00012569443792388388,54114654.34070718,165490.8299181299,193565.0413622816
0.00012656614750599846,53429741.030580215,165441.59910845224,193297.62945598867
0.00012744390252344073,52753768.186714604,165392.07124344216,193029.22895103577
0.00012832774490220244,52086616.463567406,165342.24481320698,192759.8403763327
0.0001292177168590373,51428168.13088578,165292.11830377558,192489.4643052588
0.00013011386090347918,50778307.051685594,165241.69019713605,192218.1013558854
0.000131016219839872,50136918.66053315,165190.9589712743,191945.75219119535
0.00013192483676941326,49503889.94212404,165139.9231002136,191672.41751930007
0.0001328397550922148,48879109.41015304,165088.58105405478,191398.09809365091
0.00013376101850937357,48262467.08647572,165036.93129901707,191122.7947132494
0.00013468867102506114,47653854.48055232,164984.97229748018,190846.50822285173
0.00013562275694862358,47053164.5691753,164932.7025080269,190569.23951317143
0.00013656332089669984,46460291.77647169,164880.1203854866,190290.98952107673
0.00013751040779535082,45875131.95418137,164827.22438097958,190011.75922978512
0.0001384640628822074,45297582.362202525,164774.01294196225,189731.54966905358
0.0001394243317086291,44727541.64940565,164720.4845122733,189450.36191536539
0.00014039126014188193,44164909.83470746,164666.63753218047,189168.19709211212
0.0001413648943673271,43609588.28840604,164612.47043842837,188885.05636977282
0.00014234528089062927,43061479.7137687,164557.98166428713,188600.94096608768
0.00014333246653997565,42520488.12887413,164503.16963960207,188315.85214622956
0.00014432649846831506,41986518.848700345,164448.0327908439,188029.79122296852
0.00014532742415560783,41459478.467459865,164392.56954116013,187742.7595568356
0.000146335291411096,40939274.84117426,164336.77831042733,187454.75855627886
0.00014735014837558472,40425817.07048898,164280.6575153042,187165.78967781807
0.00014837204352374382,39919015.48372112,164224.20556928552,186875.85442619253
0.0001494010256664211,39418781.62014094,164167.4208827573,186584.95435450668
0.00015043714395297593,38925028.21347991,164110.30186305245,186293.09106436957
0.00015148044787362464,38437669.175666355,164052.8469145076,186000.26620603044
0.00015253098726180674,37956619.58078119,163995.05443852104,185706.48147851008
0.0001535888122965628,37481795.64923521,163936.92283361117,185411.73862972713
0.00015465397350493377,37013114.7321605,163878.4504954762,185116.03945661927
0.00015572652176437185,36550495.29601735,163819.6358170548,184819.3858052612
0.00015680650830517316,36093856.90740938,163760.4771885876,184521.77957097616
0.00015789398471292227,35643120.21810845,163700.9729976797,184223.22269844383
0.00015898900293095879,35198206.95028199,163641.12162936412,183923.7171818027
0.00016009161526285565,34759039.881924555,163580.92146616633,183623.26506474815
0.0001612018743749203,34325542.832486086,163520.37088816968,183321.86844062497
0.0001623198332987074,33897640.648699,163459.46827308182,183019.5294525157
0.0001634455454335547,33475259.19059665,163398.21199630207,182716.2502933231
0.00016457906454913094,33058325.317725103,163336.60043099007,182412.03320584822
0.00016572044478800683,32646766.875541124,163274.63194813495,182106.88048286305
0.0001668697406682385,32240512.681998186,163212.3049166259,181800.79446717852
0.00016802700708597426,31839492.514313757,163149.6177033237,181493.7775517065
0.00016919229931807394,31443637.095919352,163086.568673133,181185.83217951763
0.00017036567302475202,31052878.08358697,163023.15618907614,180876.96084389286
0.00017154718425223343,30667148.05473333,162959.37861236744,180567.1660883711
0.0001727368894354334,30286380.494895726,162895.23430248883,180256.45050678993
0.00017393484540065022,29910509.785380848,162830.72161726654,179944.81674332242
0.00017514110936828244,29539471.19108048,162765.83891294867,179632.2674925077
0.00017635573895555918,29173200.848455496,162700.58454428404,179318.80549927682
0.00017757879217929494,28811635.753682274,162634.95686460182,179004.4335589723
0.00017881032745865807,28454713.750962734,162568.9542258925,178689.1545173635
0.00018005040361796396,28102373.52099235,162502.5749788895,178372.97127065517
0.00018129907988948186,27754554.569587514,162435.81747315248,178055.8867654916
0.00018255641591626674,27411197.216466457,162368.68005715116,177737.90399895466
0.00018382247175500698,27072242.58418471,162301.16107835041,177419.0260185563
0.00018509730787889193,26737632.587221496,162233.25888329654,177099.2559222261
0.00018638098518050295,26407309.921214294,162164.97181770447,176778.5968582923
0.000187673564974719,26081218.052341886,162096.29822654615,176457.0520254582
0.0001889751090016483,25759301.20685091,162027.2364541398,176134.6246727717
0.00019028567942957445,25441504.360726885,161957.78484424073,175811.31809959092
0.00019160533885792874,25127773.229504872,161887.94174013264,175487.1356555426
0.00019293415032027732,24818054.258220825,161817.7054847207,175162.0807404756
0.0001942721772873351,24512294.611498527,161747.07442062494,174836.1568044082
0.0001956194836699941,24210442.163773578,161676.0468902755,174509.3673474709
0.00019697613382237958,23912445.489649206,161604.62123600848,174181.71591984175
0.00019834219254492052,23618253.854385458,161532.79580016318,173853.20612167745
0.0001997177250874482,23327817.2045166,161460.5689251802,173523.8416030375
0.00020110279715230943,23041086.158598177,161387.93895370088,173193.62606380417
0.00020249747489750825,22758011.998079002,161314.90422866776,172862.56325359477
0.0002039018249398626,22478546.658299096,161241.4630934261,172530.65697167013
0.0002053159143581897,22202642.719609242,161167.61389182662,172197.91106683548
0.00020673981069650643,21930253.39861311,161093.35496832922,171864.32943733706
0.00020817358196725935,21661332.539527554,161018.68466810804,171529.91603075198
0.00020961729665456967,21395834.605662253,160943.6013371574,171194.67484387313
0.0002110710237175078,21133714.671014328,160868.103322399,170858.6099225874
0.00021253483259338387,20874928.411978986,160792.18897179016,170521.72536174886
0.00021400879320106775,20619432.09917208,160715.85663443324,170184.0253050455
0.0002154929759443254,20367182.58936547,160639.10466068622,169845.5139448615
0.00021698745171518498,20118137.317531306,160561.93140227423,169506.19552213178
0.0002184922918973197,19872254.288996097,160484.33521240245,169166.0743261927
0.0002200075683694609,19629492.071700614,160406.31444586982,168825.15469462558
0.00022153335350882778,19389809.78856671,160327.8674591842,168483.44101309567
0.0002230697201945881,19153167.109967053,160248.9926106783,168140.9377151841
0.0002246167418113357,18919524.24629886,160169.68826062724,167797.64928221534
0.00022617449225259924,18688841.94065777,160089.95277136646,167453.58024307812
0.00022774304592436813,18461081.46161287,160009.7845074116,167108.73517404133
0.00022932247774865025,18236204.596079152,159929.18183557873,166763.1186985632
0.00023091286316704685,18014173.64228838,159848.14312510623,166416.73548709627
0.00023251427814435972,17794951.40285479,159766.66674777755,166069.59025688478
0.00023412679917221598,17578501.17793637,159684.7510780451,165721.68777175897
0.00023575050327272545,17364786.758488514,159602.39449315518,165373.03284192117
0.0002373854680021557,17153772.419610728,159519.59537327418,165023.63032372826
0.0002390317714546406,16945422.913983066,159436.35210161572,164673.48511946676
0.00024068949226590635,16739703.46539307,159352.6630645689,164322.602177125
0.00024235870961703164,16536579.762350183,159268.52665182768,163970.98649015612
0.00024403950323822568,16336017.951788053,159183.94125652147,163618.64309723937
0.00024573195341264046,16137984.63285191,159098.90527534648,163265.57708203315
0.00024743614098020165,15942446.850771615,159013.41710869843,162911.793572924
0.0002491521473414737,15749372.090817327,158927.4751608062,162557.29774276935
0.0002508800544615441,15558728.272338532,158841.07783986675,162202.09480863597
0.0002526199448739424,15370483.742883487,158754.22355818047,161846.19003153153
0.0002543719016845784,15184607.272399768,158666.9107322887,161489.58871613268
0.00025613600857571524,15001068.047513032,158579.13778311107,161132.29621050594
0.00025791234980996496,14819835.665884456,158490.90313608473,160774.3179058245
0.0002597010102343118,14640880.13064498,158402.20522130444,160415.65923608025
0.0002615020752841685,14464171.844905064,158313.0424736633,160056.32567778858
0.00026331563098745296,14289681.60633998,158223.41333299506,159696.3227496905
0.0002651417639687016,14117380.601848193,158133.31624421699,159335.6560124477
0.00026698056145320266,13947240.402283357,158042.74965747414,158974.33106833385
0.00026883211127116697,13779232.957257317,157951.71202828418,158612.35356091987
0.0002706965018619186,13613330.590014817,157860.20181768382,158249.72917475516
0.00027257382227812376,13449505.99237724,157768.21749237535,157886.46363504278
0.0002744641621900398,13287732.219756097,157675.7575248752,157522.56270731104
0.0002763676118898029,13127982.686233709,157582.82039366243,157158.03219707863
0.00027828426229573646,12970231.159711719,157489.40458332916,156792.87794951684
0.000280214204956698,12814451.757125,157395.50858473097,156427.1058491048
0.0002821575320564478,12660618.93972149,157301.13089513918,156060.72181928245
0.0002841143364180565,12508707.508405712,157206.27001839326,155693.73182209625
0.0002860847115083342,12358692.599146424,157110.92446505462,155326.14185784274
0.0002880687514422995,12210549.678446166,157015.0927525612,154957.95796470536
0.0002900665509876702,12064254.538873283,156918.773405383,154589.18621838844
0.00029207820556939487,11919783.294654075,156821.96495517818,154219.83273174547
0.0002941038112742056,11777112.3773258,156724.6659409506,153849.90365440404
0.00029614346485521293,11636218.531448139,156626.87490920754,153479.40517238504
0.00029819726373652187,11497078.810373848,156528.590414119,153108.3435077193
0.0003002653060178907,11359670.572076326,156429.81101767713,152736.72491805817
0.0003023476904794115,11223971.475034721,156330.53528985693,152364.55569628146
0.00030444451658623355,11089959.474174427,156230.76180877755,151991.84217009967
0.0003065558844933091,10957612.816863563,156130.48916086464,151618.590701654
0.0003086818950501824,10826910.03896333,156029.7159410129,151244.80768711018
0.00031082264980580176,10697829.960932823,155928.44075275032,150870.49955625058
0.000312978251013375,10570351.683986276,155826.66220840203,150495.67277206018
0.00031514880163524865,10444454.58630327,155724.37892925603,150120.33383031082
0.0003173344053478309,10320118.31928995,155621.58954572858,149744.48925913955
0.00031953516654653863,10197322.803891797,155518.2926975312,149368.14561862528
0.000321751190350789,10076048.226955978,155414.48703383762,148991.30950036002
0.00032398258260901545,9956275.037643872,155310.171213452,148613.98752701795
0.0003262294499037285,9837983.943891848,155205.3439049772,148236.1863519195
0.0003284918995566016,9721155.908920828,155100.0037869844,147857.91265859362
0.0003307700396336026,9605772.147792814,154994.14954818253,147479.17316033485
0.0003330639789501502,9491814.124014845,154887.77988758896,147099.97459975877
0.0003353738270763169,9379263.546188684,154780.8935147003,146720.32374835253
0.00033769969434205716,9268102.364706634,154673.48914966427,146340.22740602377
0.0003400416918424828,9158312.768491816,154565.56552345146,145959.69240064462
0.000342399931443164,9049877.18178336,154457.12137802815,145578.7255875945
0.00034477452578547793,8942778.260964833,154348.15546652942,145197.33384929827
0.0003471655882919838,8836998.89143636,154238.66655343265,144815.52409476275
0.0003495732331718458,8732522.184528826,154128.6534147317,144433.30325910894
0.00035199757542628285,8629331.474460568,154018.11483811136,144050.67830310305
0.00035443873085406655,8527410.315335026,153907.0496231222,143667.65621268333
0.00035689681605705,8426742.478179593,153795.45658135595,143284.24399848495
0.00035937194844573556,8327311.948024721,153683.33453662123,142900.44869536263
0.00036186424624488753,8229102.921022514,153570.68232511941,142516.2773619096
0.0003643738284991737,8132099.801604962,153457.49879562124,142131.7370799755
0.00036690081507885714,8036287.199680391,153343.7828096432,141746.8349541801
0.00036944532668551613,7941649.92786849,153229.53324162477,141361.57811142702
0.00037200748485781524,7848172.99877255,153114.74897910526,140975.97370041267
0.0003745874119773047,7755841.622289235,152999.4289229017,140590.02889113527
0.000377185231274272,7664641.202954509,152883.57198728598,140203.75087439988
0.00037980106683362195,7574557.337326134,152767.17710016327,139817.14686132298
0.0003824350436008095,7485575.811401306,152650.2432032494,139430.2240828337
0.0003850872873878021,7397682.598069879,152532.76925224953,139042.98978917435
0.00038775792487909456,7310863.854601789,152414.75421703595,138655.45124939785
0.00039044708363775475,7225105.92016907,152296.19708182674,138267.615750865
0.0003931548921115222,7140395.313401174,152177.09684536382,137879.4905987381
0.0003958814796389375,7056718.729973915,152057.45252109182,137491.08311547546
0.00039862697645552653,6974063.040230847,151937.26313733586,137102.40064032105
0.0004013915137000144,6892415.286837332,151816.52773748053,136713.45052879644
0.00040417522342059626,6811762.682466147,151695.2453801478,136324.24015218797
0.00040697823858123756,6732092.607514925,151573.4151393756,135934.77689703545
0.00040980069306803215,6653392.607854281,151451.03610479564,135545.0681646167
0.00041264272169559024,6575650.39260688,151328.1073818117,135155.12137043398
0.00041550446021348486,6498853.831956367,151204.62809177718,134764.94394369645
0.0004183860453127291,6422990.9549864195,151080.59737217313,134374.5433268041
0.0004212876146323118,6348049.947548831,150956.01437678523,133983.9269748283
0.00042420930676576534,6274019.150160903,150830.87827588132,133593.102354994
0.00042715126126779225,6200887.055931092,150705.18825638806,133202.0769461584
0.000430113618660924,6128642.308513164,150578.94352206765,132810.8582382915
0.00043309652044224036,6057273.700087819,150452.14329369387,132419.45373195366
0.0004361001090901207,5986770.169372087,150324.78680922813,132027.8709377745
0.0004391245280710567,5917120.799655419,150196.87332399475,131636.11737592943
0.0004421699218464979,5848314.816862801,150068.4021108561,131244.2005756175
0.000445236435879759,5780341.587643859,149939.37246038704,130852.12807453709
0.00044832421664296073,5713190.617488227,149809.78368104895,130459.907418363
0.0004514334116240334,5646851.548866205,149679.63509936322,130067.54616022164
0.00045456416933375434,5581314.159395001,149548.9260600844,129675.05186016747
0.0004577166393128488,5516568.360029536,149417.65592637216,129282.43208465786
0.0004608909721391255,5452604.193278151,149285.82407996332,128889.69440602954
0.00046408731943467626,5389411.831442222,149153.42992134267,128496.8464019732
0.0004673058338731111,5326981.574879994,149020.47286991356,128103.89565501016
0.0004705466691868576,5265303.850293673,148886.95236416723,127710.84975196728
0.000473809980174497,5204369.209040089,148752.86786185196,127317.71628345366
0.00047709592270816543,5144168.32546397,148618.2188401408,126924.50284333619
0.00048040465374099155,5084691.9952541655,148483.00479579912,126531.21702821687
0.00048373633131460115,5025931.133821855,148347.22524535077,126137.86643690935
0.00048709111456665823,4967876.774701082,148210.87972524355,125744.45866991686
0.0004904691637384741,4910520.067970704,148073.9677920138,125351.00132890952
0.0004938706401826533,4853852.278698024,147936.48902245009,124957.502016204
0.0004972957063708076,4797864.785403298,147798.44301375543,124563.96833424186
0.0005007445259013137,4742549.078545226,147659.82938370906,124170.40788507
0.0005042172635071242,4687896.75902701,147520.6477708269,123776.82826982174
0.000507714085063643,4633899.536722493,147380.89783452076,123383.23708819794
0.0005112351575966409,4580549.229022548,147240.57925525674,122989.64193795032
0.000514780649290241,4527837.759400915,147099.6917347119,122596.05041436401
0.000518350729494944,4475757.155999748,146958.23499593048,122202.47010974347
0.0005219455687357263,4424299.550234081,146816.20878347819,121808.90861289694
0.0005255653387201751,4373457.175415485,146673.61286359563,121415.37350862434
0.0005292102123467003,4323222.365394112,146530.44702435017,121021.87237720468
0.0005328803637127834,4273587.553219406,146386.7110757866,120628.41279388596
0.0005365759681233019,4224545.269818738,146242.4048500763,120235.00232837551
0.0005402972020988944,4176088.142694165,146097.52820166518,119841.6485443325
0.0005440442433844008,4128208.894636634,145952.08100741974,119448.358998861
0.0005478172709573433,4080900.3424578332,145806.0631667722,119055.14124200582
0.0005516164650364844,4034155.3957390045,145659.47460186353,118662.00281624822
0.0005554420070904258,3987967.0555969216,145512.31525768558,118268.95125600547
0.0005592940798462854,3942328.4134663814,145364.58510222062,117875.99408712934
0.0005631728672984165,3897232.649899385,145216.2841265805,117483.13882640927
0.0005670785547172048,3852673.033380388,145067.41234514277,117090.3929810745
0.0005710113286579092,3808642.9191577896,144917.96979568657,116697.76404830087
0.0005749713769695816,3765135.748091049,144767.95653952527,116305.25951471663
0.0005789588888040302,3722145.0455136145,144617.3726616386,115912.88685591282
0.0005829740546248641,3679664.420111035,144466.21827080188,115520.65353595349
0.0005870170662165805,3637687.5628144764,144314.4934997146,115128.56700688986
0.0005910881166937358,3596208.2457089988,144162.19850512585,114736.63470827487
0.0005951874005101594,3555220.3209568136,144009.33346795882,114344.86406668134
0.000599315113468252,3514717.719734919,143855.89859343268,113953.26249522109
0.000603471452728328,3474694.4511872963,143701.894111183,113561.83739306756
0.0006076566168180425,3435144.6013911003,143547.3202753797,113170.59614497924
0.000611870805641865,3396062.332337009,143392.17736484326,112779.5461208273
0.0006161142204906365,3357441.8809231976,143236.4656831586,112388.69467512357
0.0006203870640511751,3319277.557963085,143080.18555878705,111998.0491465528
0.0006246895404159673,3281563.7472063247,142923.337345176,111607.61685750606
0.000629021855092906,3244294.9043732127,142765.92142086636,111217.40511361764
0.000633384215015117,3207465.5562019697,142607.93818959783,110827.42120330351
0.0006377768285508328,3171070.299509079,142449.38808041223,110437.67239730385
0.0006421999055133559,3135103.8002621466,142290.27154775368,110048.16594822636
0.0006466536571710698,3099560.7926654685,142130.5890715676,109658.9090900944
0.000651138296257541,3064436.078257779,141970.34115739615,109269.90903789562
0.0006556540369816692,3029724.5250223614,141809.52833647237,108881.17298713565
0.0006602010950379306,2995421.0665090075,141648.1511658112,108492.70811339264
0.0006647796876166687,2961520.700968005,141486.21022829833,108104.52157187632
0.0006693900334144797,2928018.490495662,141323.7061327763,107716.62049698834
0.0006740323526446479,2894909.560191517,141160.63951412865,107329.01200188734
0.000678706867047675,2862189.097326781,140997.01103336073,106941.70317805531
0.0006834137999018601,2829852.3505241578,140832.82137767872,106554.70109486842
0.0006881533760339763,2797894.628948576,140668.07126056537,106168.01279916965
0.000692925821829998,2766311.301508997,140502.76142185376,105781.64531484581
0.0006977313652459242,2735097.796070858,140336.89262779767,105395.60564240633
0.0007025702358186625,2704249.5986792212,140170.46567114,105009.90075856633
0.000707442664676989,2673762.252792408,140003.4813711779,104624.53761583273
0.0007123488845525976,2643631.358525884,139835.94057382533,104239.5231420925
0.0007172891297912055,2613852.571906461,139667.84415167314,103854.86424020621
0.0007222636363637578,2584421.604136426,139499.19300404575,103470.56778760263
0.0007272726418776876,2555334.2208677195,139329.9880570556,103086.64063587863
0.0007323163855882764,2526586.2414857675,139160.23026365435,102703.08961040102
0.0007373951084100707,2498173.538403095,138989.92060368136,102319.9215099127
0.0007425090529284013,2470092.0363623225,138819.06008390928,101937.14310614184
0.000747658463410958,2442337.711748687,138647.64973808674,101554.76114341478
0.0007528435858194697,2414906.591911697,138475.69062697765,101172.78233827166
0.0007580646678214399,2387794.7544960366,138303.18383839857,100791.2133790872
0.0007633219588019894,2360998.326781372,138130.13048725156,100410.0609256928
0.0007686157098757553,2334513.485031154,137956.5317155557,100029.33160900473
0.0007739461738988989,2308336.4538500705,137782.388692474,99649.03203065328
0.0007793136054811694,2282463.5055502667,137607.70261433854,99269.16876261831
0.0007847182609980794,2256890.959525968,137432.47470467148,98889.74834686577
0.0007901603986031368,2231615.181636647,137256.70621420382,98510.7772949902
0.0007956402782401893,2206632.5835983516,137080.39842089033,98132.26208785907
0.0008011581616558269,2181939.622383351,136903.55262992202,97754.20917526279
0.0008067143124118978,2157532.799627727,136726.17017373463,97376.62497556626
0.0008123089958980841,2133408.6610470535,136548.25241201484,96999.51587536621
0.0008179424793445916,2109563.795859801,136369.80073170256,96622.88822915104
0.0008236150318348999,2085994.8362186218,136190.81654699048,96246.7483589654
0.0008293269243186299,2062698.4566491402,136011.30129931998,95871.10255407763
0.0008350784296244713,2039671.373496415,135831.25645737434,95495.95707065219
0.0008408698224732278,2016910.3443787096,135650.68351706798,95121.31813142486
0.0008467013794909264,1994412.1676487124,135469.58400153328,94747.19192538298
0.0008525733792220429,1972173.681861876,135287.95946110314,94373.58460744855
0.0008584861021427939,1950191.7652520104,135105.81147329137,94000.50229816628
0.0008644398306745469,1928463.3352137916,134923.14164276855,93627.95108339457
0.0008704348491972966,1906985.34779233,134739.95160133572,93255.93701400165
0.0008764714440632623,1885754.7971794733,134556.24300789385,92884.46610556453
0.000882549903610551,1864768.7152169726,134372.01754841063,92513.54433807316
0.0008886705181769451,1844024.1709062003,134187.2769358833,92143.17765563738
0.0008948335801137546,1823518.2699245506,134002.02291029875,91773.37196619924
0.000901039383799797,1803248.1541482108,133816.25723858972,91404.13314124804
0.0009072882256554431,1783211.0011814313,133629.98171458818,91035.46701554098
0.0009135804041567905,1763404.0238920012,133443.19815897456,90667.37938682616
0.0009199162198499051,1743824.469953042,133255.9084192246,90299.8760155715
0.0009262959753651922,1724469.6213908393,133068.11436955185,89932.9626246961
0.0009327199754318359,1705336.7941388236,132879.81791084755,89566.64489930743
0.0009391885268923706,1686423.337597424,132691.02097061646,89200.9284864408
0.0009457019387173211,1667726.6341999057,132501.72550291012,88835.81899480504
0.0009522605220199765,1649244.0989839225,132311.93348825566,88471.32199453027
0.000958864590071235,1630973.1791688853,132121.6469335823,88107.44301692197
0.0009655144583145827,1612911.3537389,131930.86787214357,87744.18755421725
0.0009722104443811444,1595056.1330313643,131739.5983634369,87381.5610593469
