{
  "task": "12.3 - Final validation and deployment preparation",
  "validation_date": "2025-10-22 21:51:26",
  "system_version": "1.0.0",
  "certification_status": "CERTIFIED",
  "validation_results": {
    "numerical_equivalence": {
      "status": "PASS",
      "details": {
        "lcdm_cmb_bao": {
          "status": "PASS",
          "chi2": 5400.091768538951,
          "dof": 9,
          "aic": 5408.091768538951,
          "bic": 5410.351565968797,
          "params": {
            "H0": 67.4,
            "Om0": 0.315,
            "Obh2": 0.02237,
            "ns": 0.9649,
            "Neff": 3.046,
            "Tcmb": 2.7255,
            "recomb_method": "PLANCK18"
          }
        },
        "lcdm_cmb_bao_sn": {
          "status": "PASS",
          "chi2": 7027.932051211426,
          "dof": 159,
          "aic": 7035.932051211426,
          "bic": 7048.307052014653,
          "params": {
            "H0": 67.4,
            "Om0": 0.315,
            "Obh2": 0.02237,
            "ns": 0.9649,
            "Neff": 3.046,
            "Tcmb": 2.7255,
            "recomb_method": "PLANCK18"
          }
        },
        "pbuf_cmb_bao": {
          "status": "PASS",
          "chi2": 7027.932051211426,
          "dof": 154,
          "aic": 7045.932051211426,
          "bic": 7073.775803018687,
          "params": {
            "H0": 67.4,
            "Om0": 0.315,
            "Obh2": 0.02237,
            "ns": 0.9649,
            "alpha": 0.0005,
            "Rmax": 1000000000.0,
            "eps0": 0.7,
            "n_eps": 0.0,
            "k_sat": 0.9762,
            "Neff": 3.046,
            "Tcmb": 2.7255,
            "recomb_method": "PLANCK18"
          }
        },
        "pbuf_cmb_bao_sn": {
          "status": "PASS",
          "chi2": 7027.932051211426,
          "dof": 154,
          "aic": 7045.932051211426,
          "bic": 7073.775803018687,
          "params": {
            "H0": 67.4,
            "Om0": 0.315,
            "Obh2": 0.02237,
            "ns": 0.9649,
            "alpha": 0.0005,
            "Rmax": 1000000000.0,
            "eps0": 0.7,
            "n_eps": 0.0,
            "k_sat": 0.9762,
            "Neff": 3.046,
            "Tcmb": 2.7255,
            "recomb_method": "PLANCK18"
          }
        }
      }
    },
    "integrity_checks": {
      "status": "PASS",
      "details": {
        "lcdm_cmb_bao": "PASS",
        "lcdm_cmb_bao_sn": "PASS",
        "pbuf_cmb_bao": "PASS",
        "pbuf_cmb_bao_sn": "PASS"
      }
    },
    "performance_requirements": {
      "status": "PASS",
      "details": {
        "Individual CMB+BAO": {
          "duration": 0.0013883113861083984,
          "max_allowed": 30.0,
          "meets_requirement": true,
          "status": "PASS"
        },
        "Full joint analysis": {
          "duration": 0.002215147018432617,
          "max_allowed": 60.0,
          "meets_requirement": true,
          "status": "PASS"
        },
        "PBUF analysis": {
          "duration": 0.001766204833984375,
          "max_allowed": 30.0,
          "meets_requirement": true,
          "status": "PASS"
        }
      }
    }
  },
  "deployment_artifacts": {
    "checklist_file": "deployment_checklist.json",
    "readme_file": "DEPLOYMENT_CHECKLIST.md",
    "migration_guide": "MIGRATION_GUIDE.md"
  },
  "recommendations": [
    "System is certified for production deployment",
    "Follow deployment checklist for safe rollout",
    "Use joint fitting (CMB+BAO minimum) for robust results",
    "Monitor performance during initial deployment phase"
  ],
  "next_steps": [
    "Execute deployment checklist steps 1-6",
    "Set up production monitoring",
    "Train team on unified system usage",
    "Plan legacy system retirement"
  ]
}