{
  "run_id": "JOINT_SN_BAO_CMB_LCDM_20251020-134420",
  "timestamp": "2025-10-20T13:44:20+08:00",
  "model": "LCDM",
  "mock": false,
  "parameters": {
    "H0": 73.19977768437197,
    "Om0": 0.2530361657394493,
    "Obh2": 0.023720112498747413,
    "Tcmb": 2.7255,
    "Neff": 3.046,
    "ns": 0.9649
  },
  "metrics": {
    "total": {
      "chi2": 2189.0973964315917,
      "dof": 1713,
      "chi2_dof": 1.2779319301994114,
      "AIC": 2195.0973964315917,
      "BIC": 2211.4406502717356,
      "p_value": 3.335380009353332e-14
    },
    "sn": {
      "chi2": 1837.177671033805,
      "dof": 1698,
      "chi2_dof": 1.0819656484298026,
      "AIC": 1843.177671033805,
      "BIC": 1859.4945858109925,
      "p_value": 0.009710577168930671
    },
    "bao": {
      "chi2": 121.80732517699103,
      "dof": 2,
      "chi2_dof": 60.903662588495514,
      "AIC": 127.80732517699103,
      "BIC": 126.63563891429332,
      "p_value": 3.547116153922599e-27
    },
    "bao_ani": {
      "chi2": 52.884884906097305,
      "dof": 3,
      "chi2_dof": 17.6282949686991,
      "AIC": 58.884884906097305,
      "BIC": 58.26016331378147,
      "p_value": 1.93994711283023e-11
    },
    "cmb": {
      "chi2": 177.2275153146982,
      "dof": 1,
      "chi2_dof": 177.2275153146982,
      "AIC": 183.2275153146982,
      "BIC": 181.38639839805788,
      "p_value": 1.953402171841227e-40
    }
  },
  "dataset": {
    "name": "Joint SN+BAO+CMB",
    "sn": {
      "name": "Pantheon+ Supernovae",
      "N": 1701,
      "source": "pantheon+",
      "z_prefer": "z_cmb",
      "z_column_used": "z_cmb",
      "release_tag": "PantheonPlusDR1",
      "path": "/home/fabian/PBUF/data/supernovae/derived/supernova_index.csv",
      "covariance": "/home/fabian/PBUF/data/supernovae/derived/supernova_index.cov.npy",
      "raw_files": [
        "/home/fabian/PBUF/data/supernovae/raw/pantheon_plus/Pantheon+SH0ES_STATONLY.cov",
        "/home/fabian/PBUF/data/supernovae/raw/pantheon_plus/README_DISTANCES_AND_COVAR",
        "/home/fabian/PBUF/data/supernovae/raw/pantheon_plus/pantheon_plus_mock.csv",
        "/home/fabian/PBUF/data/supernovae/raw/pantheon_plus/Pantheon+SH0ES_STAT+SYS.cov",
        "/home/fabian/PBUF/data/supernovae/raw/pantheon_plus/Pantheon+SH0ES.dat",
        "/home/fabian/PBUF/data/supernovae/raw/pantheon_plus/fetched.json",
        "/home/fabian/PBUF/data/supernovae/raw/pantheon_plus/pantheon_plus_mock_cov_sys.csv",
        "/home/fabian/PBUF/data/supernovae/raw/pantheon_plus/pantheon_plus_mock_cov_stat.csv"
      ],
      "hashes": [
        {
          "path": "/home/fabian/PBUF/data/supernovae/raw/pantheon_plus/Pantheon+SH0ES_STATONLY.cov",
          "sha256": "9f177129a332735d3637affd20054080d5260815f3ca0809120c05b2c902297f",
          "size": 31827416,
          "kind": "raw"
        },
        {
          "path": "/home/fabian/PBUF/data/supernovae/raw/pantheon_plus/README_DISTANCES_AND_COVAR",
          "sha256": "e2b0d262757f01c1794a938c78d32600a21e289b2a0320e5c660c4c6fc9aa87e",
          "size": 4056,
          "kind": "raw"
        },
        {
          "path": "/home/fabian/PBUF/data/supernovae/raw/pantheon_plus/pantheon_plus_mock.csv",
          "sha256": "ef14878aea4356ca46e6784a0b1c9b118604e59d1eca5781103dc3e89cffd939",
          "size": 228,
          "kind": "raw"
        },
        {
          "path": "/home/fabian/PBUF/data/supernovae/raw/pantheon_plus/Pantheon+SH0ES_STAT+SYS.cov",
          "sha256": "abf806d966485e64afdb359c87bffc0ecc00d05eff0a31ced66f247385df0fdc",
          "size": 33284960,
          "kind": "raw"
        },
        {
          "path": "/home/fabian/PBUF/data/supernovae/raw/pantheon_plus/Pantheon+SH0ES.dat",
          "sha256": "1cb0fc379ef066afdc2ffd1857681cc478024570d8a3eba284fb645775198cf8",
          "size": 579283,
          "kind": "raw"
        },
        {
          "path": "/home/fabian/PBUF/data/supernovae/raw/pantheon_plus/fetched.json",
          "sha256": "6ff50cc55d1ddaf0e69b09454ed2a9630d2c016387bca5a59a85e28ea192854f",
          "size": 1565,
          "kind": "raw"
        },
        {
          "path": "/home/fabian/PBUF/data/supernovae/raw/pantheon_plus/pantheon_plus_mock_cov_sys.csv",
          "sha256": "2fb60e56b29350156f4a9b45ffd8d5c261c439800377c272a8145d8e09428c67",
          "size": 63,
          "kind": "raw"
        },
        {
          "path": "/home/fabian/PBUF/data/supernovae/raw/pantheon_plus/pantheon_plus_mock_cov_stat.csv",
          "sha256": "9517ba7a1f496109672c9f2e96dc13e36e5c7dcb75c7687923d6c1f04822ec54",
          "size": 63,
          "kind": "raw"
        },
        {
          "path": "/home/fabian/PBUF/data/supernovae/derived/supernova_index.csv",
          "sha256": "92cc50ad964cf2a395dd6e5389448f83ce8b57a27c2ea64817bca4a10b115dfc",
          "size": 236191,
          "kind": "derived"
        },
        {
          "path": "/home/fabian/PBUF/data/supernovae/derived/supernova_index.cov.npy",
          "sha256": "f0c2209a998a559fc38b837228582f725844cdae30e13e5f57713dab9f9a21b3",
          "size": 23147336,
          "kind": "derived"
        },
        {
          "path": "/home/fabian/PBUF/data/supernovae/derived/supernova_index.parquet",
          "sha256": "36d6c6d5635badf327f78b923d637386c4b0ce608417b58ca54c81c5810fb1e2",
          "size": 123454,
          "kind": "derived"
        },
        {
          "path": "/home/fabian/PBUF/data/supernovae/derived/cov_components/stat.npy",
          "sha256": "466f556e6e8be448c98ac38a3be468def2ee7587c37a5edc2407aa16093d9afa",
          "size": 23147336,
          "kind": "derived"
        },
        {
          "path": "/home/fabian/PBUF/data/supernovae/derived/cov_components/sys.npy",
          "sha256": "9661b0e1f2c7248083749d2d6d4318bb65a9e482bcd72f4356bfde9aad088314",
          "size": 23147336,
          "kind": "derived"
        }
      ],
      "prepared_at": "2025-10-20T13:12:01+08:00",
      "transform_version": "sn_prepare_v1",
      "notes": "No manipulation of \u03bc, redshifts, or covariance beyond symmetrization.",
      "covariance_components_used": [
        {
          "label": "stat",
          "source": "Pantheon+SH0ES_STATONLY.cov"
        },
        {
          "label": "sys",
          "source": "Pantheon+SH0ES_STAT+SYS.cov - Pantheon+SH0ES_STATONLY.cov"
        }
      ],
      "table_path": "/home/fabian/PBUF/data/supernovae/derived/supernova_index.csv",
      "covariance_path": "/home/fabian/PBUF/data/supernovae/derived/supernova_index.cov.npy",
      "meta_path": "/home/fabian/PBUF/data/supernovae/derived/supernova_index.meta.json",
      "derived_files": [
        "/home/fabian/PBUF/data/supernovae/derived/supernova_index.csv",
        "/home/fabian/PBUF/data/supernovae/derived/supernova_index.cov.npy",
        "/home/fabian/PBUF/data/supernovae/derived/supernova_index.parquet",
        "/home/fabian/PBUF/data/supernovae/derived/cov_components/stat.npy",
        "/home/fabian/PBUF/data/supernovae/derived/cov_components/sys.npy"
      ]
    },
    "bao": {
      "description": "Isotropic BAO distance priors D_V(z)/r_s from low- and mid-z surveys.",
      "release_tag": "BAO_MIXED_DR12",
      "source": "6dF + SDSS MGS + BOSS DR12 consensus",
      "reference": "Beutler+2011, Ross+2015, Alam+2017",
      "unit": "dimensionless ratio",
      "type": "isotropic",
      "resolved_path": "/home/fabian/PBUF/data/bao/bao_mixed.json",
      "source_tag": "primary"
    },
    "bao_ani": {
      "description": "Anisotropic BAO priors on D_M/r_s and H(z)*r_s.",
      "release_tag": "BAO_DR12_ANISOTROPIC",
      "source": "BOSS DR12 anisotropic BAO",
      "reference": "Alam et al. 2017 (SDSS Collaboration)",
      "unit": "dimensionless ratio",
      "type": "anisotropic",
      "resolved_path": "/home/fabian/PBUF/data/bao/bao_ani.json",
      "source_tag": "primary"
    },
    "cmb": {
      "source": "Chen, Huang & Wang 2019, arXiv:1808.05724",
      "release_tag": "Planck2018",
      "doi": "10.1088/1475-7516/2019/02/028",