a,H,c_s,integrand
9.72204103484007e-10,709852433519.4703,173085.1859718338,257974585832.2361
9.789464832326746e-10,709852433519.4703,173085.18741553937,254433285494.6189
9.857356223855747e-10,709852433519.4703,173085.18882961987,250940597685.87192
9.925718452261235e-10,709852433519.4703,173085.19021468327,247495855088.178
9.99455478286679e-10,709852433519.4703,173085.19157132498,244098399544.13528
1.0063868503641531e-09,709852433519.4703,173085.19126413908,240747579655.47452
1.0133662925357096e-09,709852433519.4703,173085.19081291652,237442757387.9187
1.0203941381745934e-09,709852433519.4703,173085.1903585647,234183301512.89725
1.0274707229660303e-09,709852433519.4703,173085.18990106185,230968589270.9084
1.0345963849232768e-09,709852433519.4703,173085.18944038614,227798006451.2743
1.0417714644037575e-09,709852433519.4703,173085.1889765156,224670947274.79224
1.0489963041253388e-09,709852433519.4703,173085.18850942806,221586814277.98553
1.0562712491826737e-09,709852433519.4703,173085.1880391012,218545018198.9622
1.0635966470637023e-09,709852433519.4703,173085.18756551255,215544977864.8212
1.0709728476662403e-09,709852433519.4703,173085.1870886395,212586120080.6162
1.0784002033147102e-09,709852433519.4703,173085.18660845928,209667879519.8326
1.0858790687769435e-09,709852433519.4703,173085.18612494893,206789698616.38483
1.0934098012811435e-09,709852433519.4703,173085.18563808536,203951027458.08023
1.1009927605329395e-09,709852433519.4703,173085.18514784533,201151323681.55447
1.1086283087325867e-09,709852433519.4703,173085.1846542054,198390052368.6394
1.1163168105922388e-09,709852433519.4703,173085.18415714204,195666685944.17105
1.124058633353387e-09,709852433519.4703,173085.18365663147,192980704075.18262
1.1318541468043923e-09,709852433519.4703,173085.18315264978,190331593571.49158
1.139703723298167e-09,709852433519.4703,173085.18264517293,187718848287.64236
1.1476077377699316e-09,709852433519.4703,173085.1821341766,185141969026.21045
1.155566567755143e-09,709852433519.4703,173085.1816196365,182600463442.41812
1.1635805934075178e-09,709852433519.4703,173085.18110152797,180093845950.06866
1.1716501975172092e-09,709852433519.4703,173085.18057982626,177621637628.76358
1.1797757655290625e-09,709852433519.4703,173085.18005450652,175183366132.40778
1.1879576855610456e-09,709852433519.4703,173085.1795255436,172778565598.9557
1.1961963484227764e-09,709852433519.4703,173085.17899291223,170406776561.40594
1.2044921476342106e-09,709852433519.4703,173085.178456587,168067545860.00845
1.2128454794444086e-09,709852433519.4703,173085.17791654228,165760426555.69144
1.2212567428504815e-09,709852433519.4703,173085.17737275228,163484977844.66217
1.2297263396166397e-09,709852433519.4703,173085.176825191,161240764974.18893
1.2382546742934029e-09,709852433519.4703,173085.17627383233,159027359159.5308
1.246842154236894e-09,709852433519.4703,173085.1757186499,156844337502.0208
1.255489189628316e-09,709852433519.4703,173085.1751596172,154691282908.26083
1.2641961934935339e-09,709852433519.4703,173085.17459670757,152567784010.43317
1.2729635817228242e-09,709852433519.4703,173085.17402989403,150473435087.69843
1.2817917730907085e-09,709852433519.4703,173085.17345914955,148407835988.6856
1.2906811892759771e-09,709852433519.4703,173085.17288444695,146370592055.0326
1.2996322548818203e-09,709852433519.4703,173085.17230575866,144361314045.9845
1.30864539745613e-09,709852433519.4703,173085.17172305708,142379618064.01968
1.3177210475118903e-09,709852433519.4703,173085.17113631437,140425125481.5084
1.3268596385477626e-09,709852433519.4703,173085.17054550257,138497462868.36667
1.3360616070687796e-09,709852433519.4703,173085.16995059338,136596261920.70996
1.3453273926072182e-09,709852433519.4703,173085.1693515584,134721159390.47984
1.35465743774356e-09,709852433519.4703,173085.16874836906,132871797016.04758
1.3640521881276482e-09,709852433519.4703,173085.16814099648,131047821453.76042
1.3735120924999906e-09,709852433519.4703,173085.16752941173,129248884210.42775
1.3830376027131597e-09,709852433519.4703,173085.16691358556,127474641576.74364
1.3926291737533988e-09,709852433519.4703,173085.16629348852,125724754561.61244
1.4022872637623426e-09,709852433519.4703,173085.16566909102,123998888827.38258
1.4120123340589227e-09,709852433519.4703,173085.16504036324,122296714625.96327
1.4218048491613692e-09,709852433519.4703,173085.16440727515,120617906735.8279
1.4316652768094208e-09,709852433519.4703,173085.16376979652,118962144399.87238
1.4415940879866546e-09,709852433519.4703,173085.1631278969,117329111264.13266
1.4515917569430065e-09,709852433519.4703,173085.1624815456,115718495317.3374
1.4616587612173885e-09,709852433519.4703,173085.16183071173,114129988831.30026
1.4717955816605216e-09,709852433519.4703,173085.16117536428,112563288302.12067
1.4820027024578918e-09,709852433519.4703,173085.16051547189,111018094392.19745
1.4922806111529018e-09,709852433519.4703,173085.1598510031,109494111873.03313
1.5026297986701214e-09,709852433519.4703,173085.15918192605,107991049568.83232
1.513050759338762e-09,709852433519.4703,173085.1585082089,106508620300.86534
1.5235439909162745e-09,709852433519.4703,173085.15782981945,105046540832.60094
1.5341099946121506e-09,709852433519.4703,173085.15714672525,103604531815.58684
1.5447492751118256e-09,709852433519.4703,173085.1564588937,102182317736.08214
1.5554623406008092e-09,709852433519.4703,173085.15576629192,100779626862.41348
1.566249702788947e-09,709852433519.4703,173085.1550688869,99396191193.05899
1.5771118769348868e-09,709852433519.4703,173085.1543666453,98031746405.44002
1.5880493818706533e-09,709852433519.4703,173085.15365953348,96686031805.42384
1.5990627400264541e-09,709852433519.4703,173085.1529475178,95358790277.51183
1.6101524774556215e-09,709852433519.4703,173085.15223056416,94049768235.71555
1.6213191238597655e-09,709852433519.4703,173085.15150863837,92758715575.10321
1.6325632126140353e-09,709852433519.4703,173085.15078170592,91485385624.0186
1.6438852807926227e-09,709852433519.4703,173085.15004973212,90229535096.94824
1.6552858691944022e-09,709852433519.4703,173085.14931268196,88990924048.04018
1.6667655223687888e-09,709852433519.4703,173085.14857052022,87769315825.25645
1.6783247886417081e-09,709852433519.4703,173085.14782321156,86564477025.16234
1.6899642201418147e-09,709852433519.4703,173085.14707072018,85376177448.32849
1.7016843728268497e-09,709852433519.4703,173085.14631301016,84204190055.35016
1.7134858065102249e-09,709852433519.4703,173085.14555004533,83048290923.46567
1.7253690848877201e-09,709852433519.4703,173085.14478178925,81908259203.77731
1.7373347755644365e-09,709852433519.4703,173085.1440082052,80783877079.0526
1.749383450081893e-09,709852433519.4703,173085.1432292562,79674929722.1091
1.761515683945356e-09,709852433519.4703,173085.14244490513,78581205254.76633
1.773732056651284e-09,709852433519.4703,173085.14165511448,77502494707.36766
1.7860331517150377e-09,709852433519.4703,173085.1408598465,76438591978.85156
1.7984195566987348e-09,709852433519.4703,173085.14005906327,75389293797.37473
1.8108918632393466e-09,709852433519.4703,173085.13925272645,74354399681.47182
1.8234506670769119e-09,709852433519.4703,173085.1384407976,73333711901.75494
1.836096568083023e-09,709852433519.4703,173085.13762323794,72327035443.13239
1.8488301702894624e-09,709852433519.4703,173085.13680000833,71334177967.54971
1.8616520819170862e-09,709852433519.4703,173085.13597106957,70354949777.23906
1.8745629154048293e-09,709852433519.4703,173085.135136382,69389163778.47835
1.887563287438981e-09,709852433519.4703,173085.13429590577,68436635445.843
1.9006538189826656e-09,709852433519.4703,173085.1334496007,67497182786.94837
1.9138351353054547e-09,709852433519.4703,173085.13259742636,66570626307.681335
1.9271078660132655e-09,709852433519.4703,173085.13173934212,65656788977.903305
1.9404726450784173e-09,709852433519.4703,173085.13087530696,64755496197.627655
1.9539301108699462e-09,709852433519.4703,173085.13000527959,63866575763.65793
1.9674809061840475e-09,709852433519.4703,173085.12912921846,62989857836.68969
1.9811256782748122e-09,709852433519.4703,173085.1282470817,62125174908.85835
1.9948650788851257e-09,709852433519.4703,173085.12735882725,61272361771.735825
2.0086997642778316e-09,709852433519.4703,173085.1264644126,60431255484.76332
2.02263039526703e-09,709852433519.4703,173085.12556379513,59601695344.122574
2.036657637249672e-09,709852433519.4703,173085.12465693167,58783522852.0294
2.0507821602373276e-09,709852433519.4703,173085.12374377906,57976581686.45175
2.0650046388882215e-09,709852433519.4703,173085.12282429362,57180717671.24042
2.079325752539408e-09,709852433519.4703,173085.1218984314,56395778746.67472
2.0937461852392533e-09,709852433519.4703,173085.12096614818,55621614940.4077
2.1082666257800917e-09,709852433519.4703,173085.12002739948,54858078338.81296
2.1228877677311607e-09,709852433519.4703,173085.11908214042,54105023058.722084
2.137610309471677e-09,709852433519.4703,173085.1181303259,53362305219.55468
2.15243495422423e-09,709852433519.4703,173085.1171719104,52629782915.82621
2.1673624100883533e-09,709852433519.4703,173085.11620684812,51907316190.03625
2.1823933900743817e-09,709852433519.4703,173085.11523509305,51194767005.92609
2.197528612137457e-09,709852433519.4703,173085.11425659872,50491999222.10774
2.212768799211854e-09,709852433519.4703,173085.1132713184,49798878566.05075
2.2281146792454965e-09,709852433519.4703,173085.11227920503,49115272608.4286
2.2435669852347614e-09,709852433519.4703,173085.11128021128,48441050737.81482
2.2591264552594368e-09,709852433519.4703,173085.1102742893,47776084135.730484
2.2747938325180135e-09,709852433519.4703,173085.10926139116,47120245752.03023
2.290569865363164e-09,709852433519.4703,173085.1082414684,46473410280.62853
2.306455307337527e-09,709852433519.4703,173085.1072144724,45835454135.55688
2.322450917209642e-09,709852433519.4703,173085.106180354,45206255427.35346
2.33855745901023e-09,709852433519.4703,173085.10513906387,44585693939.77313
2.3547757020686702e-09,709852433519.4703,173085.10409055225,43973651106.81935
2.371106421049783e-09,709852433519.4703,173085.1030347691,43370009990.08926
2.387550395990776e-09,709852433519.4703,173085.1019716639,42774655256.43322
2.4041084123385397e-09,709852433519.4703,173085.100901186,42187473155.917725
2.4207812609871464e-09,709852433519.4703,173085.09982328417,41608351500.092545
2.4375697383156646e-09,709852433519.4703,173085.09873790693,41037179640.55454
2.4544746462261406e-09,709852433519.4703,173085.09764500248,40473848447.80889
2.471496792181941e-09,709852433519.4703,173085.09654451854,39918250290.41716
2.4886369892463e-09,709852433519.4703,173085.09543640268,39370279014.43371
2.5058960561211967e-09,709852433519.4703,173085.09432060184,38829829923.12231
2.5232748171863986e-09,709852433519.4703,173085.09319706282,38296799756.95451
2.54077410253888e-09,709852433519.4703,173085.09206573185,37771086673.87935
2.5583947480324514e-09,709852433519.4703,173085.090926555,37252590229.865715
2.5761375953177233e-09,709852433519.4703,173085.08977947783,36741211359.71014
2.5940034918822474e-09,709852433519.4703,173085.0886244455,36236852358.11095
2.6119932910910274e-09,709852433519.4703,173085.08746140287,35739416860.999504
2.6301078522273115e-09,709852433519.4703,173085.0862902944,35248809827.12786
2.6483480405335735e-09,709852433519.4703,173085.08511106417,34764937519.91163
2.666714727252882e-09,709852433519.4703,173085.0839236558,34287707489.519302
2.685208789670495e-09,709852433519.4703,173085.08272801258,33817028555.209164
2.7038311111558066e-09,709852433519.4703,173085.08152407745,33352810787.90695
2.722582581204476e-09,709852433519.4703,173085.08031179287,32894965493.025414
2.7414640954809583e-09,709852433519.4703,173085.07909110095,32443405193.51707
2.7604765558612625e-09,709852433519.4703,173085.07786194337,31998043613.161118
2.779620870476076e-09,709852433519.4703,173085.07662426145,31558795660.078262
2.798897953754073e-09,709852433519.4703,173085.075377996,31125577410.47444
2.8183087264656375e-09,709852433519.4703,173085.07412308757,30698306092.60509
2.8378541157668216e-09,709852433519.4703,173085.0728594762,30276900070.961082
2.8575350552436767e-09,709852433519.4703,173085.0715871015,29861278830.67024
2.8773524849567773e-09,709852433519.4703,173085.07030590274,29451362962.115475
2.8973073514861695e-09,709852433519.4703,173085.0690158187,29047074145.761627
2.9174006079765598e-09,709852433519.4703,173085.06771678774,28648335137.19198
2.9376332141828914e-09,709852433519.4703,173085.0664087479,28255069752.348846
2.9580061365161138e-09,709852433519.4703,173085.06509163658,27867202852.979076
2.978520348089392e-09,709852433519.4703,173085.06376539095,27484660332.277004
2.999176828764564e-09,709852433519.4703,173085.06242994763,27107369100.725872
3.0199765651989903e-09,709852433519.4703,173085.06108524287,26735257072.13233
3.0409205508926107e-09,709852433519.4703,173085.05973121242,26368253149.85475
3.062009786235447e-09,709852433519.4703,173085.05836779156,26006287213.21846
3.0832452785553606e-09,709852433519.4703,173085.05699491524,25649290104.11879
3.1046280421662204e-09,709852433519.4703,173085.0556125178,25297193613.806644
3.126159098416274e-09,709852433519.4703,173085.05422053332,24949930469.857708
3.1478394757369824e-09,709852433519.4703,173085.05281889523,24607434323.318344
3.1696702096921203e-09,709852433519.4703,173085.0514075366,24269639736.02918
3.191652343027288e-09,709852433519.4703,173085.04998639005,23936482168.121605
3.213786925719644e-09,709852433519.4703,173085.04855538762,23607897965.68775
3.2360750150281056e-09,709852433519.4703,173085.04711446105,23283824348.617916
3.2585176755438255e-09,709852433519.4703,173085.0456635415,22964199398.60593
3.2811159792410934e-09,709852433519.4703,173085.04420255963,22648962047.318214
3.3038710055284604e-09,709852433519.4703,173085.04273144563,22338052064.72701
3.3267838413003487e-09,709852433519.4703,173085.04125012935,22031410047.601974
3.349855580988941e-09,709852433519.4703,173085.0397585399,21728977408.16077
3.3730873266165115e-09,709852433519.4703,173085.0382566061,21430696362.87445
3.3964801878479805e-09,709852433519.4703,173085.0367442562,21136509921.428307
3.4200352820439598e-09,709852433519.4703,173085.035221418,20846361875.832546
3.4437537343141635e-09,709852433519.4703,173085.0336880187,20560196789.682617
3.4676366775710676e-09,709852433519.4703,173085.0321439851,20277959987.568386
3.491685252584078e-09,709852433519.4703,173085.03058924346,19999597544.62706
3.515900608034006e-09,709852433519.4703,173085.0290237195,19725056276.2403
3.54028390056792e-09,709852433519.4703,173085.0274473384,19454283727.872875
3.5648362948544514e-09,709852433519.4703,173085.02586002494,19187228165.049847
3.5895589636393367e-09,709852433519.4703,173085.02426170328,18923838563.4731
3.6144530878014792e-09,709852433519.4703,173085.02265229702,18664064599.27195
3.6395198564093968e-09,709852433519.4703,173085.02103172938,18407856639.387756
3.6647604667779287e-09,709852433519.4703,173085.0193999229,18155165732.091793
3.6901761245254868e-09,709852433519.4703,173085.01775679964,17905943597.631794
3.7157680436316085e-09,709852433519.4703,173085.0161022811,17660142619.007847
3.741537446495006e-09,709852433519.4703,173085.0144362883,17417715832.87396
3.767485563991863e-09,709852433519.4703,173085.01275874162,17178616920.565998
3.793613635534685e-09,709852433519.4703,173085.011069561,16942800199.251392
3.819922909131475e-09,709852433519.4703,173085.0093686657,16710220613.201065
3.8464146414454015e-09,709852433519.4703,173085.00765597445,16480833725.18052
3.873090097854732e-09,709852433519.4703,173085.0059314055,16254595707.960327
3.8999505525133355e-09,709852433519.4703,173085.00419487647,16031463335.941841
3.926997288411512e-09,709852433519.4703,173085.0024463044,15811393976.898697
3.954231597437336e-09,709852433519.4703,173085.00068560577,15594345583.830858
3.981654780438272e-09,709852433519.4703,173084.9989126965,15380276686.931814
4.0092681472833684e-09,709852433519.4703,173084.99712749192,15169146385.664715
4.037073016925795e-09,709852433519.4703,173084.99532990667,14960914340.948082
4.065070717465906e-09,709852433519.4703,173084.99351985505,14755540767.44805
4.09326258621458e-09,709852433519.4703,173084.99169725043,14552986425.977581
4.1216499697571615e-09,709852433519.4703,173084.98986200587,14353212615.998886
4.150234224017745e-09,709852433519.4703,173084.98801403365,14156181168.229422
4.1790167143240154e-09,709852433519.4703,173084.98615324555,13961854437.348694
4.207998815472351e-09,709852433519.4703,173084.98427955268,13770195294.806402
4.23718191179357e-09,709852433519.4703,173084.98239286552,13581167121.72804
4.266567397219008e-09,709852433519.4703,173084.98049309396,13394733801.918673
4.296156675347176e-09,709852433519.4703,173084.97858014726,13210859714.962036
4.325951159510696e-09,709852433519.4703,173084.97665393408,13029509729.415482
4.35595227284388e-09,709852433519.4703,173084.97471436238,12850649196.09723
4.386161448350667e-09,709852433519.4703,173084.97276133954,12674243941.466433
4.416580128973148e-09,709852433519.4703,173084.97079477223,12500260261.093464
4.447209767660376e-09,709852433519.4703,173084.9688145666,12328664913.220928
4.478051827437841e-09,709852433519.4703,173084.96682062797,12159425112.411947
4.50910778147731e-09,709852433519.4703,173084.96481286117,11992508523.286346
4.540379113167273e-09,709852433519.4703,173084.96279117026,11827883254.342142
4.571867316183684e-09,709852433519.4703,173084.9607554587,11665517851.862896
4.603573894561378e-09,709852433519.4703,173084.95870562928,11505381293.907688
4.635500362765878e-09,709852433519.4703,173084.95664158405,11347442984.384165
4.667648245765806e-09,709852433519.4703,173084.95456322443,11191672747.202429
4.70001907910561e-09,709852433519.4703,173084.95247045116,11038040820.51008
4.732614408978968e-09,709852433519.4703,173084.95036316427,10886517851.005526
4.765435792302699e-09,709852433519.4703,173084.9482412631,10737074888.329449
4.798484796791009e-09,709852433519.4703,173084.94610464634,10589683379.533998
4.83176300103046e-09,709852433519.4703,173084.94395321188,10444315163.627026
4.865271994555341e-09,709852433519.4703,173084.94178685697,10300942466.191689
4.899013377923581e-09,709852433519.4703,173084.9396054782,10159537894.07987
4.932988762793273e-09,709852433519.4703,173084.93740897128,10020074430.178055
4.96719977199954e-09,709852433519.4703,173084.93519723133,9882525428.245863
5.001648039632105e-09,709852433519.4703,173084.93297015276,9746864607.824726
5.03633521111341e-09,709852433519.4703,173084.93072762917,9613066049.216404
5.071262943277082e-09,709852433519.4703,173084.9284695534,9481104188.531214
5.1064329044471565e-09,709852433519.4703,173084.92619581762,9350953812.803408
5.1418467745177225e-09,709852433519.4703,173084.92390631326,9222590055.17407
5.177506245033247e-09,709852433519.4703,173084.92160093092,9095988390.139692
5.213413019269245e-09,709852433519.4703,173084.91927956053,8971124628.866743
5.249568812313724e-09,709852433519.4703,173084.91694209116,8847974914.569754
5.285975351149055e-09,709852433519.4703,173084.9145884112,8726515717.953365
5.322634374734558e-09,709852433519.4703,173084.91221840825,8606723832.71646
5.359547634089426e-09,709852433519.4703,173084.909831969,8488576371.118735
5.396716892376452e-09,709852433519.4703,173084.9074289796,8372050759.607453
5.434143924986203e-09,709852433519.4703,173084.9050093252,8257124734.504595
5.4718305196219085e-09,709852433519.4703,173084.90257289025,8143776337.7528515
5.5097784763847205e-09,709852433519.4703,173084.90011955836,8031983912.720665
5.547989607859781e-09,709852433519.4703,173084.89764921233,7921726100.0641985
5.586465739202755e-09,709852433519.4703,173084.89516173422,7812981833.646492
5.625208708227104e-09,709852433519.4703,173084.8926570052,7705730336.512256
5.6642203654917274e-09,709852433519.4703,173084.89013490555,7599951116.918567
5.70350257438945e-09,709852433519.4703,173084.88759531494,7495623964.419414
5.743057211235977e-09,709852433519.4703,173084.88503811197,7392728946.004352
5.782886165359614e-09,709852433519.4703,173084.88246317458,7291246402.289822
5.822991339191367e-09,709852433519.4703,173084.8798703797,7191156943.763333
5.863374648355909e-09,709852433519.4703,173084.8772596035,7092441447.078635
5.904038021763026e-09,709852433519.4703,173084.87463072137,6995081051.402061
5.944983401699856e-09,709852433519.4703,173084.87198360762,6899057154.808706
5.986212743923513e-09,709852433519.4703,173084.86931813587,6804351410.728652
6.0277280177546e-09,709852433519.4703,173084.8666341788,6710945724.44139
6.0695312061712275e-09,709852433519.4703,173084.86393160824,6618822249.618715
6.111624305903826e-09,709852433519.4703,173084.86121029506,6527963384.914741
6.154009327530376e-09,709852433519.4703,173084.85847010926,6438351770.603268
6.196688295572537e-09,709852433519.4703,173084.85571092006,6349970285.260795
6.2396632485923025e-09,709852433519.4703,173084.8529325956,6262802042.495334
6.282936239289472e-09,709852433519.4703,173084.85013500316,6176830387.71987
6.326509334599547e-09,709852433519.4703,173084.84731800915,6092038894.970598
6.370384615792558e-09,709852433519.4703,173084.844481479,6008411363.768334
6.414564178572426e-09,709852433519.4703,173084.84162527724,5925931816.02331
6.45905013317717e-09,709852433519.4703,173084.83874926742,5844584492.982163
6.503844604479541e-09,709852433519.4703,173084.8358533122,5764353852.217337
6.548949732088601e-09,709852433519.4703,173084.83293727326,5685224564.657339
6.594367670451995e-09,709852433519.4703,173084.83000101132,5607181511.657811
6.640100588958705e-09,709852433519.4703,173084.82704438607,5530209782.11319
6.686150672042773e-09,709852433519.4703,173084.82406725638,5454294669.607578
6.732520119287615e-09,709852433519.4703,173084.82106948,5379421669.604949
6.779211145531058e-09,709852433519.4703,173084.81805091375,5305576476.677901
6.82622598097124e-09,709852433519.4703,173084.81501141342,5232744981.774278
6.8735668712729695e-09,709852433519.4703,173084.81195083392,5160913269.521708
6.921236077675077e-09,709852433519.4703,173084.808869029,5090067615.568759
6.969235877098503e-09,709852433519.4703,173084.80576585146,5020194483.962622
7.017568562254886e-09,709852433519.4703,173084.8026411531,4951280524.563143
7.06623644175619e-09,709852433519.4703,173084.79949478467,4883312570.491942
7.115241840224917e-09,709852433519.4703,173084.79632659585,4816277635.616805
7.164587098405257e-09,709852433519.4703,173084.79313643536,4750162912.070359
7.214274573274722e-09,709852433519.4703,173084.78992415083,4684955767.803212
7.264306638156841e-09,709852433519.4703,173084.7866895888,4620643744.170279
7.314685682834465e-09,709852433519.4703,173084.78343259476,4557214553.550481
7.365414113664033e-09,709852433519.4703,173084.78015301318,4494656076.9988985
7.416494353690335e-09,709852433519.4703,173084.77685068743,4432956361.931512
7.467928842762362e-09,709852433519.4703,173084.77352545972,4372103619.8413725
7.519720037649795e-09,709852433519.4703,173084.7701771713,4312086224.046323
7.571870412160462e-09,709852433519.4703,173084.76680566216,4252892707.4674406
7.624382457258331e-09,709852433519.4703,173084.76341077132,4194511760.4383206
7.677258681182602e-09,709852433519.4703,173084.75999233662,4136932228.5440817
7.730501609567452e-09,709852433519.4703,173084.75655019475,4080143110.490248
7.784113785562805e-09,709852433519.4703,173084.7530841813,4024133556.000674
7.838097769955611e-09,709852433519.4703,173084.74959413082,3968892863.7446723
7.892456141292287e-09,709852433519.4703,173084.74607987647,3914410479.2922525
7.947191496001824e-09,709852433519.4703,173084.74254125048,3860675993.0976357
8.002306448519926e-09,709852433519.4703,173084.7389780838,3807679138.5102496
8.057803631413703e-09,709852433519.4703,173084.73539020628,3755409789.8133535
8.113685695507539e-09,709852433519.4703,173084.7317774465,3703857960.2892594
8.169955310009645e-09,709852433519.4703,173084.72813963194,3653013800.311316
8.226615162639689e-09,709852433519.4703,173084.7244765888,3602867595.461886
8.283667959756972e-09,709852433519.4703,173084.72078814218,3553409764.676476
8.341116426489831e-09,709852433519.4703,173084.71707411585,3504630858.4130225
8.398963306865743e-09,709852433519.4703,173084.71333433245,3456521556.8465095
8.45721136394252e-09,709852433519.4703,173084.70956861333,3409072668.088178
8.515863379940089e-09,709852433519.4703,173084.70577677866,3362275126.429478
8.57492215637352e-09,709852433519.4703,173084.7019586473,3316119990.609834
8.634390514186773e-09,709852433519.4703,173084.69811403687,3270598442.1083612
8.694271293887574e-09,709852433519.4703,173084.69424276377,3225701783.458874
8.754567355682886e-09,709852433519.4703,173084.69034464305,3181421436.588285
8.815281579615673e-09,709852433519.4703,173084.68641948857,3137748941.177548
8.876416865702382e-09,709852433519.4703,173084.68246711284,3094675953.045265
8.937976134071617e-09,709852433519.4703,173084.67848732707,3052194242.553324
8.999962325103394e-09,709852433519.4703,173084.67447994117,3010295693.034676
9.062378399569706e-09,709852433519.4703,173084.67044476376,2968972299.242466
9.125227338776045e-09,709852433519.4703,173084.66638160203,2928216165.82046
9.188512144703594e-09,709852433519.4703,173084.66229026197,2888019505.794686
9.25223584015275e-09,709852433519.4703,173084.65817054818,2848374639.085541
9.316401468887485e-09,709852433519.4703,173084.65402226386,2809273991.040432
9.38101209578069e-09,709852433519.4703,173084.64984521086,2770710090.9865746
9.446070806960708e-09,709852433519.4703,173084.64563918966,2732675570.803536
9.511580709958541e-09,709852433519.4703,173084.6414039994,2695163163.515596
9.577544933856365e-09,709852433519.4703,173084.6371394378,2658165701.903239
9.64396662943713e-09,709852433519.4703,173084.63284530115,2621676117.1336946
9.710848969334816e-09,709852433519.4703,173084.62852138435,2585687437.4104857
9.778195148186127e-09,709852433519.4703,173084.62416748088,2550192786.641292
9.846008382783047e-09,709852433519.4703,173084.61978338275,2515185383.124207
9.91429191222645e-09,709852433519.4703,173084.6153688806,2480658538.252029
9.983048998080977e-09,709852433519.4703,173084.61092376357,2446605655.2342443
1.0052282924530563e-08,709852433519.4703,173084.60644781933,2413020227.836749
1.0121996998535545e-08,709852433519.4703,173084.60194083408,2379895839.1386437
1.019219454999044e-08,709852433519.4703,173084.59740259263,2347226160.3062816
1.0262878931883162e-08,709852433519.4703,173084.59283287812,2315004949.3839893
1.0334053520455009e-08,709852433519.4703,173084.58823147233,2283226050.1015425
1.0405721715362095e-08,709852433519.4703,173084.58359815547,2251883390.6978583
1.0477886939837576e-08,709852433519.4703,173084.57893270627,2220970982.7609806
1.0550552640855315e-08,709852433519.4703,173084.57423490184,2190482920.0838504
1.0623722289294371e-08,709852433519.4703,173084.56950451786,2160413377.5359206
1.0697399380104948e-08,709852433519.4703,173084.56474132833,2130756609.9501224
1.077158743247516e-08,709852433519.4703,173084.5599451058,2101506951.0252497
1.0846289989999303e-08,709852433519.4703,173084.55511562113,2072658812.2432728
1.0921510620846936e-08,709852433519.4703,173084.55025264368,2044206681.8016489
1.0997252917933493e-08,709852433519.4703,173084.5453559412,2016145123.560158
1.1073520499091719e-08,709852433519.4703,173084.54042527976,1988468776.0023263
1.1150317007244659e-08,709852433519.4703,173084.53546042388,1961172351.2109764
1.1227646110579476e-08,709852433519.4703,173084.5304611364,1934250633.8579693
1.1305511502722846e-08,709852433519.4703,173084.5254271786,1907698480.207688
1.1383916902917207e-08,709852433519.4703,173084.52035830996,1881510817.1343238
1.1462866056198585e-08,709852433519.4703,173084.51525428845,1855682641.1525326
1.154236273357529e-08,709852433519.4703,173084.51011487024,1830209017.4615157
1.1622410732208238e-08,709852433519.4703,173084.50493980982,1805085079.0021048
1.1703013875592112e-08,709852433519.4703,173084.4997288601,1780306025.526913
1.1784176013738206e-08,709852433519.4703,173084.49448177213,1755867122.6831205
1.1865901023358107e-08,709852433519.4703,173084.48919829534,1731763701.1079857
1.1948192808049052e-08,709852433519.4703,173084.48387817727,1707991155.5366461
1.20310552984803e-08,709852433519.4703,173084.47852116392,1684544943.9222531
1.211449245258084e-08,709852433519.4703,173084.47312699942,1661420586.5681677
1.2198508255728482e-08,709852433519.4703,173084.4676954261,1638613665.272045
1.2283106720940275e-08,709852433519.4703,173084.46222618452,1616119822.4816675
1.2368291889064132e-08,709852433519.4703,173084.45671901345,1593934760.4623973
1.2454067828971803e-08,709852433519.4703,173084.45117364987,1572054240.4760501
1.254043863775326e-08,709852433519.4703,173084.44558982892,1550474081.9710195
1.262740844091246e-08,709852433519.4703,173084.43996728386,1529190161.7835162
1.2714981392564337e-08,709852433519.4703,173084.43430574617,1508198413.3498018
1.2803161675633179e-08,709852433519.4703,173084.42860494545,1487494825.929232
1.2891953502052476e-08,709852433519.4703,173084.42286460943,1467075443.8379412
1.298136111296615e-08,709852433519.4703,173084.41708446384,1446936365.6930487
1.3071388778931091e-08,709852433519.4703,173084.4112642327,1427073743.6672637
1.3162040800121078e-08,709852433519.4703,173084.405403638,1407483782.75372
1.3253321506532235e-08,709852433519.4703,173084.3995023998,1388162740.0408823
1.3345235258189905e-08,709852433519.4703,173084.39356023626,1369106923.9974027
1.3437786445356851e-08,709852433519.4703,173084.38757686352,1350312693.7668223
1.3530979488742915e-08,709852433519.4703,173084.38155199584,1331776458.4719486
1.3624818839716205e-08,709852433519.4703,173084.3754853455,1313494676.5287638
1.371930898051579e-08,709852433519.4703,173084.3693766226,1295463854.9697487
1.3814454424465732e-08,709852433519.4703,173084.36322553546,1277680548.7765203
1.3910259716190582e-08,709852433519.4703,173084.35703179034,1260141360.2216334
1.4006729431832645e-08,709852433519.4703,173084.3507950913,1242842938.219365
1.4103868179270342e-08,709852433519.4703,173084.34451514052,1225781977.6854894
1.4201680598338528e-08,709852433519.4703,173084.33819163806,1208955218.90576
1.4300171361049887e-08,709852433519.4703,173084.33182428186,1192359446.91314
1.4399345171818322e-08,709852433519.4703,173084.3254127678,1175991490.8735027
1.4499206767683423e-08,709852433519.4703,173084.31895678968,1159848223.4798455
1.4599760918536974e-08,709852433519.4703,173084.3124560391,1143926560.3547373
1.4701012427350544e-08,709852433519.4703,173084.3059102056,1128223459.4610498
1.480296613040515e-08,709852433519.4703,173084.29931897653,1112735920.520699
1.4905626897522008e-08,709852433519.4703,173084.29268203705,1097460984.4414444
1.500899963229539e-08,709852433519.4703,173084.28599907018,1082395732.7514777
1.51130892723266e-08,709852433519.4703,173084.27926975675,1067537287.0418509
1.5217900789460067e-08,709852433519.4703,173084.2724937753,1052882808.4164838
1.5323439190020568e-08,709852433519.4703,173084.26567080224,1038429496.949792
1.542970951505261e-08,709852433519.4703,173084.25880051166,1024174591.151693
1.5536716840560978e-08,709852433519.4703,173084.25188257542,1010115367.4400209
1.5644466277753413e-08,709852433519.4703,173084.24491666313,996249139.6201215
1.5752962973284528e-08,709852433519.4703,173084.23790244196,982573258.3716503
1.586221210950187e-08,709852433519.4703,173084.2308395771,969085110.7423595
1.5972218904693205e-08,709852433519.4703,173084.22372773103,955782119.6488872
1.6082988613336036e-08,709852433519.4703,173084.21656656417,942661743.3843459
1.619452652634831e-08,709852433519.4703,173084.20935573443,929721475.1327276
1.630683797134141e-08,709852433519.4703,173084.20209489745,916958842.4899132
1.641992831287436e-08,709852433519.4703,173084.1947837064,904371406.9913219
1.65338029527103e-08,709852433519.4703,173084.18742181206,891956763.6459832
1.6648467330074397e-08,709852433519.4703,173084.18000886287,879712540.477046
1.6763926921913585e-08,709852433519.4703,173084.17254450475,867636398.0685898
1.6880187243158234e-08,709852433519.4703,173084.16502838116,855726029.118642
1.6997253846985654e-08,709852433519.4703,173084.15746013314,843979157.9983324
1.7115132325085247e-08,709852433519.4703,173084.14983939918,832393540.3171145
1.7233828307925562e-08,709852433519.4703,173084.14216581534,820966962.4939504
1.7353347465023263e-08,709852433519.4703,173084.13443901506,809697241.3343748
1.7473695505214036e-08,709852433519.4703,173084.12665862933,798582223.6133587
1.759487817692519e-08,709852433519.4703,173084.11882428656,787619785.6639185
1.7716901268450153e-08,709852433519.4703,173084.1109356125,776807832.9713664
1.7839770608225027e-08,709852433519.4703,173084.1029922304,766144299.7731241
1.7963492065107063e-08,709852433519.4703,173084.09499376087,755627148.6640229
1.80880715486549e-08,709852433519.4703,173084.08693982192,745254370.207042
1.821351500941078e-08,709852433519.4703,173084.07883002883,735023982.5493829
1.8339828439184825e-08,709852433519.4703,173084.07066399427,724934031.0438087
1.8467017871341335e-08,709852433519.4703,173084.06244132822,714982587.8751765
1.8595089381086883e-08,709852433519.4703,173084.05416163793,705167751.6921105
1.8724049085760423e-08,709852433519.4703,173084.04582452797,695487647.243732
1.885390314512557e-08,709852433519.4703,173084.0374296001,685940425.0213609
1.8984657761664878e-08,709852433519.4703,173084.02897645347,676524260.9051414
1.9116319180876054e-08,709852433519.4703,173084.0204646842,667237355.8155235
1.924889369157013e-08,709852433519.4703,173084.01189388582,658077935.3695378
1.9382387626172136e-08,709852433519.4703,173084.003263649,649044249.5417562
1.9516807361023253e-08,709852433519.4703,173083.99457356147,640134572.3299495
1.965215931668569e-08,709852433519.4703,173083.98582320823,631347201.4252926
1.9788449958249054e-08,709852433519.4703,173083.97701217138,622680457.8871373
1.9925685795639463e-08,709852433519.4703,173083.96814002996,614132685.8222089
2.0063873383930176e-08,709852433519.4703,173083.95920636036,605702252.0682489
2.020301932365503e-08,709852433519.4703,173083.9502107358,597387545.8819563
2.0343130261123367e-08,709852433519.4703,173083.9411527267,589186978.6312577
2.0484212888737847e-08,709852433519.4703,173083.9320319004,581098983.4917564
2.0626273945313763e-08,709852433519.4703,173083.92284782123,573122015.1473937
2.0769320216401263e-08,709852433519.4703,173083.91360005064,565254549.4951751
2.0913358534609118e-08,709852433519.4703,173083.90428814685,557495083.353992
2.1058395779931433e-08,709852433519.4703,173083.89491166515,549842134.1774
2.1204438880075917e-08,709852433519.4703,173083.8854701577,542294239.7703798
2.1351494810795133e-08,709852433519.4703,173083.87596317357,534849958.00994694
2.149957059621935e-08,709852433519.4703,173083.86639025866,527507866.5696353
2.16486733091924e-08,709852433519.4703,173083.85675095575,520266562.64772475
2.179881007160916e-08,709852433519.4703,173083.84704480448,513124662.69923705
2.1949988054756072e-08,709852433519.4703,173083.8372713413,506080802.1715748
2.2102214479653354e-08,709852433519.4703,173083.82743009934,499133635.2438222
2.2255496617400236e-08,709852433519.4703,173083.8175206086,492281834.5695946
2.2409841789521927e-08,709852433519.4703,173083.8075423958,485524091.0234468
2.256525736831968e-08,709852433519.4703,173083.79749498435,478859113.450733
2.2721750777222563e-08,709852433519.4703,173083.78737789442,472285628.4209318
2.287932949114237e-08,709852433519.4703,173083.7771906427,465802379.9843263
2.303800103683052e-08,709852433519.4703,173083.7669327427,459408129.4320464
2.3197772993237475e-08,709852433519.4703,173083.7566037045,453101655.05940104
2.3358652991874833e-08,709852433519.4703,173083.74620303477,446881751.9324524
2.352064871717997e-08,709852433519.4703,173083.73573023677,440747231.6577943
2.3683767906882966e-08,709852433519.4703,173083.72518481026,434696922.15549904
2.3848018352376107e-08,709852433519.4703,173083.71456625158,428729667.4351802
2.401340789908615e-08,709852433519.4703,173083.70387405358,422844327.3751218
2.4179944446849145e-08,709852433519.4703,173083.69310770565,417039777.50444174
2.4347635950287673e-08,709852433519.4703,173083.6822666935,411314908.7882497
2.4516490419190713e-08,709852433519.4703,173083.67135049938,405668627.4157559
2.4686515918896313e-08,709852433519.4703,173083.66035860192,400099854.59128195
2.485772057067694e-08,709852433519.4703,173083.64929047617,394607526.32813925
2.503011255212729e-08,709852433519.4703,173083.63814559343,389190593.2453449
2.520370009755479e-08,709852433519.4703,173083.62692342146,383848020.36712736
2.537849149837301e-08,709852433519.4703,173083.61562342427,378578786.92517805
2.5554495103497812e-08,709852433519.4703,173083.60424506216,373381886.1636174
2.573171931974602e-08,709852433519.4703,173083.59278779168,368256325.14664525
2.5910172612236887e-08,709852433519.4703,173083.58125106563,363201124.5688304
2.6089863504796515e-08,709852433519.4703,173083.569634333,358215318.5679993
2.627080058036511e-08,709852433519.4703,173083.557937039,353297954.54069304
2.6452992481406857e-08,709852433519.4703,173083.5461586249,348448092.96016306
2.6636447910322532e-08,709852433519.4703,173083.53429852816,343664807.1968676
2.6821175629865583e-08,709852433519.4703,173083.5223561824,338947183.3414171
2.7007184463560225e-08,709852433519.4703,173083.51033101717,334294320.0299721
2.7194483296123354e-08,709852433519.4703,173083.49822245815,329705328.27201414
2.738308107388846e-08,709852433519.4703,173083.48602992707,325179331.2805056
2.7572986805233427e-08,709852433519.4703,173083.4737528416,320715464.30435616
2.7764209561010333e-08,709852433519.4703,173083.46139061532,316312874.46321255
2.7956758474979194e-08,709852433519.4703,173083.44894265785,311970720.5844946
2.8150642744243785e-08,709852433519.4703,173083.43640837466,307688173.042689
2.8345871629691383e-08,709852433519.4703,173083.42378716712,303464413.6008284
2.8542454456434663e-08,709852433519.4703,173083.4110784324,299298635.25416726
2.8740400614257576e-08,709852433519.4703,173083.39828156354,295190042.0759835
2.8939719558063385e-08,709852433519.4703,173083.38539594944,291137849.06551665
2.9140420808326738e-08,709852433519.4703,173083.3724209745,287141281.9979732
2.934251395154796e-08,709852433519.4703,173083.3593560192,283199577.27661175
2.9546008640711412e-08,709852433519.4703,173083.3462004595,279311981.7868381
2.9750914595746097e-08,709852433519.4703,173083.332953667,275477752.75232285
2.9957241603990404e-08,709852433519.4703,173083.31961500915,271696157.5930755
3.016499952065913e-08,709852433519.4703,173083.30618384882,267966473.78548464
3.0374198269314696e-08,709852433519.4703,173083.2926595446,264287988.724262
3.058484784234064e-08,709852433519.4703,173083.27904145047,260659999.5862988
3.079695830141943e-08,709852433519.4703,173083.26532891614,257081813.19637433
3.101053977801253e-08,709852433519.4703,173083.25152128658,253552745.89472395
3.122560247384485e-08,709852433519.4703,173083.23761790246,250072123.4064097
3.144215666139154e-08,709852433519.4703,173083.22361809964,246639280.71249908
3.1660212684369046e-08,709852433519.4703,173083.2095212096,243253561.92299822
3.187978095822905e-08,709852433519.4703,173083.19532655898,239914320.15153855
3.21008719706558e-08,709852433519.4703,173083.18103346988,236620917.39178333
3.232349628206719e-08,709852433519.4703,173083.16664125968,233372724.39552596
3.254766452611931e-08,709852433519.4703,173083.15214924095,230169120.55246282
3.277338741021423e-08,709852433519.4703,173083.13755672163,227009493.77161962
3.300067571601133e-08,709852433519.4703,173083.12286300474,223893240.3644052
3.322954029994236e-08,709852433519.4703,173083.10806738856,220819764.92926815
3.345999209373021e-08,709852433519.4703,173083.09316916642,217788480.23793495
3.369204210491086e-08,709852433519.4703,173083.07816762672,214798807.12321538
3.3925701417359076e-08,709852433519.4703,173083.06306205312,211850174.36834666
3.416098119181791e-08,709852433519.4703,173083.0478517241,208942018.5978535
3.4397892666432e-08,709852433519.4703,173083.03253591323,206073784.1699064
3.463644715728413e-08,709852433519.4703,173083.01711388904,203244923.07016128
3.487665605893573e-08,709852433519.4703,173083.00158491504,200454894.8070556
3.511853084497114e-08,709852433519.4703,173082.98594824946,197703166.3085394
3.5362083068545876e-08,709852433519.4703,173082.9702031456,194989211.8202233
3.560732436293832e-08,709852433519.4703,173082.95434885146,192312512.80492812
3.58542664421052e-08,709852433519.4703,173082.93838460982,189672557.84361354
3.610292110124127e-08,709852433519.4703,173082.92230965826,187068842.53766334
3.6353300217342875e-08,709852433519.4703,173082.90612322904,184500869.41251197
3.6605415749775075e-08,709852433519.4703,173082.88982454917,181968147.82259783
3.6859279740842695e-08,709852433519.4703,173082.87341284013,179470193.85762075
3.711490431636601e-08,709852433519.4703,173082.8568873182,177006530.25008032
3.737230168625938e-08,709852433519.4703,173082.8402471941,174576686.28409317
3.7631484145115025e-08,709852433519.4703,173082.8234916731,172180197.7054514
3.789246407278967e-08,709852433519.4703,173082.806619955,169816606.63292658
3.815525393499651e-08,709852433519.4703,173082.78963123402,167485461.47077987
3.84198662839e-08,709852433519.4703,173082.7725246988,165186316.8224847
3.868631375871601e-08,709852433519.4703,173082.75529953235,162918733.40562284
3.8954609086314965e-08,709852433519.4703,173082.737954912,160682277.96795875
3.9224765081830315e-08,709852433519.4703,173082.72049000944,158476523.20465678
3.949679464927005e-08,709852433519.4703,173082.70290399046,156301047.67664358
3.9770710782133706e-08,709852433519.4703,173082.68519601529,154155435.73008233
4.004652656403233e-08,709852433519.4703,173082.66736523816,152039277.41696137
4.032425516931408e-08,709852433519.4703,173082.64941080753,149952168.41676405
4.0603909863692846e-08,709852433519.4703,173082.63133186588,147893709.9592224
4.088550400488255e-08,709852433519.4703,173082.61312754985,145863508.74812275
4.11690510432345e-08,709852433519.4703,173082.59479698996,143861176.88616592
4.145456452238053e-08,709852433519.4703,173082.5763393108,141886331.80085015
4.174205807987922e-08,709852433519.4703,173082.55775363086,139938596.1713801
4.203154544786801e-08,709852433519.4703,173082.53903906254,138017597.85657048
4.2323040453718374e-08,709852433519.4703,173082.520194712,136122969.82374844
4.261655702069694e-08,709852433519.4703,173082.50121967937,134254350.07862324
4.2912109168630256e-08,709852433519.4703,173082.48211305836,132411381.5961242
4.3209711014574266e-08,709852433519.4703,173082.46287393646,130593712.25218797
4.350937677348879e-08,709852433519.4703,173082.4435013949,128800994.75647947
4.38111207589167e-08,709852433519.4703,173082.42399450848,127032886.58603655
4.411495738366738e-08,709852433519.4703,173082.40435234553,125289049.91982776
4.4420901160505044e-08,709852433519.4703,173082.38457396807,123569151.5742086
4.472896670284205e-08,709852433519.4703,173082.36465843144,121872862.93926114
4.503916872543713e-08,709852433519.4703,173082.34460478456,120199859.91600819
4.535152204509806e-08,709852433519.4703,173082.32441206972,118549822.85449103
4.566604158138918e-08,709852433519.4703,173082.30407932255,116922436.49269722
4.598274235734424e-08,709852433519.4703,173082.28360557198,115317389.89632466
4.630163950018412e-08,709852433519.4703,173082.26298984027,113734376.39937302
4.6622748242039253e-08,709852433519.4703,173082.24223114282,112173093.54555188
4.694608392067694e-08,709852433519.4703,173082.22132848832,110633243.03049387
4.72716619802342e-08,709852433519.4703,173082.2002808784,109114530.64475863
4.7599497971955594e-08,709852433519.4703,173082.17908730797,107616666.21761969
4.792960755493591e-08,709852433519.4703,173082.15774676486,106139363.56162444
4.8262006496867854e-08,709852433519.4703,173082.13625822988,104682340.41791528
4.859671067479545e-08,709852433519.4703,173082.11462067682,103245318.40229963
4.893373607587254e-08,709852433519.4703,173082.0928330723,101828022.95206022
4.92730987981263e-08,709852433519.4703,173082.07089437582,100430183.27349716
4.961481505122587e-08,709852433519.4703,173082.04880353968,99051532.29019052
4.9958901157256864e-08,709852433519.4703,173082.02655950884,97691806.59197058
5.03053735515012e-08,709852433519.4703,173082.004161221,96350746.38458969
5.0654248783221897e-08,709852433519.4703,173081.9816076065,95028095.44008593
5.100554351645327e-08,709852433519.4703,173081.95889758825,93723601.0478285
5.1359274530797595e-08,709852433519.4703,173081.9360300817,92437013.96623163
5.171545872222577e-08,709852433519.4703,173081.91300399473,91168088.3751367
5.207411310388516e-08,709852433519.4703,173081.88981822773,89916581.82884239
5.2435254806911446e-08,709852433519.4703,173081.8664716734,88682255.209785
5.2798901081247665e-08,709852433519.4703,173081.84296321683,87464872.6828493
5.3165069296467354e-08,709852433519.4703,173081.8192917353,86264201.6503121
5.353377694260506e-08,709852433519.4703,173081.7954560983,85080012.70739846
5.390504163099087e-08,709852433519.4703,173081.7714551676,83912079.59845401
5.42788810950925e-08,709852433519.4703,173081.74728779693,82760179.17371307
5.465531319136147e-08,709852433519.4703,173081.72295283224,81624091.34666574
5.5034355900086855e-08,709852433519.4703,173081.69844911134,80503599.05200493
5.5416027326253285e-08,709852433519.4703,173081.67377546398,79398488.20415583
5.580034570040658e-08,709852433519.4703,173081.64893071188,78308547.65636969
5.6187329379523655e-08,709852433519.4703,173081.62391366856,77233569.16038388
5.6576996847890234e-08,709852433519.4703,173081.59872313926,76173347.32663111
5.696936671798285e-08,709852433519.4703,173081.57335792104,75127679.58499943
5.7364457731358786e-08,709852433519.4703,173081.54781680254,74096366.14612633
5.7762288759550336e-08,709852433519.4703,173081.52209856402,73079209.96322869
5.816287880496716e-08,709852433519.4703,173081.49620197725,72076016.69445218
5.856624700180295e-08,709852433519.4703,173081.4701258056,71086594.66574216
5.897241261695023e-08,709852433519.4703,173081.4438688037,70110754.83421981
5.9381395050920316e-08,709852433519.4703,173081.41742971767,69148310.75206387
5.979321383876967e-08,709852433519.4703,173081.39080728492,68199078.5308882
6.020788865103328e-08,709852433519.4703,173081.36400023405,67262876.80660671
6.062543929466448e-08,709852433519.4703,173081.33700728486,66339526.70478101
6.104588571398073e-08,709852433519.4703,173081.3098271484,65428851.806444794
6.146924799161607e-08,709852433519.4703,173081.28245852652,64530678.11439709
6.189554634948057e-08,709852433519.4703,173081.25490011234,63644834.01995755
6.232480114972654e-08,709852433519.4703,173081.22715058975,62771150.27017762
6.275703289572077e-08,709852433519.4703,173081.1992086336,61909459.935503386
6.319226223302373e-08,709852433519.4703,173081.17107290952,61059598.37788198
6.363050995037592e-08,709852433519.4703,173081.14274207383,60221403.2193047
6.407179698069107e-08,709852433519.4703,173081.1142147737,59394714.310782395
6.451614440205583e-08,709852433519.4703,173081.08548964676,58579373.70174713
6.496357343873617e-08,709852433519.4703,173081.05656532125,57775225.609874524
6.541410546219156e-08,709852433519.4703,173081.0274404159,56982116.391318746
6.586776199209594e-08,709852433519.4703,173080.99811353986,56199894.51135667
6.632456469736539e-08,709852433519.4703,173080.96858329265,55428410.5154355
6.678453539719289e-08,709852433519.4703,173080.93884826405,54667517.000618115
6.724769606209073e-08,709852433519.4703,173080.9089070341,53917068.58741947
6.771406881494027e-08,709852433519.4703,173080.878758173,53176921.89202931
6.818367593204832e-08,709852433519.4703,173080.848400241,52446935.498917505
6.865653984421088e-08,709852433519.4703,173080.81783178833,51726969.933815144
6.91326831377849e-08,709852433519.4703,173080.78705135532,51016887.63706577
6.961212855576733e-08,709852433519.4703,173080.75605747197,50316552.93734235
7.009489899888115e-08,709852433519.4703,173080.7248486583,49625832.02572613
7.058101752666884e-08,709852433519.4703,173080.69342342395,48944592.93014112
7.107050735859485e-08,709852433519.4703,173080.66178026822,48272705.490137815
7.156339187515343e-08,709852433519.4703,173080.62991768005,47610041.332026
7.20596946189866e-08,709852433519.4703,173080.59783413785,46956473.84434566
7.255943929600757e-08,709852433519.4703,173080.56552810955,46311878.1536778
7.306264977653412e-08,709852433519.4703,173080.53299805248,45676131.100784324
7.356935009642765e-08,709852433519.4703,173080.50024241314,45049111.21707825
7.407956445824241e-08,709852433519.4703,173080.46725962736,44430698.70141418
7.459331723238036e-08,709852433519.4703,173080.43404812014,43820775.39720019
7.511063295825645e-08,709852433519.4703,173080.40060630548,43219224.76982101
7.563153634546945e-08,709852433519.4703,173080.36693258648,42625931.88437412
7.615605227498352e-08,709852433519.4703,173080.33302535512,42040783.38370842
7.668420580031535e-08,709852433519.4703,173080.29888299218,41463667.4667673
7.721602214873215e-08,709852433519.4703,173080.2645038673,40894473.86722633
7.775152672245533e-08,709852433519.4703,173080.22988633878,40333093.83242668
7.829074509987507e-08,709852433519.4703,173080.19502875357,39779420.10259533
7.883370303677089e-08,709852433519.4703,173080.1599294471,39233346.89035286
7.93804264675431e-08,709852433519.4703,173080.1245867433,38694769.86050021
7.993094150645025e-08,709852433519.4703,173080.0889989545,38163586.110085405
8.048527444885784e-08,709852433519.4703,173080.05316438127,37639694.148741215
8.104345177249294e-08,709852433519.4703,173080.0170813125,37122993.879295535
8.16055001387101e-08,709852433519.4703,173079.98074802503,36613386.57864529
8.217144639376433e-08,709852433519.4703,173079.94416278394,36110774.87889465
8.274131757009304e-08,709852433519.4703,173079.90732384226,35615062.74875195
8.331514088760763e-08,709852433519.4703,173079.87022944077,35126155.4751813
8.389294375499396e-08,709852433519.4703,173079.83287780825,34643959.64530621
8.44747537710212e-08,709852433519.4703,173079.795267161,34168383.12856207
8.506059872585972e-08,709852433519.4703,173079.7573957031,33699335.059093826
8.565050660240885e-08,709852433519.4703,173079.7192616262,33236725.818394434
8.624450557763383e-08,709852433519.4703,173079.68086310924,32780467.01818192
8.684262402391135e-08,709852433519.4703,173079.6421983187,32330471.483511906
8.744489051038437e-08,709852433519.4703,173079.60326540828,31886653.23612195
8.805133380432711e-08,709852433519.4703,173079.56406251888,31448927.478004023
8.866198287251944e-08,709852433519.4703,173079.52458777858,31017210.57520254
8.927686688263021e-08,709852433519.4703,173079.48483930234,30591420.04183516
8.989601520460994e-08,709852433519.4703,173079.44481519223,30171474.524333183
9.051945741209416e-08,709852433519.4703,173079.40451353698,29757293.78589751
9.114722328381631e-08,709852433519.4703,173079.36393241226,29348798.691168193
9.177934280502979e-08,709852433519.4703,173079.32306988025,28945911.191104818
9.241584616893975e-08,709852433519.4703,173079.28192398977,28548554.30807448
9.305676377814577e-08,709852433519.4703,173079.24049277604,28156652.12114391
9.370212624609429e-08,709852433519.4703,173079.19877426082,27770129.751573645
9.435196439854058e-08,709852433519.4703,173079.15676645195,27388913.34851162
9.500630927502071e-08,709852433519.4703,173079.1144673436,27012930.07488331
9.566519213033453e-08,709852433519.4703,173079.071874916,26642108.093474947
9.632864443603895e-08,709852433519.4703,173079.02898713536,26276376.553207938
9.699669788195081e-08,709852433519.4703,173078.9858019538,25915665.57560202
9.766938437766014e-08,709852433519.4703,173078.94231730927,25559906.24142431
9.83467360540547e-08,709852433519.4703,173078.8985311254,25209030.57752114
9.902878526485513e-08,709852433519.4703,173078.8544413114,24862971.543830726
9.971556458815993e-08,709852433519.4703,173078.81004576205,24521663.02057445
1.0040710682800116e-07,709852433519.4703,173078.7653423575,24185039.79562409
1.0110344501591166e-07,709852433519.4703,173078.72032896322,23853037.552041914
1.0180461241250331e-07,709852433519.4703,173078.67500342985,23525592.855791945
1.0251064250905526e-07,709852433519.4703,173078.62936359315,23202643.143620223
1.0322156902911299e-07,709852433519.4703,173078.5834072739,22884126.71110159
1.0393742593010047e-07,709852433519.4703,173078.53713227774,22569982.700849663
1.0465824740494139e-07,709852433519.4703,173078.4905363951,22260151.09088954
1.0538406788369205e-07,709852433519.4703,173078.44361740115,21954572.683189977
1.0611492203518625e-07,709852433519.4703,173078.39637305556,21653189.09235266
1.0685084476869181e-07,709852433519.4703,173078.34880110252,21355942.734456718
1.0759187123557741e-07,709852433519.4703,173078.3008992705,21062776.81605677
1.0833803683099133e-07,709852433519.4703,173078.25266527245,20773635.32333194
1.0908937719555241e-07,709852433519.4703,173078.2040968052,20488463.011383507
1.0984592821705294e-07,709852433519.4703,173078.15519154968,20207205.39367948
1.1060772603217234e-07,709852433519.4703,173078.10594717084,19929808.73164442
1.1137480702820288e-07,709852433519.4703,173078.05636131743,19656220.024392124
1.1214720784478803e-07,709852433519.4703,173078.00643162182,19386386.99859894
1.1292496537567313e-07,709852433519.4703,173077.95615570003,19120258.09851611
1.137081167704671e-07,709852433519.4703,173077.9055311515,18857782.47611955
1.1449669943641644e-07,709852433519.4703,173077.8545555591,18598909.98139478
1.152907510401925e-07,709852433519.4703,173077.80322648896,18343591.152754985
1.16090309509691e-07,709852433519.4703,173077.7515414902,18091777.20759055
1.1689541303584328e-07,709852433519.4703,173077.6994980951,17843420.03294867
1.1770610007443996e-07,709852433519.4703,173077.64709381878,17598472.176340893
1.1852240934796829e-07,709852433519.4703,173077.5943261591,17356886.836676516
1.1934437984746222e-07,709852433519.4703,173077.54119259666,17118617.855320495
1.2017205083436424e-07,709852433519.4703,173077.4876905945,16883619.70727441
1.2100546184240036e-07,709852433519.4703,173077.43381759815,16651847.492478376
1.218446526794688e-07,709852433519.4703,173077.37957103545,16423256.927232228
1.2268966342954197e-07,709852433519.4703,173077.32494831627,16197804.335734352
1.2354053445458057e-07,709852433519.4703,173077.2699468327,15975446.641737007
1.2439730639646102e-07,709852433519.4703,173077.21456395867,15756141.360316163
1.2526002017891712e-07,709852433519.4703,173077.1587970499,15539846.58975407
1.261287170094954e-07,709852433519.4703,173077.10264344382,15326521.00353324
1.2700343838152285e-07,709852433519.4703,173077.04610045938,15116123.842440607
1.278842260760883e-07,709852433519.4703,173076.9891653969,14908614.906780059
1.2877112216403855e-07,709852433519.4703,173076.93183553813,14703954.54869166
1.2966416900798868e-07,709852433519.4703,173076.87410814583,14502103.6645762
1.3056340926434461e-07,709852433519.4703,173076.81598046387,14303023.687624173
1.314688858853404e-07,709852433519.4703,173076.75744971697,14106676.580447074
1.3238064212109003e-07,709852433519.4703,173076.69851311063,13913024.82780983
1.3329872152165414e-07,709852433519.4703,173076.63916783108,13722031.42946285
1.3422316793911945e-07,709852433519.4703,173076.57941104486,13533659.89307276
1.3515402552969288e-07,709852433519.4703,173076.51923989895,13347874.227250176
1.3609133875581116e-07,709852433519.4703,173076.45865152066,13164638.934672967
1.370351523882652e-07,709852433519.4703,173076.3976430173,12983919.005303893
1.3798551150833796e-07,709852433519.4703,173076.33621147607,12805679.909701593
1.389424615099573e-07,709852433519.4703,173076.27435396408,12629887.59242337
1.3990604810186463e-07,709852433519.4703,173076.2120675281,12456508.465518365
1.4087631730979887e-07,709852433519.4703,173076.14934919437,12285509.402109995
1.4185331547869424e-07,709852433519.4703,173076.0861959686,12116857.730066754
1.4283708927489314e-07,709852433519.4703,173076.02260483566,11950521.225759897
1.438276856883768e-07,709852433519.4703,173075.9585727596,11786468.107906405
1.44825152035009e-07,709852433519.4703,173075.89409668342,11624667.031496879
1.4582953595879543e-07,709852433519.4703,173075.82917352888,11465087.081806762
1.4684088543416004e-07,709852433519.4703,173075.76380019647,11307697.768489573
1.4785924876823713e-07,709852433519.4703,173075.69797356514,11152469.019751223
1.4888467460317813e-07,709852433519.4703,173075.6316904922,10999371.176604483
1.4991721191847444e-07,709852433519.4703,173075.5649478133,10848374.987202358
1.5095691003329743e-07,709852433519.4703,173075.49774234204,10699451.601248994
1.5200381860885498e-07,709852433519.4703,173075.43007086994,10552572.564487386
1.5305798765076268e-07,709852433519.4703,173075.36193016637,10407709.813262904
1.5411946751143196e-07,709852433519.4703,173075.2933169782,10264835.669161413
1.5518830889247563e-07,709852433519.4703,173075.22422802984,10123922.833720883
1.5626456284713044e-07,709852433519.4703,173075.15466002302,9984944.38321555
1.5734828078269478e-07,709852433519.4703,173075.08460963648,9847873.763511866
1.5843951446298375e-07,709852433519.4703,173075.01407352602,9712684.784995068
1.5953831601080212e-07,709852433519.4703,173074.94304832435,9579351.617565202
1.6064473791043479e-07,709852433519.4703,173074.87153064072,9447848.785701856
1.6175883301015284e-07,709852433519.4703,173074.79951706092,9318151.163596814
1.628806545247374e-07,709852433519.4703,173074.72700414705,9190233.970353503
1.6401025603802193e-07,709852433519.4703,173074.65398843747,9064072.76525218
1.6514769150545244e-07,709852433519.4703,173074.58046644647,8939643.443080144
1.6629301525666397e-07,709852433519.4703,173074.50643466425,8816922.229526177
1.6744628199807495e-07,709852433519.4703,173074.4318895566,8695885.676638216
1.6860754681550095e-07,709852433519.4703,173074.35682756492,8576510.658343231
1.697768651767865e-07,709852433519.4703,173074.28124510584,8458774.366028605
1.709542929344539e-07,709852433519.4703,173074.20513857124,8342654.304184322
1.7213988632837028e-07,709852433519.4703,173074.128504328,8228128.286104953
1.733337019884346e-07,709852433519.4703,173074.05133871775,8115174.42965051
1.7453579693728322e-07,709852433519.4703,173073.97363805684,8003771.15306552
1.7574622859301306e-07,709852433519.4703,173073.89539863606,7893897.170855594
1.7696505477192326e-07,709852433519.4703,173073.81661672046,7785531.489720604
1.781923336912776e-07,709852433519.4703,173073.73728854934,7678653.404543585
1.794281239720859e-07,709852433519.4703,173073.65741033576,7573242.494434649
1.8067248464190354e-07,709852433519.4703,173073.57697826668,7469278.61882938
1.8192547513764983e-07,709852433519.4703,173073.49598850255,7366741.9136407655
1.8318715530844807e-07,709852433519.4703,173073.41443717727,7265612.787463823
1.8445758541848475e-07,709852433519.4703,173073.33232039795,7165871.917832347
1.8573682614988758e-07,709852433519.4703,173073.24963424468,7067500.24752713
1.8702493860562293e-07,709852433519.4703,173073.1663747704,6970478.980934908
1.8832198431241543e-07,709852433519.4703,173073.08253800072,6874789.580457112
1.8962802522368731e-07,709852433519.4703,173072.9981199337,6780413.7629679805
1.9094312372251713e-07,709852433519.4703,173072.91311653965,6687333.49632135
1.922673426246185e-07,709852433519.4703,173072.82752376105,6595530.995905445
1.9360074518134127e-07,709852433519.4703,173072.7413375121,6504988.721244808
1.9494339508269369e-07,709852433519.4703,173072.65455367882,6415689.372648919
1.9629535646038363e-07,709852433519.4703,173072.56716811872,6327615.8879068885
1.9765669389088062e-07,709852433519.4703,173072.4791766605,6240751.439027583
1.990274723985029e-07,709852433519.4703,173072.39057510407,6155079.429024234
2.004077574585219e-07,709852433519.4703,173072.3013592202,6070583.488743455
2.0179761500028905e-07,709852433519.4703,173072.21152475037,5987247.47373772
2.0319711141038553e-07,709852433519.4703,173072.12106740646,5905055.461180708
2.0460631353579423e-07,709852433519.4703,173072.02998287076,5823991.74682497
2.0602528868709172e-07,709852433519.4703,173071.9382667956,5744040.842001474
2.074541046416626e-07,709852433519.4703,173071.8459148032,5665187.470660333
2.0889282964693767e-07,709852433519.4703,173071.7529224854,5587416.566452038
2.1034153242365466e-07,709852433519.4703,173071.6592854035,5510713.2698487975
2.1180028216913985e-07,709852433519.4703,173071.56499908815,5435062.925305462
2.132691485606123e-07,709852433519.4703,173071.47005903887,5360451.078459422
2.14748201758513e-07,709852433519.4703,173071.37446072412,5286863.473368857
2.1623751240985686e-07,709852433519.4703,173071.27819958096,5214286.049788899
2.177371516516063e-07,709852433519.4703,173071.18127101482,5142704.940485275
2.192471911140683e-07,709852433519.4703,173071.08367039918,5072106.468584816
2.2076770292431662e-07,709852433519.4703,173070.98539307568,5002477.144962264
2.2229875970963782e-07,709852433519.4703,173070.88643435345,4933803.665662945
2.2384043460099959e-07,709852433519.4703,173070.78678950938,4866072.909360907
2.2539280123654274e-07,709852433519.4703,173070.6864537874,4799271.934851944
2.2695593376509954e-07,709852433519.4703,173070.58542239858,4733387.978580962
2.2852990684973633e-07,709852433519.4703,173070.48369052092,4668408.452203291
2.3011479567131894e-07,709852433519.4703,173070.38125329887,4604320.940179532
2.3171067593210265e-07,709852433519.4703,173070.27810584323,4541113.197403454
2.3331762385934918e-07,709852433519.4703,173070.17424323104,4478773.1468623355
2.3493571620896857e-07,709852433519.4703,173070.06966050513,4417288.877329459
2.3656503026918443e-07,709852433519.4703,173069.9643526741,4356648.641088345
2.3820564386422476e-07,709852433519.4703,173069.85831471186,4296840.851688214
2.398576353580401e-07,709852433519.4703,173069.7515415575,4237854.081730197
2.415210836580477e-07,709852433519.4703,173069.6440281152,4179677.0606839475
2.4319606821889924e-07,709852433519.4703,173069.53576925368,4122298.6727342736
2.448826690462755e-07,709852433519.4703,173069.4267598061,4065707.954657339
2.465809667007082e-07,709852433519.4703,173069.31699457002,4009894.093725964
2.4829104230142957e-07,709852433519.4703,173069.20646830677,3954846.4256436545
2.500129775302457e-07,709852433519.4703,173069.0951757414,3900554.4325070777
2.5174685463543706e-07,709852433519.4703,173068.9831115625,3847007.740796505
2.5349275643568815e-07,709852433519.4703,173068.87027042187,3794196.119393769
2.5525076632404435e-07,709852433519.4703,173068.7566469342,3742109.4776274324
2.570209682718943e-07,709852433519.4703,173068.6422356769,3690737.863344855
2.5880344683297953e-07,709852433519.4703,173068.5270311898,3640071.46101073
2.6059828714743437e-07,709852433519.4703,173068.41102797497,3590100.5898316484
2.6240557494585365e-07,709852433519.4703,173068.29422049632,3540815.7019064245
2.6422539655338654e-07,709852433519.4703,173068.17660317943,3492207.3804018623
2.6605783889385903e-07,709852433519.4703,173068.05817041127,3444266.3377535623
2.679029894939266e-07,709852433519.4703,173067.93891653998,3396983.4138913755
2.697609364872562e-07,709852433519.4703,173067.8188358745,3350349.5744892145
2.716317686187348e-07,709852433519.4703,173067.6979226843,3304355.9092389415
2.7351557524870684e-07,709852433519.4703,173067.57617119927,3258993.630147972
2.7541244635724544e-07,709852433519.4703,173067.45357560925,3214254.0698601236
2.7732247254844903e-07,709852433519.4703,173067.33013006387,3170128.6799996323
2.7924574505476776e-07,709852433519.4703,173067.2058286722,3126609.0295378887
2.811823557413624e-07,709852433519.4703,173067.08066550255,3083686.8031825474
2.831323971104933e-07,709852433519.4703,173066.9546345822,3041353.7997887456
2.8509596230593776e-07,709852433519.4703,173066.82772989682,2999601.930792181
2.8707314511743785e-07,709852433519.4703,173066.69994539075,2958423.218663702
2.890640399851814e-07,709852433519.4703,173066.57127496615,2917809.7953850627
2.910687420043141e-07,709852433519.4703,173066.44171248298,2877753.9009455983
2.9308734692948075e-07,709852433519.4703,173066.31125175883,2838247.8818595954
2.9511995117939744e-07,709852433519.4703,173066.17988656834,2799284.1897039996
2.971666518414584e-07,709852433519.4703,173066.04761064297,2760855.37967616
2.9922754667637466e-07,709852433519.4703,173065.9144176709,2722954.1091713705
3.013027341228422e-07,709852433519.4703,173065.7803012965,2685573.1363799833
3.033923133022428e-07,709852433519.4703,173065.6452551202,2648705.31890378
3.054963840233797e-07,709852433519.4703,173065.50927269808,2612343.612391286
3.0761504678724616e-07,709852433519.4703,173065.37234754153,2576481.069191831
3.0974840279182493e-07,709852433519.4703,173065.23447311707,2541110.8370281165
3.118965539369204e-07,709852433519.4703,173065.095642846,2506226.1576870154
3.1405960282902734e-07,709852433519.4703,173064.95585010396,2471820.3657282894
3.1623765278623285e-07,709852433519.4703,173064.8150882208,2437886.8872110485
3.184308078431505e-07,709852433519.4703,173064.67335048015,2404419.238437718
3.2063917275588797e-07,709852433519.4703,173064.5306301191,2371411.0247152564
3.228628530070522e-07,709852433519.4703,173064.3869203279,2338855.939133337
3.2510195481078874e-07,709852433519.4703,173064.2422142497,2306747.7613593014
3.273565851178542e-07,709852433519.4703,173064.09650498017,2275080.356449696
3.2962685162072325e-07,709852433519.4703,173063.9497855671,2243847.673678114
3.3191286275873375e-07,709852433519.4703,173063.80204901018,2213043.7453791057
3.342147277232678e-07,709852433519.4703,173063.65328826057,2182662.6858079443
3.3653255646296604e-07,709852433519.4703,173063.5034962207,2152698.6900160904
3.388664596889778e-07,709852433519.4703,173063.35266574385,2123146.032742088
3.412165488802507e-07,709852433519.4703,173063.2007896337,2093999.06731765
3.4358293628885684e-07,709852433519.4703,173063.04786064418,2065252.2245887665
3.4596573494535294e-07,709852433519.4703,173062.8938714791,2036900.011851651
3.483650586641782e-07,709852433519.4703,173062.7388147916,2008937.0118032945
3.507810220490917e-07,709852433519.4703,173062.5826831841,1981357.8815063955
3.532137404986481e-07,709852433519.4703,173062.4254692077,1954157.351368496
3.5566333021170816e-07,709852433519.4703,173062.26716536193,1927330.2241351649
3.581299081929875e-07,709852433519.4703,173062.1077640945,1900871.3738970014
3.606135922586468e-07,709852433519.4703,173061.9472578006,1874775.7451102377
3.631145010419209e-07,709852433519.4703,173061.78563882303,1849038.3516307892
3.6563275399878346e-07,709852433519.4703,173061.62289945135,1823654.275761593
3.681684714136519e-07,709852433519.4703,173061.45903192187,1798618.6673130216
3.707217744051336e-07,709852433519.4703,173061.2940284171,1773926.7426761715
3.7329278493181323e-07,709852433519.4703,173061.1278810654,1749573.7839088633
3.758816257980762e-07,709852433519.4703,173060.96058194066,1725555.13783423
3.784884206599723e-07,709852433519.4703,173060.79212306192,1701866.2151516753
3.811132940311267e-07,709852433519.4703,173060.6224963929,1678502.4895599775
3.83756371288685e-07,709852433519.4703,173060.45169384178,1655459.4968924958
3.864177786793004e-07,709852433519.4703,173060.27970726058,1632732.8342642332
3.8909764332516534e-07,709852433519.4703,173060.10652844503,1610318.1592305927
3.917960932300852e-07,709852433519.4703,173059.93214913402,1588211.1889576677
3.9451325728559056e-07,709852433519.4703,173059.7565610092,1566407.6994039624
3.9724926527709245e-07,709852433519.4703,173059.57975569472,1544903.5245133338
4.0000424789008306e-07,709852433519.4703,173059.40172475667,1523694.5554189915
4.0277833671637924e-07,709852433519.4703,173059.2224597028,1502776.739658428
4.055716642604068e-07,709852433519.4703,173059.0419519821,1482146.0803991426
4.083843639455277e-07,709852433519.4703,173058.86019298426,1461798.635675002
4.112165701204148e-07,709852433519.4703,173058.67717403948,1441730.5176330537
4.140684180654705e-07,709852433519.4703,173058.49288641784,1421937.8917906815
4.1694004399928693e-07,709852433519.4703,173058.30732132908,1402416.9763029842
4.1983158508515063e-07,709852433519.4703,173058.12046992203,1383164.0412402044
4.2274317943759604e-07,709852433519.4703,173057.93232328427,1364175.407875059
4.256749661290039e-07,709852433519.4703,173057.7428724417,1345447.4479798526
4.2862708519624267e-07,709852433519.4703,173057.5521083581,1326976.5831332577
4.3159967764735554e-07,709852433519.4703,173057.3600219347,1308759.2840366177
4.345928854682974e-07,709852433519.4703,173057.16660400975,1290792.0698396056
4.376068516297185e-07,709852433519.4703,173056.971845358,1273071.5074751456
4.406417200937919e-07,709852433519.4703,173056.77573669056,1255594.2110034856
4.4369763582108783e-07,709852433519.4703,173056.57826865403,1238356.8409652684
4.4677474477749956e-07,709852433519.4703,173056.3794318304,1221356.1037434689
4.498731939412173e-07,709852433519.4703,173056.17921673637,1204588.750934087
4.52993131309747e-07,709852433519.4703,173055.9776138231,1188051.5787255007
4.561347059069772e-07,709852433519.4703,173055.77461347566,1171741.4272863385
4.592980677902994e-07,709852433519.4703,173055.57020601246,1155655.1801617343
4.6248336805777705e-07,709852433519.4703,173055.36438168504,1139789.7636778716
4.656907588553613e-07,709852433519.4703,173055.15713067743,1124142.1463547205
4.689203933841562e-07,709852433519.4703,173054.9484431057,1108709.338326835
4.7217242590773793e-07,709852433519.4703,173054.73830901753,1093488.390772085
4.7544701175952555e-07,709852433519.4703,173054.5267183917,1078476.395348227
4.787443073501984e-07,709852433519.4703,173054.3136611377,1063670.4836372307
4.820644701751653e-07,709852433519.4703,173054.09912709513,1049067.8265972321
4.854076588220889e-07,709852433519.4703,173053.88310603335,1034665.6340219913
4.887740329784627e-07,709852433519.4703,173053.66558765084,1020461.1540077718
4.92163753439237e-07,709852433519.4703,173053.44656157482,1006451.6724275546
4.955769821144968e-07,709852433519.4703,173053.2260173608,992634.5124124711
4.990138820371976e-07,709852433519.4703,173053.00394449188,979007.0338403351
5.024746173709546e-07,709852433519.4703,173052.7803323785,965566.6328311999
5.059593534178818e-07,709852433519.4703,173052.55517035778,952310.7412498547
5.094682566264865e-07,709852433519.4703,173052.32844769311,939236.8262151465
5.130014945996205e-07,709852433519.4703,173052.1001535735,926342.3896160289
5.165592361024884e-07,709852433519.4703,173051.87027711322,913624.9676342488
5.20141651070707e-07,709852433519.4703,173051.6388073512,901082.1302736034
5.23748910618418e-07,709852433519.4703,173051.40573325055,888711.4808956627
5.273811870464689e-07,709852433519.4703,173051.17104369795,876510.6557618296
5.310386538506387e-07,709852433519.4703,173050.93472750328,864477.3235817238
5.347214857299232e-07,709852433519.4703,173050.69677339893,852609.1850677571
5.384298585948821e-07,709852433519.4703,173050.4571700394,840903.9724958102
5.421639495760427e-07,709852433519.4703,173050.21590600067,829359.4492719434
5.45923937032359e-07,709852433519.4703,173049.9729697796,817973.4095050631
5.497100005597285e-07,709852433519.4703,173049.7283497936,806743.6775854615
5.535223209995731e-07,709852433519.4703,173049.48203437985,795668.1077691208
5.573610804474787e-07,709852433519.4703,173049.23401179494,784744.583767732
5.612264622618915e-07,709852433519.4703,173048.98427021413,773971.018344347
5.651186510728731e-07,709852433519.4703,173048.73279773092,763345.3529145864
5.690378327909223e-07,709852433519.4703,173048.47958235646,752865.5571533074
5.729841946158568e-07,709852433519.4703,173048.22461201897,742529.6286066712
5.769579250457532e-07,709852433519.4703,173047.96787456307,732335.5923095465
5.809592138859475e-07,709852433519.4703,173047.7093577495,722281.5004081696
5.849882522581042e-07,709852433519.4703,173047.44904925406,712365.4317879652
5.890452326093471e-07,709852433519.4703,173047.18693666754,702585.4917064842
5.931303487214493e-07,709852433519.4703,173046.92300749483,692939.811431386
5.972437957200871e-07,709852433519.4703,173046.65724915432,683426.5478833922
6.01385770084162e-07,709852433519.4703,173046.38964897746,674043.8832841321
6.055564696551886e-07,709852433519.4703,173046.12019420808,664790.0248088194
6.097560936467417e-07,709852433519.4703,173045.8488720017,655663.2042437091
6.139848426539691e-07,709852433519.4703,173045.5756694251,646661.6776482591
6.182429186631759e-07,709852433519.4703,173045.30057345558,637783.7250219127
6.225305250614747e-07,709852433519.4703,173045.0235709803,629027.6499754605
6.268478666464981e-07,709852433519.4703,173044.74464879587,620391.7794069236
6.311951496361777e-07,709852433519.4703,173044.46379360746,611874.4631818831
6.355725816785975e-07,709852433519.4703,173044.18099202844,603474.0738181908
6.39980371861914e-07,709852433519.4703,173043.89623057944,595189.0061750058
6.444187307243414e-07,709852433519.4703,173043.609495688,587017.6771461109
6.488878702642047e-07,709852433519.4703,173043.32077368777,578958.5253574396
6.533880039500693e-07,709852433519.4703,173043.03005081788,571010.010868743
6.579193467309387e-07,709852433519.4703,173042.73731322226,563170.6148793546
6.624821150465204e-07,709852433519.4703,173042.44254694917,555438.8394380034
6.6707652683756e-07,709852433519.4703,173042.14573795022,547813.207156609
6.717028015562551e-07,709852433519.4703,173041.84687208006,540292.2609279968
6.763611601767392e-07,709852433519.4703,173041.54593509543,532874.5636474898
6.810518252056345e-07,709852433519.4703,173041.24291265456,525558.6979383288
6.857750206926766e-07,709852433519.4703,173040.93779031662,518343.26588086435
6.905309722414195e-07,709852433519.4703,173040.63055354083,511226.8887454546
6.953199070200141e-07,709852433519.4703,173040.32118768603,504208.20672903256
7.001420537720559e-07,709852433519.4703,173040.00967800964,497285.8786952965
7.049976428275086e-07,709852433519.4703,173039.6960096673,490458.581918467
7.098869061137084e-07,709852433519.4703,173039.38016771196,483725.0118305537
7.148100771664446e-07,709852433519.4703,173039.06213709334,477083.88177209155
7.197673911411123e-07,709852433519.4703,173038.74190265697,470533.9227463054
7.247590848239393e-07,709852433519.4703,173038.4194491437,464073.8831766538
7.297853966433058e-07,709852433519.4703,173038.0947611889,457702.5286676809
7.348465666811281e-07,709852433519.4703,173037.76782332174,451418.6417691708
7.399428366843231e-07,709852433519.4703,173037.43861996438,445221.02174353524
7.450744500763587e-07,709852433519.4703,173037.10713543143,439108.48433638917
7.502416519688834e-07,709852433519.4703,173036.77335392893,433079.8615502741
7.554446891734318e-07,709852433519.4703,173036.43725955384,427134.0014214961
7.606838102132096e-07,709852433519.4703,173036.09883629324,421269.7678000266
7.659592653349681e-07,709852433519.4703,173035.75806802345,415486.0401324171
7.712713065209598e-07,709852433519.4703,173035.41493850935,409781.7132476949
7.766201875009718e-07,709852433519.4703,173035.06943140377,404155.6971462042
7.820061637644417e-07,709852433519.4703,173034.72153024632,398606.9167913455
7.874294925726643e-07,709852433519.4703,173034.37121846303,393134.3119041686
7.928904329710826e-07,709852433519.4703,173034.01847936533,387736.83676078304
7.983892458016585e-07,709852433519.4703,173033.66329614937,382413.4599925588
8.039261937153283e-07,709852433519.4703,173033.30565189512,377163.16438906704
8.095015411845516e-07,709852433519.4703,173032.94552956565,371984.9467037217
8.151155545159466e-07,709852433519.4703,173032.5829120063,366877.8174620877
8.207685018630081e-07,709852433519.4703,173032.2177819439,361840.8007728283
8.264606532389114e-07,709852433519.4703,173031.85012198586,356872.9341412452
8.321922805294134e-07,709852433519.4703,173031.47991461953,351973.2682853753
8.379636575058422e-07,709852433519.4703,173031.10714221108,347140.8669546094
8.437750598381712e-07,709852433519.4703,173030.7317870051,342374.8067508081
8.496267651081821e-07,709852433519.4703,173030.35383112324,337674.17695187277
8.555190528227276e-07,709852433519.4703,173029.9732565638,333038.07933773263
8.614522044270855e-07,709852433519.4703,173029.5900452007,328465.6280187212
8.674265033183983e-07,709852433519.4703,173029.2041787825,323955.94926631363
8.734422348592059e-07,709852433519.4703,173028.81563893188,319508.1813461878
8.794996863910804e-07,709852433519.4703,173028.42440714443,315121.47435357125
8.855991472483535e-07,709852433519.4703,173028.03046478794,310794.9900508492
8.917409087719333e-07,709852433519.4703,173027.6337931015,306527.90170740674
8.979252643232172e-07,709852433519.4703,173027.2343731946,302319.3939416687
9.041525092981068e-07,709852433519.4703,173026.83218604632,298168.6625653041
9.104229411411226e-07,709852433519.4703,173026.42721250426,294074.9144295683
9.167368593596063e-07,709852433519.4703,173026.0194332837,290037.36727376014
9.230945655380239e-07,709852433519.4703,173025.6088289669,286055.24957575917
9.294963633523746e-07,709852433519.4703,173025.19538000194,282127.800404609
9.359425585846996e-07,709852433519.4703,173024.7790667017,278254.2692751252
9.424334591376834e-07,709852433519.4703,173024.35986924332,274433.9160045041
9.489693750493581e-07,709852433519.4703,173023.93776766697,270666.0105708988
9.555506185079153e-07,709852433519.4703,173023.51274187493,266949.8329739326
9.621775038666217e-07,709852433519.4703,173023.08477163076,263284.67309712747
9.688503476588313e-07,709852433519.4703,173022.65383655825,259669.83057222483
9.755694686130988e-07,709852433519.4703,173022.21991614052,256104.61464536985
9.823351876684078e-07,709852433519.4703,173021.78298971898,252588.34404512795
9.89147827989513e-07,709852433519.4703,173021.34303649238,249120.34685230828
9.960077149823523e-07,709852433519.4703,173020.90003551598,245699.96037159354
1.0029151763096045e-06,705738843826.2543,173020.45396570023,243738.99671946658
1.0098705419063414e-06,696059675662.7488,173020.00480581014,243735.3026749103
1.0168741439957839e-06,686513316366.2594,173019.55253446405,243731.58313292742
1.023926317105166e-06,677097943240.1445,173019.09713013272,243727.83791856808
1.0310273980817173e-06,667811758605.6742,173018.63857113823,243724.06685569527
1.038177726108758e-06,658652989458.6122,173018.17683565305,243720.26976697723
1.0453776427218938e-06,649619887130.5288,173017.71190169902,243716.4464738798
1.0526274918253273e-06,640710726954.7584,173017.24374714613,243712.59679665777
1.0599276197082872e-06,631923807936.9336,173016.77234971183,243708.72055434756
1.067278375061574e-06,623257452430.0408,173016.2976869595,243704.81756475853
1.0746801089942103e-06,614710005813.9484,173015.81973629794,243700.8876444656
1.082133175050208e-06,606279836179.3329,173015.33847497986,243696.93060880032
1.089637929225459e-06,597965334015.933,173014.85388010094,243692.94627184284
1.0971947299847435e-06,589764911905.0845,173014.36592859894,243688.9344464143
1.1048039382788488e-06,581677004216.4843,173013.87459725238,243684.8949440676
1.112465917561805e-06,573700066809.1184,173013.37986267952,243680.82757507943
1.1201810338082494e-06,565832576736.2837,173012.88170133726,243676.73214844204
1.1279496555309123e-06,558073031954.6608,173012.38008952013,243672.6084718542
1.135772153798215e-06,550419951037.3876,173011.87500335902,243668.4563517135
1.1436489022519882e-06,542871872891.0746,173011.36641882005,243664.27559310663
1.1515802771253243e-06,535427356476.69214,173010.8543117037,243660.0659998019
1.1595666572605528e-06,528084980534.2912,173010.3386576433,243655.82737423983
1.1676084241273312e-06,520843343311.511,173009.8194321042,243651.55951752464
1.1757059618408606e-06,513701062295.8143,173009.29661038244,243647.2622294152
1.183859657180238e-06,506656773950.3873,173008.7701676036,243642.93530831678
1.1920698996069357e-06,499709133453.6684,173008.2400787217,243638.57855127123
1.2003370812833996e-06,492856814442.4568,173007.70631851797,243634.19175394895
1.2086615970917746e-06,486098508758.55115,173007.16886159973,243629.7747106392
1.217043844652773e-06,479432926198.85504,173006.62768239912,243625.3272142413
1.2254842243446695e-06,472858794268.91394,173006.0827551719,243620.84905625542
1.2339831393224223e-06,466374857939.84424,173005.53405399626,243616.34002677343
1.242540995536924e-06,459979879408.5968,173004.9815527717,243611.7999144696
1.2511582017543966e-06,453672637861.5047,173004.4252252176,243607.22850659132
1.259835169575922e-06,447451929241.07715,173003.86504487216,243602.6255889498
1.2685723134570963e-06,441316566016.0015,173003.30098509107,243597.9909459106
1.2773700507278216e-06,435265376954.30286,173002.7330190464,243593.3243603841
1.2862288016122452e-06,429297206899.6087,173002.16111972503,243588.6256138159
1.2951489892488357e-06,423410916550.48737,173001.58525992773,243583.89448617754
1.3041310397105907e-06,417605382242.82,173001.00541226767,243579.1307559564
1.3131753820253812e-06,411879495735.1618,173000.42154916914,243574.33420014643
1.3222824481964505e-06,406232163997.0411,172999.83364286646,243569.50459423807
1.331452673223054e-06,400662309000.1655,172999.2416654024,243564.64171220842
1.3406864951212311e-06,395168867512.50104,172998.64558862703,243559.7453265115
1.3499843549447225e-06,389750790895.176,172998.0453841964,243554.8152080684
1.359346696806039e-06,384407044902.1706,172997.44102357113,243549.85112625686
1.3687739678976938e-06,379136609482.74414,172996.83247801513,243544.8528489015
1.378266618513531e-06,373938478586.6061,172996.21971859425,243539.82014226366
1.3878251020702507e-06,368811659971.7308,172995.60271617494,243534.75277103102
1.3974498751290714e-06,363755175014.8195,172994.9814414228,243529.65049830783
1.4071413974175322e-06,358768058524.3695,172994.35586480127,243524.5130856037
1.416900131851444e-06,353849358556.3087,172993.72595657033,243519.3402928243
1.426726544557008e-06,348998136232.1551,172993.09168678484,243514.13187825988
1.4366211048930855e-06,344213465559.672,172992.4530252935,243508.8875985756
1.4465842854736114e-06,339494433255.9918,172991.80994173713,243503.60720880024
1.4566165621901624e-06,334840138573.1664,172991.16240554737,243498.2904623163
1.4667184142346937e-06,330249693126.10767,172990.51038594526,243492.93711084867
1.4768903241224342e-06,325722220722.8895,172989.85385193987,243487.5469044541
1.487132777714927e-06,321256857197.3844,172989.1927723266,243482.11959151033
1.4974462642432318e-06,316852750244.19745,172988.52711568604,243476.65491870555
1.5078312763312974e-06,312509059255.86176,172987.85685038217,243471.1526310266
1.5182883100194994e-06,308224955162.26666,172987.18194456122,243465.61247174896
1.5288178647883273e-06,303999620272.2977,172986.5023661499,243460.0341824249
1.5394204435822354e-06,299832248117.64856,172985.818082854,243454.41750287238
1.5500965528336722e-06,295722043298.7724,172985.12906215698,243448.7621711645
1.5608467024872773e-06,291668221332.948,172984.43527131825,243443.0679236174
1.5716714060242315e-06,287670008504.4365,172983.73667737184,243437.3344947793
1.5825711804867777e-06,283726641716.6945,172983.03324712467,243431.56161741892
1.5935465465029232e-06,279837368346.6115,172982.3249471551,243425.749022514
1.6045980283113148e-06,276001446100.7472,172981.6117438115,243419.89643923994
1.6157261537862718e-06,272218142873.54846,172980.89360321028,243414.00359495802
1.6269314544629935e-06,268486736607.51157,172980.1704912348,243408.07021520354
1.6382144655629551e-06,264806515155.25858,172979.44237353338,243402.09602367436
1.6495757260194785e-06,261176776143.5091,172978.70921551794,243396.08074221862
1.661015778503468e-06,257596826838.92157,172977.97098236225,243390.0240908234
1.6725351694493254e-06,254065984015.77716,172977.22763900034,243383.92578760235
1.684134449081055e-06,250583573825.47592,172976.4791501249,243377.7855487835
1.6958141714385536e-06,247148931667.8231,172975.72548018562,243371.60308869753
1.707574894404067e-06,243761402064.08752,172974.96659338742,243365.37811976566
1.71941717972883e-06,240420338531.80273,172974.202453689,243359.1103524867
1.7313415930599058e-06,237125103461.28085,172973.4330248009,243352.79949542534
1.7433487039672107e-06,233875067993.82373,172972.658270184,243346.44525519948
1.755439085970713e-06,230669611901.60834,172971.87815304784,243340.04733646792
1.7676133165678204e-06,227508123469.22128,172971.0926363486,243333.60544191746
1.7798719772609702e-06,224389999376.81583,172970.30168278774,243327.11927225068
1.792215653585413e-06,221314644584.87234,172969.50525481006,243320.58852617317
1.804644935137173e-06,218281472220.5455,172968.70331460205,243314.01290038018
1.8171604156012035e-06,215289903465.5694,172967.89582409,243307.39208954482
1.8297626927797502e-06,212339367445.70007,172967.08274493835,243300.72578630422
1.8424523686209147e-06,209429301121.67395,172966.26403854776,243294.01368124664
1.8552300492473968e-06,206559149181.66742,172965.43966605354,243287.2554628993
1.8680963449854369e-06,203728363935.2334,172964.6095883236,243280.4508177138
1.8810518703939893e-06,200936405208.68542,172963.77376595678,243273.599430054
1.8940972442940659e-06,198182740241.9263,172962.9321592809,243266.70098218226
1.9072330897982864e-06,195466843586.69122,172962.08472835107,243259.75515424646
1.9204600343406493e-06,192788197006.1852,172961.23143294768,243252.76162426578
1.9337787097065087e-06,190146289376.09747,172960.37223257456,243245.72006811804
1.947189752062744e-06,187540616586.9784,172959.50708645722,243238.63015952526
1.9606938019881376e-06,184970681447.95578,172958.6359535407,243231.4915700407
1.974291504503982e-06,182435993591.7702,172957.75879248796,243224.30396903478
1.9879835091048958e-06,179936069381.11362,172956.87556167776,243217.06702368121
2.0017704697898383e-06,177470431816.2571,172955.98621920266,243209.78039894308
2.0156530450933416e-06,175038610443.94586,172955.09072286746,243202.44375755906
2.0296318981169718e-06,172640141267.54227,172954.18903018668,243195.05676002882
2.043707696561012e-06,170274566658.40207,172953.281098383,243187.61906459962
2.0578811127563444e-06,167941435268.47083,172952.36688438518,243180.1303272513
2.0721528236965583e-06,165640301944.0787,172951.44634482593,243172.59020168253
2.086523511070294e-06,163370727640.91663,172950.51943604005,243164.9983392963
2.100993861293812e-06,161132279340.17966,172949.58611406226,243157.35438918497
2.1155645655437712e-06,158924529965.8637,172948.6463346254,243149.65799811648
2.130236319790235e-06,156747058303.19763,172947.70005315804,243141.90881051926
2.145009824829922e-06,154599448918.1923,172946.74722478265,243134.1064684674
2.159885786319689e-06,152481292078.29416,172945.78780431347,243126.250611666
2.1748649148102286e-06,150392183674.13025,172944.82174625437,243118.3408774365
2.189947925779998e-06,148331725142.32758,172943.8490047968,243110.37690070143
2.205135539669404e-06,146299523389.38937,172942.86953381755,243102.35831396934
2.220428481915223e-06,144295190716.6161,172941.88328687678,243094.28474731988
2.235827482985245e-06,142318344746.0597,172940.89021721578,243086.15582838844
2.251333278413151e-06,140368608347.49414,172939.8902777547,243077.97118235077
2.266946608833659e-06,138445609566.38602,172938.88342109058,243069.7304319079
2.2826682200179072e-06,136548981552.85374,172937.86959949497,243061.43319727026
2.298498862909067e-06,134678362491.60454,172936.84876491185,243053.0790961425
2.314439293658204e-06,132833395532.83266,172935.8208689553,243044.6677437076
2.330490273660402e-06,131013728724.06429,172934.78586290736,243036.19875261126
2.3466525695911436e-06,129219014942.93779,172933.74369771566,243027.6717329461
2.362926953442919e-06,127448911830.90887,172932.69432399122,243019.08629223553
2.3793142025620914e-06,125703081727.86583,172931.63769200625,243010.44203541832
2.395815099686037e-06,123981191607.63966,172930.57375169167,243001.7385648319
2.4124304329805396e-06,122282913014.40044,172929.5024526349,242992.9754801966
2.4291609960774323e-06,120607921999.92758,172928.42374407747,242984.15237859928
2.4460075881124914e-06,118955899061.74217,172927.3375749128,242975.2688544769
2.4629710137636186e-06,117326529082.08575,172926.24389368368,242966.32449960048
2.4800520832892864e-06,115719501267.73726,172925.14264858002,242957.31890305813
2.4972516125672305e-06,114134509090.65771,172924.0337874364,242948.25165123888
2.5145704231334085e-06,112571250229.4498,172922.91725772963,242939.12232781565
2.532009342221253e-06,111029426511.61888,172921.79300657636,242929.93051372858
2.549569202801193e-06,109508743856.62679,172920.66098073064,242920.67578716832
2.5672508436204305e-06,108008912219.72902,172919.52112658147,242911.35772355896
2.585055109242989e-06,106529645536.58339,172918.37339015031,242901.97589554108
2.6029828500900846e-06,105070661668.6146,172917.2177170886,242892.5298729546
2.6210349224807304e-06,103631682349.13347,172916.0540526753,242883.01922282137
2.6392121886726287e-06,102212433130.19453,172914.8823418142,242873.44350932827
2.657515516903366e-06,100812643330.18175,172913.70252903158,242863.8022938095
2.675945781431897e-06,99432045982.11378,172912.51455847357,242854.0951347291
2.6945038625802917e-06,98070377782.66022,172911.31837390354,242844.32158766376
2.7131906467757736e-06,96727379041.8578,172910.11391869964,242834.48120528454
2.7320070265930706e-06,95402793633.5152,172908.90113585195,242824.5735373396
2.7509539007970593e-06,94096368946.29857,172907.67996796014,242814.59813063624
2.7700321743856844e-06,92807855835.4901,172906.4503572306,242804.55452902283
2.789242758633175e-06,91537008575.40865,172905.21224547402,242794.442273371
2.808586571133581e-06,90283584812.48209,172903.96557410236,242784.2609015572
2.8280645358446162e-06,89047345518.96349,172902.71028412652,242774.00994844496
2.847677583131777e-06,87828054947.28464,172901.44631615345,242763.68894586607
2.8674266498127716e-06,86625480585.03557,172900.1736103834,242753.29742260266
2.8873126792022776e-06,85439393110.56088,172898.89210660727,242742.8349043681
2.9073366211570122e-06,84269566349.1654,172897.6017442037,242732.30091378934
2.9274994321210897e-06,83115777229.92268,172896.30246213652,242721.6949703873
2.9478020751716944e-06,81977805743.07597,172894.99419895164,242711.01659055863
2.9682455200650934e-06,80855434898.02284,172893.67689277447,242700.2652875566
2.9888307432829703e-06,79748450681.87627,172892.35048130708,242689.44057147243
3.0095587280790533e-06,78656642018.59613,172891.01490182514,242678.54194921604
3.030430464526069e-06,77579800728.68143,172889.67009117527,242667.56892449706
3.0514469495630466e-06,76517721489.41466,172888.31598577191,242656.5209978049
3.072609187042946e-06,75470201795.65166,172886.95252159477,242645.39766639087
3.093918187780597e-06,74437041921.15123,172885.57963418544,242634.1984242473
3.115374969600968e-06,73418044880.43532,172884.19725864477,242622.92276208874
3.136980557387795e-06,72413016391.17145,172882.80532962974,242611.57016733233
3.1587359831325464e-06,71421764837.0718,172881.40378135061,242600.14012407773
3.180642285983705e-06,70444101231.30234,172879.9925475678,242588.63211308798
3.2027005122963912e-06,69479839180.39455,172878.57156158873,242577.04561176876
3.2249117156823508e-06,68528794848.651085,172877.14075626514,242565.3800941491
3.247276957060298e-06,67590786923.04015,172875.70006398967,242553.63503086098
3.2697973047065762e-06,66665636578.57293,172874.24941669297,242541.80988911903
3.2924738343061698e-06,65753167444.15592,172872.7887458404,242529.90413270055
3.315307629004098e-06,64853205568.91131,172871.3179824292,242517.91722192525
3.338299779457165e-06,63965579388.95941,172869.83705698498,242505.84861363392
3.3614513838860425e-06,63090119694.65802,172868.3458995588,242493.6977611692
3.384763548127711e-06,62226659598.29184,172866.844439724,242481.46411435358
3.408237385688296e-06,61375034502.203735,172865.3326065727,242469.14711946965
3.431874017796265e-06,60535082067.36412,172863.8103287129,242456.7462192386
3.4556745734559733e-06,59706642182.372116,172862.27753426504,242444.2608528001
3.4796401895015736e-06,58889556932.88289,172860.7341508587,242431.69045568985
3.5037720106513325e-06,58083670571.4529,172859.18010562958,242419.0344598201
3.528071189562323e-06,57288829487.799675,172857.61532521568,242406.29229345705
3.5525388868854638e-06,56504882179.47044,172856.0397357545,242393.4633812003
3.57717627132094e-06,55731679222.91363,172854.45326287925,242380.54714396122
3.601984519674068e-06,54969073244.945335,172852.85583171574,242367.5429989415
3.626964816911482e-06,54216918894.60975,172851.24736687887,242354.4503596113
3.652118356217723e-06,53475072815.42524,172849.6277924692,242341.26863568765
3.677446339052242e-06,52743393618.01064,172847.9970320695,242327.99723311287
3.7029499752068055e-06,52021741853.087364,172846.3550087413,242314.63555403234
3.728630482863266e-06,51309979984.85287,172844.7016450214,242301.18299677264
3.7544890886517317e-06,50607972364.71951,172843.03686291832,242287.63895581974
3.780527027709173e-06,49915585205.41329,172841.3605839087,242274.0028217958
3.8067455437384345e-06,49232686555.42765,172839.67272893403,242260.2739814385
3.833145889067623e-06,48559146273.829315,172837.9732183966,242246.45181757715
3.859729324709913e-06,47894836005.40945,172836.26197215632,242232.5357091111
3.886497120423792e-06,47239629156.17532,172834.5389095268,242218.52503098664
3.9134505547737255e-06,46593400869.178375,172832.80394927188,242204.41915417503
3.940590915191215e-06,45956028000.674774,172831.05700960182,242190.21744564894
3.967919498036273e-06,45327389096.613266,172829.29800816966,242175.91926835998
3.9954376086593634e-06,44707364369.4448,172827.52686206752,242161.52398121593
4.023146561463763e-06,44095835675.250786,172825.74348782274,242147.0309390571
4.05104767996833e-06,43492686491.18573,172823.94780139427,242132.43949263394
4.079142296870711e-06,42897801893.22955,172822.13971816874,242117.74898858348
4.107431754111001e-06,42311068534.24475,172820.31915295665,242102.95876940567
4.135917402935871e-06,41732374622.33442,172818.48601998857,242088.0681734403
4.164600603963088e-06,41161609899.49834,172816.64023291128,242073.07653484342
4.193482727246484e-06,40598665620.5818,172814.78170478382,242057.98318356395
4.222565152341423e-06,40043434532.512764,172812.91034807355,242042.7874453197
4.251849268370702e-06,39495810853.82408,172811.02607465224,242027.4886415733
4.281336474090896e-06,38955690254.45729,172809.12879579223,242012.0860895093
4.311028177959144e-06,38422969835.84383,172807.2184221621,241996.5791020088
4.3409257982004436e-06,37897548111.25877,172805.29486382304,241980.96698762663
4.3710307628754125e-06,37379324986.4444,172803.35803022448,241965.24905056658
4.401344509948481e-06,36868201740.50026,172801.40783020016,241949.42459065706
4.431868487356559e-06,36364081007.03558,172799.44417196405,241933.49290332707
4.4626041530782095e-06,35866866755.579765,172797.4669631062,241917.4532795815
4.493552975203316e-06,35376464273.247894,172795.47611058856,241901.305005977
4.524716432003181e-06,34892780146.65875,172793.4715207407,241885.04736459666
4.5560960120011204e-06,34415722244.10081,172791.45309925597,241868.67963302604
4.587693214043579e-06,33945199697.942474,172789.42075118673,241852.20108432785
4.619509547371745e-06,33481122887.283783,172787.37438094054,241835.61098701737
4.6515465316936156e-06,33023403420.84684,172785.31389227576,241818.90860503743
4.683805697256572e-06,32571954120.100918,172783.23918829704,241802.09319773313
4.716288584920485e-06,32126689002.618847,172781.15017145115,241785.1640198267
4.74899674623134e-06,31687523265.66162,172779.04674352272,241768.12032139284
4.781931743495322e-06,31254373269.989067,172776.92880562952,241750.96134783243
4.815095149853424e-06,30827156523.892525,172774.79625821835,241733.68633984812
4.8484885493566e-06,30405791667.446373,172772.64900106043,241716.2945334178
4.8821135370414586e-06,29990198456.97543,172770.48693324695,241698.78515977008
4.91597171900642e-06,29580297749.736393,172768.30995318457,241681.1574453578
4.950064712488407e-06,29176011488.80936,172766.11795859085,241663.41061183257
4.98439414594015e-06,28777262688.19579,172763.91084648974,241645.54387601902
5.0189616591079405e-06,28383975418.12204,172761.68851320693,241627.55644988868
5.053768903109935e-06,27996074790.54446,172759.45085436536,241609.4475405345
5.088817540515038e-06,27613486944.853043,172757.1977648803,241591.21635014363
5.124109245422337e-06,27236139033.771255,172754.92913895487,241572.86207597252
5.159645703541045e-06,26863959209.449806,172752.64487007543,241554.38391032003
5.195428612270998e-06,26496876609.751415,172750.34485100652,241535.781040501
5.231459680783753e-06,26134821344.723217,172748.02897378636,241517.05264882036
5.267740630104243e-06,25777724483.255,172745.697129722,241498.19791254605
5.304273193192969e-06,25425518039.920864,172743.34920938432,241479.2160038829
5.341059115028746e-06,25078134962.001568,172740.98510260344,241460.1060899458
5.378100152692077e-06,24735509116.684532,172738.6046984636,241440.86733273295
5.415398075449098e-06,24397575278.439545,172736.20788529835,241421.49888909925
5.452954664836073e-06,24064269116.568165,172733.7945506856,241401.99991072912
5.4907717147444595e-06,23735527182.923946,172731.3645814426,241382.36954411003
5.5288510315066185e-06,23411286899.80089,172728.9178636209,241362.60693050484
5.567194433982117e-06,23091486547.988083,172726.45428250145,241342.71120592553
5.605803753644584e-06,22776065254.988678,172723.97372258932,241322.68150110534
5.6446808346691646e-06,22464962983.400608,172721.47606760872,241302.51694147175
5.683827534020634e-06,22158120519.45635,172718.96120049787,241282.2166471195
5.723245721542117e-06,21855479461.71998,172716.42900340373,241261.77973278268
5.762937280044378e-06,21556982209.939808,172713.87935767692,241241.2053078078
5.8029041053957295e-06,21262571954.05391,172711.31214386638,241220.49247612615
5.843148106612611e-06,20972192663.346317,172708.7272417142,241199.64033622583
5.883671205950801e-06,20685789075.751877,172706.12453015018,241178.64798112484
5.924475338997204e-06,20403306687.30846,172703.50388728667,241157.5144983426
5.965562454762286e-06,20124691741.753693,172700.8651904131,241136.2389698733
6.006934515773187e-06,19849891220.264416,172698.20831599052,241114.82047215657
6.04859349816749e-06,19578852831.3367,172695.53313964634,241093.25807605102
6.090541391787584e-06,19311525000.805298,172692.8395361687,241071.55084680556
6.132780200275688e-06,19047856861.999947,172690.12737950106,241049.6978440314
6.175311941169575e-06,18787798246.036488,172687.39654273677,241027.69812167485
6.218138645998968e-06,18531299672.241318,172684.64689811316,241005.5507279876
6.261262360382549e-06,18278312338.707462,172681.8783170063,240983.2547055001
6.304685144125647e-06,18028788112.980305,172679.0906699252,240960.8090909927
6.348409071318641e-06,17782679522.87091,172676.2838265062,240938.21291546762
6.392436230436065e-06,17539939747.395336,172673.45765550714,240915.4652041203
6.436768724436333e-06,17300522607.838696,172670.61202480178,240892.5649763111
6.481408670862161e-06,17064382558.941776,172667.74680137393,240869.51124553755
6.526358201941737e-06,16831474680.208397,172664.8618513117,240846.30301940488
6.571619464690596e-06,16601754667.332016,172661.95703980158,240822.93929959845
6.617194621014145e-06,16375178823.740377,172659.0322311226,240799.41908185446
6.663085847810897e-06,16151704052.256079,172656.0872886405,240775.7413559322
6.70929533707648e-06,15931287846.871437,172653.12207480162,240751.90510558462
6.7558252960083645e-06,15713888284.63618,172650.13645112692,240727.90930853
6.802677947111263e-06,15499464017.656773,172647.1302782062,240703.7529364236
6.849855528303247e-06,15287974265.205563,172644.1034156917,240679.43495482847
6.897360293022722e-06,15079378805.937746,172641.0557222923,240654.954323187
6.945194510336026e-06,14873637970.215612,172637.98705576712,240630.30999479175
6.993360465045779e-06,14670712632.538172,172634.89727291954,240605.50091675713
7.041860457800045e-06,14470564204.074337,172631.78622959097,240580.52602999037
7.090696805202255e-06,14273154625.298683,172628.6537806545,240555.38426916243
7.1398718399218285e-06,14078446358.728458,172625.49978000871,240530.07456267942
7.189387910805561e-06,13886402381.760303,172622.32408057136,240504.59583265363
7.239247382989854e-06,13696986179.605011,172619.12653427295,240478.94699487445
7.2894526380137065e-06,13510161738.319324,172615.90699205035,240453.12695877935
7.340006073932446e-06,13325893537.933517,172612.66530384042,240427.13462742532
7.3909101054322404e-06,13144146545.67335,172609.40131857348,240400.9688974597
7.442167163945462e-06,12964886209.274832,172606.1148841669,240374.62865909084
7.493779697766858e-06,12788078450.39067,172602.80584751826,240348.11279605966
7.545750172170467e-06,12613689658.087526,172599.47405449924,240321.42018561027
7.598081069527335e-06,12441686682.43242,172596.11934994848,240294.54969846114
7.650774889424117e-06,12272036828.16705,172592.74157766535,240267.50019877576
7.70383414878251e-06,12104707848.468786,172589.34058040284,240240.27054413428
7.757261381979432e-06,11939667938.797682,172585.9161998612,240212.85958550376
7.811059140968051e-06,11776885730.827755,172582.46827668088,240185.26616720977
7.865229995399707e-06,11616330286.46148,172578.9966504358,240157.48912690682
7.919776532746689e-06,11457971091.926355,172575.50115962644,240129.52729554975
7.974701358425787e-06,11301778051.95273,172571.98164167302,240101.37949736457
8.030007095922716e-06,11147721484.031504,172568.4379329085,240073.04454981984
8.085696386917442e-06,10995772112.750486,172564.86986857152,240044.52126359695
8.141771891410423e-06,10845901064.208418,172561.27728279954,240015.80844256203
8.1982362878496e-06,10698079860.505934,172557.6600086216,239986.90488373654
8.255092273258322e-06,10552280414.312038,172554.01787795124,239957.80937726842
8.312342563364198e-06,10408475023.50504,172550.35072157945,239928.52070640324
8.36998989272884e-06,10266636365.886988,172546.6583691674,239899.03764745567
8.428037014878446e-06,10126737493.970892,172542.94064923903,239869.35896977983
8.486486702435307e-06,9988751829.839365,172539.19738917428,239839.48343574195
8.545341747250245e-06,9852653160.073795,172535.42841520114,239809.40980069
8.604604960536028e-06,9718415630.753,172531.63355238867,239779.13681292607
8.664279173001597e-06,9586013742.520742,172527.81262463954,239748.66321367753
8.724367234987243e-06,9455422345.720943,172523.96545468245,239717.98773706783
8.784872016600795e-06,9326616635.599434,172520.0918640648,239687.10911008905
8.845796407854738e-06,9199572258.543242,172516.19167314502,239656.02316167575
8.907143318804222e-06,9074265183.679424,172512.26470108514,239624.72589243736
8.968915679686024e-06,8950671394.859783,172508.31076584288,239593.22161410443
9.031116441058556e-06,8828767420.44091,172504.32968416443,239561.50902489017
9.093748573942815e-06,8708530110.65723,172500.3212715763,239529.58681573358
9.15681506996428e-06,8589936633.204746,172496.28534237776,239497.45367027193
9.220318941495755e-06,8472964468.885474,172492.22170963316,239465.10826481253
9.284263221801295e-06,8357591407.311452,172488.13018516375,239432.54926830443
9.348650965181132e-06,8243795542.667738,172484.01057954022,239399.77534231104
9.413485247117523e-06,8131555269.533694,172479.86270207437,239366.78514098137
9.478769164421592e-06,8020849278.761639,172475.68636081135,239333.57731102305
9.544505835381367e-06,7911656553.411763,172471.48136252165,239300.15049167402
9.610698399910667e-06,7803956364.74313,172467.24751269285,239266.50331467538
9.677350019699037e-06,7697728268.259674,172462.98461552174,239232.63440424344
9.74446387836281e-06,7592952099.810303,172458.69247390595,239198.54237704264
9.812043181597233e-06,7489607971.742523,172454.3708894359,239164.22584215802
9.88009115732944e-06,7387676269.109152,172450.01966238645,239129.68340106797
9.948611055872806e-06,7287137645.926603,172445.63859170864,239094.91364761745
1.0017606150082023e-05,7187973021.485049,172441.22747502138,239059.9151679906
1.0087079735509602e-05,7090163576.708709,172436.78610860294,239024.68654068405
1.0157035130563119e-05,6993690750.566564,172432.31428738264,238989.22633648035
1.022747567666388e-05,6898536236.5318775,172427.8118049323,238953.53311842104
1.0298404738406358e-05,6804681979.090754,172423.2784534577,238917.6054417802
1.0369825703719074e-05,6712110170.298152,172418.71402379003,238881.44185403854
1.0441741984026255e-05,6620803246.381616,172414.11830537728,238845.0408948567
1.051415701441094e-05,6530743884.391179,172409.49108627552,238808.40109604935
1.0587074253778897e-05,6441914998.895663,172404.83215314016,238771.52098155933
1.0660497185024004e-05,6354299738.723899,172400.1412912172,238734.3990674318
1.073442931519444e-05,6267881483.751078,172395.41828433453,238697.03386178886
1.0808874175660369e-05,6182643841.728805,172390.66291489283,238659.42386480377
1.0883835322282443e-05,6098570645.159043,172385.87496385686,238621.56756867617
1.0959316335581801e-05,6015645948.2106085,172381.05421074637,238583.4634576063
1.1035320820911031e-05,5933854023.678187,172376.20043362712,238545.11000777077
1.1111852408626307e-05,5853179359.9831295,172371.31340910186,238506.50568729744
1.1188914754260951e-05,5773606658.215122,172366.39291230115,238467.64895624097
1.1266511538699862e-05,5695120829.214844,172361.4387168743,238428.5382665585
1.1344646468355515e-05,5617706990.696267,172356.45059498,238389.1720620851
1.1423323275344808e-05,5541350464.408809,172351.42831727726,238349.54877851094
1.1502545717667521e-05,5466036773.338088,172346.3716529159,238309.66684335613
1.1582317579385626e-05,5391751638.945437,172341.28036952735,238269.524675948
1.1662642670804221e-05,5318480978.4449415,172336.1542332151,238229.1206873975
1.1743524828653338e-05,5246210902.118202,172330.9930085454,238188.45328057648
1.1824967916271398e-05,5174927710.665604,172325.7964585376,238147.5208500942
1.1906975823789553e-05,5104617892.594253,172320.5643446547,238106.3217822754
1.1989552468317688e-05,5035268121.641454,172315.29642679368,238064.8544551374
1.2072701794131327e-05,4966865254.233855,172309.9924632758,238023.11723836782
1.2156427772860229e-05,4899396326.9811325,172304.65221083697,237981.10849330353
1.2240734403677896e-05,4832848554.204405,172299.27542461798,237938.8265729079
1.2325625713492793e-05,4767209325.498224,172293.86185815462,237896.26982175032
1.2411105757140492e-05,4702466203.326367,172288.41126336786,237853.43657598452
1.249717861757755e-05,4638606920.65028,172282.9233905539,237810.32516332797
1.2583848406076336e-05,4575619378.5903845,172277.3979883743,237766.9339030415
1.2671119262421602e-05,4513491644.11918,172271.83480384565,237723.26110590823
1.275899535510802e-05,4452211947.786289,172266.23358233005,237679.30507421505
1.2847480881539496e-05,4391768681.474437,172260.59406752442,237635.06410173132
1.2936580068229449e-05,4332150396.186511,172254.91600145065,237590.53647369047
1.30262971710029e-05,4273345799.8626924,172249.1991244452,237545.7204667707
1.3116636475199545e-05,4215343755.2278376,172243.44317514903,237500.6143490763
1.3207602295878653e-05,4158133277.6681137,172237.64789049697,237455.2163801188
1.329919897802496e-05,4101703533.1370463,172231.81300570763,237409.52481079957
1.3391430896756426e-05,4046043836.0900264,172225.9382542727,237363.5378833916
1.3484302457532996e-05,3991143647.4474373,172220.02336794673,237317.253831522
1.3577818096367236e-05,3936992572.5854607,172214.0680767362,237270.67088015514
1.3671982280036017e-05,3883580359.3547072,172208.07210888938,237223.78724557636
1.3766799506294077e-05,3830896896.125805,172202.03519088528,237176.60113537422
1.3862274304088635e-05,3778932209.862019,172195.9570474232,237129.11074842655
1.395841123377595e-05,3727676464.2181134,172189.83740141185,237081.31427488264
1.4055214887338912e-05,3677119957.6655025,172183.67597395854,237033.20989615016
1.415268988860661e-05,3627253121.642928,172177.47248435835,236984.79578487863
1.4250840893474954e-05,3578066518.7327204,172171.22665008323,236936.07010494592
1.4349672590129307e-05,3529550840.8618617,172164.93818677095,236887.0310114441
1.444918969926817e-05,3481696907.5279713,172158.6068082141,236837.67665066553
1.454939697432891e-05,3434495664.0493937,172152.23222634906,236788.00516008982
1.4650299201714564e-05,3387938179.839531,172145.81415124482,236738.01466837135
1.4751901201022712e-05,3342015646.704624,172139.35229109167,236687.70329532653
1.485420782527543e-05,3296719377.165132,172132.84635219027,236637.06915192213
1.4957223961151351e-05,3252040802.7998934,172126.29603894,236586.11034026387
1.506095452921882e-05,3207971472.613258,172119.70105382786,236534.8249535854
1.5165404484171153e-05,3164503051.424397,172113.06109741685,236483.21107623793
1.5270578815063195e-05,3121627318.2788672,172106.37586833473,236431.2667836799
1.5376482545549532e-05,3079336164.88196,172099.64506326232,236378.9901424678
1.5483120734124674e-05,3037621594.0534134,172092.86837692198,236326.3792102467
1.5590498474364404e-05,2996475718.203532,172086.04550206612,236273.43203574241
1.5698620895169342e-05,2955890757.8300095,172079.17612946525,236220.14665875252
1.580749316100967e-05,2915859040.035565,172072.25994789644,236166.52111013955
1.5917120472172057e-05,2876372997.065746,172065.29664413148,236112.55341182352
1.602750806500781e-05,2837425164.866962,172058.2859029251,236058.2415767763
1.613866121218324e-05,2799008181.664136,172051.22740700294,236003.58360901428
1.6250585222931244e-05,2761114786.5580425,172044.1208370496,235948.57750359434
1.6363285443305174e-05,2723737818.1417203,172036.96587169677,235893.22124660824
1.647676725643392e-05,2686870213.1360397,172029.76218751108,235837.51281517858
1.659103608277931e-05,2650505005.043816,172022.50945898186,235781.45017745535
1.6706097380394735e-05,2614635322.8225784,172015.20735850921,235725.03129261246
1.6821956645186137e-05,2579254389.575354,172007.8555563916,235668.25411084553
1.693861941117424e-05,2544355521.259605,172000.45372081353,235611.11657336983
1.7056091250759177e-05,2509932125.4136987,171993.0015178334,235553.61661241902
1.717437777498634e-05,2475977699.9010315,171985.49861137097,235495.75215124467
1.7293484633814713e-05,2442485831.6712055,171977.9446631949,235437.52110411608
1.741341751638643e-05,2409450195.538377,171970.33933291025,235378.92137632062
1.7534182151298824e-05,2376864552.9761972,171962.68227794595,235319.95086416564
1.7655784306877747e-05,2344722750.9294524,171954.97315354223,235260.6074549799
1.7778229791453394e-05,2313018720.641852,171947.21161273782,235200.88902711612
1.7901524453637457e-05,2281746476.500046,171939.39730635736,235140.7934499546
1.8025674182602744e-05,2250900114.8933644,171931.52988299853,235080.31858390686
1.8150684908364223e-05,2220473813.08934,171923.60898901924,235019.46228042053
1.827656260206253e-05,2190461828.124518,171915.63426852468,234958.22238198444
1.8403313276248912e-05,2160858495.710625,171907.60536335452,234896.59672213503
1.8530942985172688e-05,2131658229.1556108,171899.5219130698,234834.5831254627
1.8659457825070154e-05,2102855518.2996213,171891.38355493988,234772.17940761993
1.878886393445605e-05,2074444928.4654481,171883.18992392925,234709.38337532882
1.8919167494416482e-05,2046421099.4234965,171874.9406526847,234646.1928263912
1.9050374728904464e-05,2018778744.370835,171866.63537152164,234582.60554969712
1.918249190503688e-05,1991512648.9243784,171858.2737084111,234518.6193252366
1.9315525333394164e-05,1964617670.1277506,171849.85528896644,234454.23192411024
1.9449481368321407e-05,1938088735.4719088,171841.37973642984,234389.44110854197
1.958436640823218e-05,1911920841.929074,171832.8466716588,234324.24463189134
1.972018689591384e-05,1886109055.0000389,171824.25571311294,234258.64023866827
1.98569493188356e-05,1860648507.7744293,171815.60647684013,234192.62566454668
1.999466020945806e-05,1835534400.0039747,171806.8985764631,234126.19863638066
2.013332614554558e-05,1810761997.1883729,171798.13162316574,234059.35687222055
2.027295375048012e-05,1786326629.6738224,171789.30522567936,233992.09808133007
2.0413549693577948e-05,1762223691.7637937,171780.41899026892,233924.4199642046
2.055512069040785e-05,1738448640.842128,171771.4725207194,233856.32021258987
2.069767350311227e-05,1714996996.508042,171762.46541832163,233787.7965095019
2.0841214940729924e-05,1691864339.7231205,171753.39728185863,233718.846529248
2.098575185952135e-05,1669046311.9699037,171744.26770759153,233649.46793744783
2.1131291163296288e-05,1646538614.422086,171735.07628924563,233579.6583910567
2.1277839803743277e-05,1624337007.1261017,171725.8226179962,233509.41553838857
2.1425404780762022e-05,1602437308.1938713,171716.50628245441,233438.7370191407
2.157399314279741e-05,1580835393.0067167,171707.12686865331,233367.62046441942
2.1723611987176503e-05,1559527193.4301035,171697.68396003335,233296.06349676594
2.1874268460447206e-05,1538508697.0392504,171688.17713742825,233224.06373018422
2.2025969758719975e-05,1517775946.355264,171678.60597905063,233151.618770169
2.2178723128011176e-05,1497325038.091853,171668.97006047762,233078.72621373582
2.2332535864589554e-05,1477152122.4122815,171659.26895463653,233005.38364945058
2.2487415315324388e-05,1457253402.1966035,171649.5022317902,232931.58865746195
2.2643368878036762e-05,1437625132.318867,171639.66945952259,232857.33880953293
2.280040400185256e-05,1418263618.9343193,171629.77020272415,232782.6316690749
2.2958528187558648e-05,1399165218.7762988,171619.80402357722,232707.4647911825
2.3117748987960783e-05,1380326338.4628673,171609.77048154135,232631.83572266877
2.3278074008244726e-05,1361743433.8128645,171599.66913333855,232555.74200210208
2.3439510906339147e-05,1343413009.1714277,171589.4995329385,232479.1811598445
2.360206739328178e-05,1325331616.7446837,171579.2612315437,232402.1507180899
2.3765751233587355e-05,1307495855.943652,171568.95377757476,232324.64819090485
2.393057024561886e-05,1289902372.7370596,171558.57671665525,232246.6710842694
2.4096532301960594e-05,1272547859.0131226,171548.12959159692,232168.2168961201
2.4263645329794594e-05,1255429051.9500005,171537.61194238457,232089.28311639265
2.443191731127888e-05,1238542733.3949633,171527.02330616102,232009.86722706727
2.460135628392913e-05,1221885729.2519984,171516.36321721206,231929.96670221456
2.4771970341002174e-05,1205454908.877898,171505.63120695116,231849.57900804255
2.494376763188299e-05,1189247184.4865503,171494.82680390446,231768.70160294496
2.5116756362473546e-05,1173259510.5614827,171483.94953369538,231687.33193755074
2.5290944795585158e-05,1157488883.2763844,171472.99891902937,231605.46745477483
2.546634125133276e-05,1141932339.923654,171461.9744796786,231523.10558987048
2.564295410753273e-05,1126586958.3507147,171450.8757324666,231440.24377048205
2.5820791800102633e-05,1111449856.40413,171439.70219125279,231356.87941669993
2.599986282346459e-05,1096518191.3812768,171428.45336691703,231273.00994111618
2.6180175730950574e-05,1081789159.4896123,171417.12876734417,231188.63274888156
2.6361739135211417e-05,1067259995.3132792,171405.72789740842,231103.74523776438
2.6544561708627736e-05,1052927971.28711,171394.2502589579,231018.3447982097
2.6728652183724617e-05,1038790397.1777673,171382.6953507989,230932.4288134008
2.6914019353588278e-05,1024844619.572075,171371.06266868016,230845.99465932138
2.7100672072286523e-05,1011088021.3722997,171359.35170527737,230759.03970481912
2.7288619255291204e-05,997518021.2984185,171347.56195017722,230671.56131167142
2.7477869879904516e-05,984132073.3971545,171335.69288986173,230583.55683465124
2.7668432985687357e-05,970927666.5578052,171323.74400769244,230495.02362159564
2.786031767489154e-05,957902324.0346541,171311.71478389445,230405.95901347432
2.805353311289413e-05,945053602.9759924,171299.6046955407,230316.36034446085
2.8248088528635656e-05,932379093.9595383,171287.4132165358,230226.22494200483
2.8443993215060505e-05,919876420.5342954,171275.13981760025,230135.55012690497
2.8641256529561227e-05,907543238.7686265,171262.78396625444,230044.33321338487
2.883988789442506e-05,895377236.8045934,171250.34512680254,229952.57150916872
2.903989679728437e-05,883376134.41835,171237.8227603164,229860.2623155597
2.9241292791569666e-05,871537682.5866034,171225.2163246196,229767.40292751932
2.944408549696573e-05,859859663.0590209,171212.52527427117,229673.99063374804
2.9648284599871533e-05,848339887.9364643,171199.7490605495,229580.02271676846
2.985389985386242e-05,836976199.2550658,171186.8871314362,229485.4964530086
3.0060941080156463e-05,825766468.5759516,171173.9389315997,229390.40911288752
3.02694181680831e-05,814708596.580645,171160.90390237924,229294.7579609025
3.0479341075555986e-05,803800512.6719685,171147.78148176835,229198.54025571764
3.069071982954813e-05,793040174.580472,171134.57110439875,229101.75325025368
3.0903564526571335e-05,782425567.9762044,171121.27220152388,229004.39419178016
3.1117885333157975e-05,771954706.0858647,171107.8842010026,228906.4603220085
3.133369248634707e-05,761625629.3151516,171094.40652728287,228807.94887718713
3.1550996294172787e-05,751436404.8763433,171080.8386013851,228708.8570881973
3.176980713615728e-05,741385126.4209341,171067.1798408861,228609.18218065254
3.199013546380598e-05,731469913.6773621,171053.4296599023,228508.92137499707
3.221199180110732e-05,721688912.0936527,171039.58746907345,228408.07188660803
3.243538674503489e-05,712040292.4850138,171025.65267554607,228306.63092589835
3.266033096605414e-05,702522250.6862166,171011.6246829569,228204.59569842144
3.2886835208631487e-05,693133007.2087901,170997.5028914165,228101.96340497787
3.3114910291748116e-05,683870806.9028709,170983.2866974926,227998.73124172303
3.334456710941617e-05,674733918.623737,170968.97549419352,227894.8964002773
3.3575816631199643e-05,665720634.9028693,170954.56867095173,227790.45606783734
3.380866990273784e-05,656829271.6235684,170940.0656136071,227685.40742728958
3.4043138046273454e-05,648058167.7009778,170925.4657043903,227579.74765732486
3.427923226118334e-05,639405684.7665356,170910.76832190636,227473.47393255532
3.4516963824513926e-05,630870206.8567166,170895.97284111788,227366.58342363275
3.475634409151941e-05,622450140.1060771,170881.07863332843,227259.0732973689
3.499738449620459e-05,614143912.4444758,170866.0850661659,227150.94071685732
3.524009655187053e-05,605949973.2984821,170850.9915035659,227042.18284159733
3.5484491851665036e-05,597866793.296843,170835.79730575503,226932.79682761896
3.57305820691358e-05,589892863.9800258,170820.5018292342,226822.77982761108
3.5978378958788625e-05,582026697.5137062,170805.1044267622,226712.12899104995
3.6227894356648226e-05,574266826.406225,170789.60444733867,226600.84146433033
3.6479140180824225e-05,566611803.2298795,170774.00123618764,226488.91439089825
3.673212843207981e-05,559060200.3460753,170758.29413474086,226376.3449113856
3.6986871194405524e-05,551610609.6342117,170742.482480621,226263.1301637464
3.724338063559588e-05,544261642.2243186,170726.56560762523,226149.2672833954
3.7501669007831174e-05,537011928.2333254,170710.5428457083,226034.75340334783
3.776174864826207e-05,529860116.50498205,170694.413520966,225919.58565436173
3.80236319795995e-05,522804874.3533118,170678.1769556185,225803.76116508144
3.828733151070746e-05,515844887.3096148,170661.83246799375,225687.27706218368
3.855285983720105e-05,508978858.8729085,170645.37937251074,225570.13047052486
3.882022964204755e-05,502205510.26382333,170628.81697966304,225452.31851329093
3.908945369617279e-05,495523580.1818398,170612.14459600204,225333.83831214835
3.936054485907058e-05,488931824.56588674,170595.3615241204,225214.68698739784
3.96335160794175e-05,482429016.3581916,170578.4670626356,225094.8616581293
3.990838039569084e-05,476013945.27139837,170561.46050617314,224974.35944237898
4.018515093679191e-05,469685417.55885094,170544.34114535022,224853.17745728875
4.0463840922672874e-05,463442255.78804624,170527.10826675917,224731.31281926675
4.0744463664967994e-05,457283298.6171915,170509.7611529508,224608.76264415064
4.102703256763003e-05,451207400.5748085,170492.2990824182,224485.52404737225
4.131156112756979e-05,445213431.84238714,170474.72132957997,224361.59414412433
4.1598062935301505e-05,439300278.0399896,170457.02716476418,224236.97004952954
4.188655167559132e-05,433466840.01482224,170439.2158541916,224111.64887881104
4.2177041128111584e-05,427712033.63268054,170421.28665995965,223985.62774746504
4.246954516809838e-05,422034789.57227856,170403.2388400258,223858.90377143552
4.276407776701496e-05,416434053.12237304,170385.07164819157,223731.47406729084
4.3060652993218394e-05,410908783.98169523,170366.78433408603,223603.33575240223
4.335928501263226e-05,405457956.06159896,170348.37614314974,223474.4859451243
4.365998808942255e-05,400080557.29144156,170329.8463166185,223344.92176497774
4.396277658667973e-05,394775589.4266068,170311.19409150712,223214.64033283322
4.4267664967104073e-05,389542067.8591854,170292.4187005937,223083.63877109883
4.457466779369717e-05,384379021.43122643,170273.5193724031,222951.91420390742
4.488379973045685e-05,379285492.25057304,170254.49533119134,222819.46375730776
4.5195075543078286e-05,374260535.5091999,170235.34579692932,222686.28455945657
4.5508510099658583e-05,369303219.30406433,170216.06998528732,222552.37374081308
4.582411837140768e-05,364412624.4603897,170196.66710761876,222417.7284343352
4.6141915433362704e-05,359587844.35739636,170177.13637094476,222282.34577567808
4.646191646510876e-05,354827984.7563968,170157.47697793815,222146.22290339437
4.6784136751503274e-05,350132163.6312718,170137.688126908,222009.35695913632
4.7108591683406796e-05,345499511.0012472,170117.76901178397,221871.74508786036
4.7435296758417396e-05,340929168.7659866,170097.71882210072,221733.38443803298
4.7764267581611666e-05,336420290.5429207,170077.53674298248,221594.2721618396
4.809551986628935e-05,331972041.5068304,170057.22195512775,221454.40541539434
4.842906943472464e-05,327583598.23160785,170036.77363479385,221313.781358952
4.8764932218921146e-05,323254148.534205,170016.19095378168,221172.39715712302
4.9103124261373686e-05,318982891.32070494,169995.4730794207,221030.2499790886
4.944366171583377e-05,314769036.43451905,169974.6191745537,220887.33699881998
4.9786560848081966e-05,310611804.5066496,169953.6283975218,220743.65539529722
5.013183803670405e-05,306510426.8080212,169932.49990214963,220599.20235273233
5.047950977387412e-05,302464145.103819,169911.2328377304,220453.97506079244
5.0829592666141536e-05,298472211.5098424,169889.8263490113,220307.9707148262
5.118210343522496e-05,294533888.350808,169868.27957617855,220161.18651609158
5.1537058918810245e-05,290648448.02061534,169846.59165484324,220013.61967198574
5.189447607135551e-05,286815172.84450793,169824.76171602655,219865.2673962759
5.2254371964900116e-05,283033354.9431432,169802.78888614563,219716.12690933442
5.261676378988101e-05,279302296.09850603,169780.6722869991,219566.19543837316
5.2981668855952916e-05,275621307.62168026,169758.4110357532,219415.47021768178
5.334910459281602e-05,271989710.22241336,169736.00424492755,219263.94848886627
5.371908855104765e-05,268406833.8804865,169713.45102238125,219111.62750109108
5.40916384029414e-05,264872017.71883175,169690.7504712991,218958.50451132146
5.446677194335041e-05,261384609.87840396,169667.901690178,218804.57678456896
5.4844507090538124e-05,257943967.3947523,169644.90377281312,218649.8415941382
5.5224861887033774e-05,254549456.0762949,169621.75580828486,218494.29622187564
5.560785450049389e-05,251200450.38426074,169598.45688094504,218337.93795841964
5.599350322457084e-05,247896333.3142671,169575.0060704042,218180.7641034537
5.638182647978573e-05,244636496.27953592,169551.40245151814,218022.7719659597
5.6772842814409176e-05,241420338.99569377,169527.64509437524,217863.95886447464
5.716657090534635e-05,238247269.36716712,169503.73306428362,217704.32212734822
5.756302955902998e-05,235116703.37511915,169479.6654217585,217543.85909300204
5.7962237712317744e-05,232028064.9669372,169455.44122250966,217382.56711019148
5.836421443339771e-05,228980785.94722024,169431.05951742915,217220.4435382681
5.876897892269816e-05,225974305.87027466,169406.51935257914,217057.48574744532
5.9176550513805715e-05,223008071.93406945,169381.81976917977,216893.69111906394
5.958694867438777e-05,220081538.87565857,169356.95980359742,216729.05704586118
6.0000193007123394e-05,217194168.86802217,169331.93848733278,216563.5809322399
6.0416303250638636e-05,214345431.41833606,169306.75484700964,216397.26019454116
6.083529928045036e-05,211534803.26762143,169281.40790436312,216230.09226131576
6.125720110991457e-05,208761768.29178274,169255.89667622882,216062.07457360096
6.168202889118337e-05,206025817.4039891,169230.22017453154,215893.2045851956
6.210980291616655e-05,203326448.45840627,169204.37740627464,215723.47976293872
6.254054361750178e-05,200663166.15523463,169178.36737352915,215552.89758698898
6.297427156952962e-05,198035481.94706196,169152.18907342353,215381.45555110593
6.341100748927722e-05,195442913.946486,169125.84149813323,215209.15116293254
6.385077223744692e-05,192884986.83501568,169099.3236348707,215035.98194427977
6.429358681941357e-05,190361231.77320904,169072.63446587542,214861.94543141162
6.473947238622697e-05,187871186.31205302,169045.7729684043,214687.03917533287
6.518845023562308e-05,185414394.30554724,169018.7381147221,214511.2607420775
6.564054181304028e-05,182990405.8244966,168991.52887209237,214334.60771299846
6.609576871264478e-05,180598777.07147345,168964.14420276813,214157.07768505922
6.655415267836103e-05,178239070.2969564,168936.5830639833,213978.66827112692
6.701571560491135e-05,175910853.7166072,168908.84440794386,213799.37710026558
6.748047953886066e-05,173613701.42969224,168880.92718181972,213619.20181803236
6.794846667967061e-05,171347193.33861002,168852.8303277363,213438.14008677375
6.84196993807589e-05,169110915.06953278,168824.55278276687,213256.18958592394
6.889420015056802e-05,166904457.8941248,168796.09347892474,213073.3480123034
6.93719916536393e-05,164727418.65234312,168767.45134315584,212889.61308042015
6.985309671169662e-05,162579399.67628598,168738.62529733163,212704.98252277033
7.033753830473527e-05,160460008.715095,168709.61425824207,212519.4540901418
7.082533957212087e-05,158368858.8608756,168680.41713758907,212333.02555191732
7.131652381369333e-05,156305568.47564265,168651.0328419799,212145.69469637985
7.181111449088103e-05,154269761.11925697,168621.4602729214,211957.4593310184
7.230913522782022e-05,152261065.47835904,168591.6983268136,211768.31728283493
7.281060981248466e-05,150279115.29626617,168561.74589494464,211578.2663986523
7.331556219782066e-05,148323549.30384004,168531.6018634852,211387.30454542357
7.382401650289229e-05,146394011.15129182,168501.2651134835,211195.4296105412
7.433599701403241e-05,144490149.34093025,168470.7345208605,211002.63950214826
7.48515281860037e-05,142611617.16082287,168440.00895640574,210808.9321494498
7.537063464316574e-05,140758072.61937362,168409.08728577278,210614.3055030253
7.589334118065209e-05,138929178.38078967,168377.9683694758,210418.75753514204
7.641967276555427e-05,137124601.70143667,168346.6510628857,210222.28624006844
7.694965453811382e-05,135344014.36706647,168315.13421622716,210024.8896343893
7.74833118129242e-05,133587092.63089907,168283.41667457556,209826.56575732064
7.80206700801387e-05,131853517.1525603,168251.49727785456,209627.312671026
7.856175500668926e-05,130142972.93784831,168219.37486083366,209427.12846093238
7.910659243751114e-05,128455149.27933252,168187.04825312656,209226.01123604798
7.965520839677874e-05,126789739.69775857,168154.51627918932,209023.95912927898
8.020762908914728e-05,125146441.8842637,168121.77775831943,208820.9702977484
8.076388090100584e-05,123524957.64337558,168088.83150465455,208617.04292311356
8.132399040173634e-05,121924992.83679967,168055.67632717243,208412.1752118861
8.188798434498399e-05,120346257.32796893,168022.31102969038,208206.36539574986
8.245588966993384e-05,118788464.92736027,167988.73441086567,207999.61173188145
8.302773350259883e-05,117251333.33855279,167954.9452641961,207791.91250326927
8.360354315711417e-05,115734584.10503188,167920.9423780209,207583.26601903382
8.418334613704332e-05,114237942.5577146,167886.7245355221,207373.6706147475
8.476717013669036e-05,112761137.76320095,167852.29051472616,207163.12465275527
8.535504304242417e-05,111303902.47272688,167817.63908850626,206951.62652249433
8.594699293400903e-05,109865973.0718229,167782.76902458462,206739.17464081515
8.654304808594725e-05,108447089.53065571,167747.67908553564,206525.76745230122
8.714323696882835e-05,107046995.35505624,167712.36802878894,206311.40342958955
8.774758825069025e-05,105665437.538212,167676.83460663343,206096.08107369076
8.835613079838732e-05,104302166.51302698,167641.0775662211,205879.798914309
8.896889367897051e-05,102956936.1051281,167605.09564957206,205662.55551016182
8.95859061610744e-05,101629503.48652071,167568.88759357907,205444.34944929968
9.020719771631664e-05,100319629.12987325,167532.45213001338,205225.17934942493
9.083279802070412e-05,99027076.7634335,167495.78798553048,205005.04385821093
9.146273695605205e-05,97751613.32655612,167458.8938816765,204783.94165362025
9.209704461140968e-05,96493008.9258453,167421.76853489495,204561.87144422295
9.273575128449905e-05,95251036.79189184,167384.410656534,204338.83196951335
9.337888748316061e-05,94025473.23660836,167346.8189528544,204114.82200022816
9.402648392681204e-05,92816097.61114301,167308.9921250374,203889.84033866116
9.467857154791391e-05,91622692.26437515,167270.92886919368,203663.8858189802
9.533518149344879e-05,90445042.50197333,167232.62787637248,203436.95730754128
9.599634512640743e-05,89282936.54601957,167194.08783257115,203209.05370320313
9.666209402728833e-05,88136165.49518105,167155.30741874553,202980.1739376399
9.733245999560469e-05,87004523.28543203,167116.2853108204,202750.31697565442
9.80074750514048e-05,85887806.65130866,167077.02017970092,202519.48181548872
9.868717143679998e-05,84785815.08769907,167037.51069128417,202287.66748913532
9.937158161750613e-05,83698350.81215157,166997.75550647124,202054.87306264575
0.00010006073828439296,82625218.72770368,166957.75328118046,201821.09763644007
0.00010075467435504699,81566226.38621528,166917.50266636017,201586.34034561264
0.00010145342297534226,80521183.95220841,166877.0023080029,201350.6003602393
0.00010215701752102523,79489904.1671972,166836.25084715965,201113.876885681
0.00010286549159930724,78472202.31451084,166795.24691995484,200876.1691628881
0.00010357887905047151,77467896.18459345,166753.98915760175,200637.47646870118
0.00010429721394948777,76476806.04078336,166712.47618641876,200397.7981161528
0.00010502053060764136,75498754.58555669,166670.7066278459,200157.13345476537
0.0001057488635741715,74533566.92723545,166628.67909846196,199915.48187084912
0.00010648224763792083,73581070.54715191,166586.39221000264,199672.84278779814
0.0001072207178289987,72641095.26725875,166543.84456937862,199429.21566638383
0.00010796430942045253,71713473.21818738,166501.03477869486,199184.600005048
0.00010871305792995448,70798038.8077387,166457.96143526997,198938.99534019275
0.00010946699912149615,69894628.68980937,166414.62313165667,198692.40124647
0.00011022616900709858,69003081.73373918,166371.01845566256,198444.81733706756
0.0001109906038485307,68123238.99408208,166327.14599037162,198196.24326399472
0.00011176034015904301,67254943.68078679,166283.00431416632,197946.67871836413
0.00011253541470510997,66398041.129789375,166238.59200075048,197696.12343067362
0.00011331586450818788,65552378.77400439,166193.90761917253,197444.57717108398
0.00011410172684648144,64717806.114716895,166148.9497338498,197192.0397496957
0.00011489303925672612,63894174.69336207,166103.71690459302,196938.51101682268
0.00011568983953597935,63081338.06369461,166058.20768663197,196683.9908632647
0.00011649216574342763,62279151.76433541,166012.42063064137,196428.47922057606
0.00011730005620220267,61487473.29169758,165966.35428276774,196171.97606133262
0.00011811354950121372,60706162.07327883,165920.0071846568,195914.4813993968
0.00011893268449698891,59935079.44132357,165873.37787348178,195655.9952901788
0.00011975750031553307,59174088.60684118,165826.46488197197,195396.51783089587
0.00012058803635419477,58423054.633983545,165779.26673844265,195136.04916082937
0.00012142433228354998,57681844.41476975,165731.78196682507,194874.58946157747
0.000122266428049295,56950326.6441597,165684.00908669768,194612.13895730753
0.00012311436387415657,56228371.795465544,165635.94661331773,194348.69791500285
0.0001239681802598108,55515852.09610301,165587.59305765384,194084.26664470884
0.00012482791798882015,54812641.50367064,165538.9469264191,193818.84549977435
0.0001256936181265791,54118615.682359986,165490.00672210517,193552.4348770917
0.0001265653220232777,53433651.979685195,165440.77094301695,193285.03521733166
0.0001274430713158748,52757629.403533794,165391.23808330816,193016.64700517754
0.00012832690793008867,52090428.59952859,165341.4066330174,192747.2707695535
0.0001292168740823977,51431931.82870221,165291.27507810545,192476.90708385195
0.00013011301228205876,50782022.94547389,165240.8419004929,192205.55656615592
0.00013101536533313582,50140587.37593048,165190.105578099,191933.2198794592
0.00013192397633654632,49507512.09640174,165139.0645848808,191659.897731882
0.00013283888869211795,48882685.61233139,165087.71739087376,191385.59087688403
0.0001337601461006637,48265997.93743425,165036.0624622323,191110.30011347303
0.00013468779256606714,47657340.57314142,164984.0982612722,190834.02628641098
0.00013562187239738634,47056606.48832369,164931.82324651285,190556.77028641515
0.0001365624302109682,46463690.099294916,164879.23587272107,190278.53305035675
0.00013750951093258174,45878487.25008632,164826.33459095535,189999.31556145448
0.00013846315979956162,45300895.19299312,164773.1178486111,189719.1188494658
0.00013942342236297143,44730812.56938441,164719.5840894666,189437.94399087242
0.00014039034448977688,44168139.39077839,164665.73175373024,189155.79210906386
0.00014136397236503908,43612777.0201734,164611.55927808787,188872.6643745151
0.00014234435249411824,43064628.15363715,164557.06509575184,188588.56200496163
0.00014333153170489733,42523596.802144825,164502.2476365104,188303.4862655694
0.00014432555715001644,41989588.27366831,164447.10532677817,188017.43846910144
0.00014532647630912708,41462509.155507736,164391.6365896473,187730.41997607937
0.00014633433699115926,40942267.296866335,164335.83984493997,187442.4321949411
0.00014734918733660406,40428771.791663356,164279.7135092614,187153.47658219485
0.0001483710758198152,39921932.96158063,164223.25599605372,186863.55464256695
0.00014940005125132211,39421662.339342855,164166.46571565137,186572.6679291479
0.0001504361627801636,38927872.65222453,164109.34107533642,186280.81804353092
0.00015147945989623326,38440477.805784225,164051.88047939586,185988.0066359488
0.0001525299924326455,37959392.86781925,163994.0823291791,185694.23540540412
0.0001535878105681137,37484534.052541725,163935.94502315682,185399.50609979604
0.0001546529648293492,37015818.70496885,163877.46695698038,185103.82051604174
0.00015572550609347236,36553165.285528645,163818.6465235428,184807.18050019402
0.00015680548559044526,36096493.354874,163759.48211303988,184509.5879475527
0.00015789295490551596,35645723.55890644,163699.9721130331,184211.044802773
0.00015898796598168524,35200777.61400239,163640.11490851286,183911.55305996758
0.00016009057112218502,34761578.29244355,163579.90888196323,183611.1147628048
0.00016120082299297912,34328049.40804429,163519.35241342706,183309.73200460093
0.0001623187746252764,33900115.801977456,163458.44388057277,183007.406928409
0.00016344447941806636,33477703.328791976,163397.18165876158,182704.14172710062
0.00016457799114066697,33060738.842623502,163335.56412111613,182399.93864344494
0.00016571936393529587,32649150.183591455,163273.5896385897,182094.79997018023
0.00016686865231965356,32242866.16438402,163211.25658003695,181788.72805008278
0.00016802591118953035,31841816.55702441,163148.56331228517,181481.72527602836
0.00016919119582142555,31445932.079820026,163085.508200207,181173.7940910505
0.0001703645618751906,31055144.38448787,163022.0896067936,180864.9369883915
0.00017154606539668488,30669386.0434579,162958.30589322982,180555.15651155062
0.00017273576282045557,30288590.537347894,162894.155418969,180244.45525432422
0.00017393371097243032,29912692.242611412,162829.63654181044,179932.8358608433
0.00017513996707263447,29541626.41935255,162764.74761797633,179620.30102560337
0.00017635458873792133,29175329.199309085,162699.4870021911,179306.85349349084
0.00017757763398472707,28813737.573997952,162633.8530477608,178992.4960598022
0.00017880916123183898,28456789.38302446,162567.84410665397,178677.2315702596
0.0001800492293031888,28104423.30254949,162501.45852958385,178361.06292101933
0.00018129789743065943,27756578.83391587,162434.69466609112,178043.99305867622
0.00018255522525691725,27413196.29242856,162367.55086462788,177726.02498026102
0.00018382127283825782,27074216.796289615,162300.02547264294,177407.16173323398
0.00018509610064747757,26739582.255682785,162232.1168366679,177087.40641547108
0.00018637976957675917,26409235.36200874,162163.8233024045,176766.76217524626
0.00018767234094058322,26083119.577265706,162095.14321481294,176445.2322112071
0.00018897387647865376,25761179.123576876,162026.07491820134,176122.8197723448
0.00019028443835885037,25443358.972859096,161956.61675631625,175799.5281579593
0.0001916040891801946,25129604.836634286,161886.76707243436,175475.3607176183
0.00019293289197584303,24819863.15597851,161816.52420945515,175150.32085111
0.00019427091021609498,24514081.09160975,161745.8865099948,174824.41200839172
0.0001956182078114273,24212206.51410962,161674.85231648103,174497.63768953073
0.00019697484911554384,23914187.99428,161603.4199712492,174170.00144464144
0.00019834089892845224,23619974.79363003,161531.58781663948,173841.50687381544
0.00019971642249955768,23329516.854993947,161459.35419509502,173512.15762704634
0.00020110148553077858,23042764.793276917,161386.71744926137,173181.95740414906
0.00020249615417968742,22759669.886326533,161313.675922087,172850.90995467233
0.0002039004950626677,22480184.065929946,161240.22795692476,172519.0190778077
0.00020531457525809903,22204259.908932913,161166.37189763476,172186.28862228958
0.0002067384623095579,21931850.628481146,161092.10608868804,171852.72248629265
0.0002081722242290472,21662910.065380044,161017.42887527158,171518.3246173211
0.00020961592950024152,21397392.67957369,160942.3386033944,171183.09901209394
0.00021106964708176147,21135253.54173883,160866.83361999458,170847.04971642283
0.0002125334464104643,20876448.324994918,160790.9122730478,170510.18082508593
0.00021400739740476394,20620933.29672604,160714.57291167663,170172.49648169402
0.00021549157046796705,20368665.310515713,160637.81388626096,169834.0008785529
0.0002169860364916395,20119601.798190564,160560.63354854984,169494.6982565183
0.0002184908668589889,19873700.761973813,160483.03025177424,169154.59290484618
0.00022000613344827776,19630920.766744614,160405.00235076077,168813.68916103643
0.00022153190863625325,19391220.932404295,160326.54820204698,168471.99141067168
0.00022306826530160784,19154560.92634554,160247.66616399723,168129.50408724966
0.0002246152768284567,18920900.956025563,160168.3545969201,167786.23167201038
0.00022617301710984653,18690201.761639457,160088.6118631867,167442.178693757
0.0002277415605512815,18462424.60889468,160008.43632735018,167097.34972867175
0.00022932098207428082,18237531.281882957,159927.82635626625,166751.74940012538
0.00023091135711995368,18015484.0760507,159846.780319215,166405.38237848153
0.00023251276165260645,17796245.791264053,159765.29658802357,166058.2533808953
0.00023412527216336732,17579779.72496982,159683.37353719026,165710.3671711063
0.00023574896567384377,17366049.665448554,159601.0095440092,165361.72855922498
0.0002373839197397976,17155019.88516072,159518.2029886969,165012.3424015159
0.00023903021245485324,16946655.134182725,159434.9522545191,164662.2136001722
0.0002406879224542241,16740920.633733356,159351.25572791937,164311.34710308758
0.00024235712891847237,16537782.069787674,159267.11179864814,163959.74790361995
0.0002440379115772873,16337205.586778916,159182.51885989358,163607.42104035214
0.00024573035071329726,16139157.781385373,159097.47530841274,163254.3715968452
0.0002474345271659006,15943605.696402997,159011.97954466467,162900.60470138752
0.000249150522335131,15750516.814700596,158926.02997294365,162546.1255267374
0.0002508784181855412,15559859.053258479,158839.6250015142,162190.93928986148
0.0002526182972501226,15371600.757287396,158752.7630427469,161835.05125166647
0.00025437024263424285,15185710.694428697,158665.4425132552,161478.46671672718
0.00025613433801961993,15002158.049032617,158577.66183403344,161121.1910330072
0.00025791066766831465,14820912.416515537,158489.41943059582,160763.22959157662
0.00025969931642676,14641943.79779326,158400.7137331162,160404.58782632192
0.00026150036972980944,14465222.593791123,158311.54317656948,160045.27121365364
0.00026331391360482183,14290719.600028088,158221.90620087343,159685.28527220624
0.00026514003467576646,14118406.001275524,158131.80125103187,159324.6355625344
0.0002669788201673649,13948253.366287995,158041.22677727867,158963.32768680344
0.000268830357909253,13780233.642606707,157950.18123522302,158601.36728847586
0.00027069473634018005,13614319.151433026,157858.66308599518,158238.7600519908
0.00027257204451222936,13450482.582572622,157766.67079639394,157875.51170244114
0.0002744623720950751,13288696.989447871,157674.20283903438,157511.62800524352
0.0002763658093802639,13128935.784178702,157581.25769249687,157147.11476580452
0.0002782824472855263,12971172.7327305,157487.83384147735,156781.97782918223
0.00028021237735912263,12815381.950127723,157393.92977693773,156416.223079742
0.000282155691784212,12661537.895733373,157299.5439962582,156049.8564408089
0.0002841124833832597,12509615.368592173,157204.67500338968,155682.88387431396
0.000286082845622466,12359589.502837889,157109.32130900768,155315.31138043743
0.00028806687261623585,12211435.763162518,157013.48143066675,154947.14499724554
0.000290064659131669,12065129.940348005,156917.15389295618,154578.39080032476
0.0002920763005930915,11920648.146858048,156820.33722765598,154209.05490240984
0.00029410189308660885,11777966.812490791,156723.02997389456,153839.14345300884
0.0002961415333647005,11637062.680089971,156625.23067830646,153468.66263802236
0.00029819531885083605,11497912.801315235,156526.93789519148,153097.6186793604
0.000300263347644134,11360494.53246943,156428.15018667426,152726.01783455216
0.00030234571852404216,11224785.530383382,156328.86612286518,152353.86639635506
0.00030444253095506104,11090763.74835611,156229.0842820213,151981.17069235627
0.00030655388509148973,10958407.432150982,156128.8032507089,151607.9370845727
0.00030867988178221465,10827695.116045812,156028.02162396625,151234.17196904548
0.00031082062257552185,10698605.618937353,155926.7380054674,150859.8817754311
0.00031297620972395225,10571118.040498277,155824.9510076865,150485.07296658837
0.0003151467461891808,10445211.757387094,155722.65925206317,150109.75203816194
0.00031733233564693947,10320866.419509105,155619.86136916827,149733.925518161
0.00031953308249196437,10198061.946328867,155516.5559988706,149357.59996653596
0.00032174909184298696,10076778.523232322,155412.74179050405,148980.7819747494
0.0003239804695477503,9956996.597939009,155308.41740303565,148603.47816534553
0.0003262273221880699,9838696.876962615,155203.58150523412,148225.69519151392
0.0003284897570849191,9721860.322120268,155098.2327758392,147847.43973665213
0.00033076788230356104,9606468.147088796,154992.36990373125,147468.7185139223
0.0003330618066587046,9492501.814008456,154885.99158810207,147089.53826580723
0.0003353716397197077,9379943.030132351,154779.09653862545,146709.90576366035
0.0003376974918158053,9268773.744522018,154671.6834756292,146329.82780725468
0.0003400394740413845,9158976.14478745,154563.75113026684,145949.31122432754
0.00034239769826128585,9050532.653872062,154455.2982446906,145568.36287012236
0.00034477227711615205,8943425.92688087,154346.3235722243,145186.98962692753
0.00034716332402780236,8837638.847952403,154236.82587753705,144805.19840361248
0.00034957095320465627,8733154.527172642,154126.8039368173,144422.99613516027
0.00035199527964718244,8629956.29753152,154016.25653794743,144040.38978219847
0.00035443641915339805,8528027.7119203,153905.18248067846,143657.38633052577
0.0003568944883243936,8427352.540170364,153793.58057680566,143273.99279063763
0.0003593696045699084,8327914.7661317745,153681.44965034386,142890.2161972474
0.00036186188611393293,8229698.58479209,153568.78853770398,142506.06360880728
0.00036437145200036135,8132688.399433933,153455.5960878689,142121.5421070241
0.0003668984220986721,8036868.8188316785,153341.8711625705,141736.6587963752
0.0003694429171096591,7942224.654485837,153227.6126364663,141351.42080362004
0.00037200505857119126,7848740.917895535,153112.81939731707,140965.83527731098
0.00037458496886402364,7756402.817867627,152997.49034616377,140579.90938730084
0.000377182771217637,7665195.757862896,152881.62439750574,140193.65032424917
0.000379798589716129,7575105.333377922,152765.22047947807,139807.06529912565
0.00038243254930413916,7486117.329362837,152648.27753402982,139420.1615427121
0.0003850847757928141,7398217.717674226,152530.79451710224,139032.9463051028
0.0003877553958658226,7311392.654562383,152412.7703988068,138645.42685520215
0.0003904445370854004,7225628.478193151,152294.20416360363,138257.61048022134
0.0003931523278984493,7140911.706203065,152175.09481047982,137869.5044851725
0.0003958788976426664,7057229.033288107,152055.44135312797,137481.1161923629
0.00039862437655272806,6974567.328824914,151935.2428201244,137092.45294088504
0.0004013888957665042,6892913.634524663,151814.4982551077,136703.52208610793
0.0004041725873313286,6812255.162118523,151693.20671695695,136314.3309991649
0.0004069755842102996,6732579.291074921,151571.36727997015,135924.8870664417
0.00040979802028863775,6653873.566347486,151448.979034042,135535.19768906158
0.00041264003038007403,6576125.696153974,151326.04108484226,135145.27028237138
0.00041550175023329615,6499323.549785019,151202.55255399345,134755.11227542415
0.0004183833165384255,6423455.155443046,151078.51257924855,134364.7311104628
0.00042128486693355344,6348508.698110162,150953.9203146682,133974.13424240125
0.00042420654001130834,6274472.517445436,150828.77493079816,133583.32913830574
0.0004271484753254824,6201335.105710358,150703.07561484596,133192.32327687438
0.00043011081339769077,6129085.105722853,150576.82157085766,132801.12414791703
0.00043309369572409027,6057711.308838762,150450.01201989385,132409.73925183338
0.000436097264782131,5987202.652961084,150322.6462002057,132018.17609909124
0.000439121664037369,5917548.220575916,150194.7233674102,131626.44220970382
0.0004421670379503115,5848737.236815444,150066.2427946653,131234.54511270678
0.00044523353198332454,5780759.067546881,149937.2037728444,130842.49234563451
0.0004483212926075735,5713603.217487711,149807.6056107104,130450.2914539971
0.0004514304673100268,5647259.328346213,149677.44763508893,130057.949990755
0.00045456120460049304,5581717.1769875465,149546.72919104193,129665.47551579653
0.0004577136540187223,5516966.673624441,149415.4496420391,129272.8755954115
0.00046088796614154117,5452997.860032773,149283.60837013033,128880.15780176845
0.00046408429259005263,5389800.9077910315,149151.2047761163,128487.32971238915
0.0004673027860368707,5327366.116544043,149018.238279719,128094.39890962503
0.00047054360021342055,5265683.912289928,148884.70831975125,127701.37298013207
0.00047380688991727367,5204744.845690636,148750.61435428582,127308.25951434787
0.0004770928110195496,5144539.590405105,148615.9558608228,126915.06610596667
0.00048040152047235335,5085058.941445348,148480.7323364577,126521.8003514173
0.0004837331763162799,5026293.813554564,148344.94329804706,126128.46984933897
0.0004870879376879554,4968235.239607534,148208.5882823743,125735.08220005964
0.000490465964827646,4910874.369032463,148071.66684631398,125341.6450050735
0.0004938674190869038,4854202.466254492,147934.17856699572,124948.16586652011
0.0004972924629362821,4798210.9091600785,147796.12304196623,124554.65238666291
0.0005007412599730873,4742891.187582458,147657.49988935143,124161.11216737039
0.0005042139749292018,4688234.901807408,147518.3087480161,123767.55280959551
0.0005077107736789437,4634233.761099526,147378.549277724,123373.98191285878
0.0005112318232469983,4580879.582248248,147238.22115929547,122980.4070747296
0.0005147772918163876,4528164.28813384,147097.3240947649,122586.83589031111
0.0005183473487365123,4476079.906312581,146955.85780753597,122193.27595172335
0.0005219421645312319,4424618.567621387,146813.8220425368,121799.7348475904
0.0005255619109070174,4373772.504801116,146671.21656637272,121406.22016252624
0.0005292067607611497,4323534.051138696,146528.04116747834,121012.73947662309
0.0005328768881899746,4273895.6391276615,146384.29565626846,120619.30036494146
0.0005365724684972266,4224849.79914669,146239.97986528676,120225.91039699977
0.0005402936782023929,4176389.15815628,146095.09364935392,119832.57713626746
0.0005440406950491541,4128506.4384128503,145949.63688571367,119439.30813965775
0.000547813698013865,4081194.456200504,145803.609474178,119046.11095702359
0.0005516128673141127,4034446.1205797447,145657.0113372699,118652.99313065333
0.0005554383844173156,3988254.432153362,145509.84242036554,118259.96219477002
0.0005592904320493996,3942612.4818488373,145362.10269183412,117867.02567503057
0.0005631691942035178,3897513.449717433,145213.79214317637,117474.19108802805
0.0005670748561488479,3852950.6037493534,145064.91078916137,117081.46594079451
0.0005710076044394318,3808917.298705151,144915.4586679617,116688.85773030725
0.0005749676269230962,3765406.9749627546,144765.43584128667,116296.3739429951
0.000578955112750416,3722413.157380315,144614.84239451386,115904.02205424824
0.0005829702523837575,3679929.4541742383,144463.67843681897,115511.8095279291
0.0005870132376063676,3637949.555812609,144311.94410130364,115119.74381588583
0.0005910842615315428,3596467.233923398,144159.6395451214,114727.8323574672
0.0005951835186118444,3555476.340217635,144006.76494960193,114336.08257904087
0.0005993112046483962,3514970.805426964,143853.3205203728,113944.50189351194
0.0006034675168002262,3474944.6382557666,143699.30648748024,113553.0976998464
0.0006076526535936953,3435391.924347268,143544.72310550645,113161.87738259375
0.0006118668149319687,3396306.8252638215,143389.57065368642,112770.8483114151
0.0006161102021045746,3357683.5774808014,143233.84943602126,112380.01784061093
0.0006203830177970096,3319516.491394273,143077.55978139053,111989.39330865361
0.0006246854661004287,3281799.950341922,142920.7020436614,111598.98203772014
0.0006290177525213843,3244528.4096373823,142763.27660179677,111208.79133323007
0.0006333800839916529,3207696.395617447,142605.2838599597,110818.82848338298
0.000637772668878108,3171298.5047023413,142446.72424761712,110429.10075870146
0.0006421957169926834,3135329.402468513,142287.5982196402,110039.61541157453
0.0006466494396023847,3099783.822734133,142127.90625640267,109650.37967580528
0.0006511340494393911,3064656.566656769,141967.64886387688,109261.4007661601
0.0006556497607112052,3029942.501843444,141806.8265737276,108872.68587792193
0.0006601967891108962,2995636.5614725174,141645.43994340271,108484.24218644481
0.0006647753518273913,2961733.7434276193,141483.48955622263,108096.07684671321
0.0006693856675558601,2928229.109443103,141320.97602146596,107708.19699290214
0.0006740279565081509,2895117.784261197,141157.8999744536,107320.60973794226
0.0006787024404233189,2862394.9548003855,140994.2620766297,106933.32217308623
0.0006834093425782071,2830055.869335169,140830.06301564048,106546.34136747954
0.0006881488877981222,2798095.8366867304,140665.30350541,106159.67436773315
0.0006929213024675622,2766510.2254246953,140499.9842862139,105773.32819750048
0.0006977268145410405,2735294.463079494,140334.1061247496,105387.30985705611
0.0007025656535539637,2704444.035365509,140167.66981420486,105001.62632287928
0.0007074380506336058,2673954.4854145492,140000.67617432258,104616.28454723896
0.0007123442385101374,2643821.413019812,139833.12605146386,104231.29145778375
0.0007172844515277512,2614040.473889902,139665.0203186672,103846.65395713341
0.0007222589256558521,2584607.3789129937,139496.35987570588,103462.37892247511
0.0007272678985003234,2555517.8934309236,139327.14564914213,103078.47320516274
0.0007323116093148861,2526767.8365229685,139157.37859237808,102694.94363031835
0.0007373902990125157,2498353.0802994105,138987.05968570447,102311.79699643906
0.0007425042101769604,2470269.5492044836,138816.18993634594,101929.04007500545
0.0007476535870743171,2442513.2193288407,138644.7703785039,101546.67961009515
0.0007528386756647105,2415080.1177311577,138472.80207339567,101164.72231799796
0.0007580597236140287,2387966.321768996,138300.28610929172,100783.17488683689
0.0007633169803057659,2361167.9584385483,138127.22360154876,100402.0439761902
0.0007686106968529218,2334681.2037234018,137953.61569264074,100021.33621671943
0.000773941126110008,2308502.2819519388,137779.46355218624,99641.058209799
0.0007793085226851133,2282627.465163513,137604.76837697308,99261.21652715109
0.0007847131429520783,2257053.072483026,137429.53139097965,98881.81771048266
0.0007901552450627271,2231775.4695040407,137253.75384539337,98502.86827112791
0.0007956350889592119,2206791.0676800823,137077.4370186257,98124.37468969228
0.0008011529363864157,2182096.3237242177,136900.58221632446,97746.3434157028
0.0008067090509044679,2157687.739016621,136723.19077138242,97368.78086725944
0.0008123036979013193,2133561.8590201978,136545.2640439433,96991.6934306928
0.0008179371446054328,2109715.2727039587,136366.803421404,96615.08746022327
0.0008236096600985333,2086144.611974247,136187.81031841438,96238.96927762634
0.0008293215153284744,2062846.5511135047,136008.2861768726,95863.34517189943
0.0008350729831221662,2039817.8062266798,135828.2324659188,95488.22139893493
0.000840864338198621,2017055.134694964,135647.650681924,95113.60418119481
0.0008466958571820611,1994555.3346369707,135466.5423484768,94739.49970739125
0.0008525678186151461,1972315.244377036,135284.90901636626,94365.91413216956
0.0008584805029722629,1950331.7419207715,135102.75226356174,93992.85357579635
0.0008644341926729373,1928601.7444375367,134920.07369518906,93620.3241238503
0.0008704291720953091,1907122.2077499656,134736.87494350405,93248.33182691871
0.0008764657275897299,1885890.1258302392,134553.15766786187,92876.88270029593
0.0008825441474924263,1864902.5303032075,134368.9235546838,92505.98272368792
0.0008886647221392868,1844156.4899560784,134184.17431742005,92135.637840919
0.0008948277438797149,1823649.1102547748,133998.91169650987,91765.85395964427
0.0009010335070906082,1803377.5328666759,133813.13745933742,91396.63695106473
0.0009072823081904039,1783338.9351898532,133626.85340018538,91027.9926496476
0.0009135744456532529,1763530.529888506,133440.06134018404,90659.92685284972
0.0009199102200232611,1743949.5644347281,133252.76312725802,90292.44532084625
0.0009262899339288599,1724593.3206563005,133064.96063606878,89925.55377626217
0.0009327138920972462,1705459.1142906416,132876.65576795442,89559.25790390925
0.0009391824013689525,1686544.2945446323,132687.85045086552,89193.56335052576
0.000945695770712489,1667846.2436604109,132498.54663929812,88828.47572452207
0.0009522543112391155,1649362.3764869056,132308.74631422284,88464.00059572847
0.0009588583362176869,1631090.1400571647,132118.451483011,88100.14349514917
0.0009655081610896321,1613027.013171268,131927.66417935694,87736.90991471837
0.0009722041034840052,1595170.5059848835,131736.3864631975,87374.30530706308
