{
  "timestamp": "2025-10-19T23:29:42+08:00",
  "model": "pbuf",
  "priors": {
    "means": {
      "Dv_rs_0.106": 3.047,
      "Dv_rs_0.15": 4.48,
      "Dv_rs_0.38": 9.996,
      "Dv_rs_0.51": 13.48,
      "Dv_rs_0.61": 16.62
    },
    "cov": [
      [
        0.0216,
        0.0,
        0.0,
        0.0,
        0.0
      ],
      [
        0.0,
        0.043,
        0.0,
        0.0,
        0.0
      ],
      [
        0.0,
        0.0,
        0.0576,
        0.0198,
        0.0
      ],
      [
        0.0,
        0.0,
        0.0198,
        0.0436,
        0.0166
      ],
      [
        0.0,
        0.0,
        0.0,
        0.0166,
        0.065
      ]
    ],
    "labels": [
      "Dv_rs_0.106",
      "Dv_rs_0.15",
      "Dv_rs_0.38",
      "Dv_rs_0.51",
      "Dv_rs_0.61"
    ],
    "meta": {
      "description": "Isotropic BAO distance priors D_V(z)/r_s from low- and mid-z surveys.",
      "release_tag": "BAO_MIXED_DR12",
      "source": "6dF + SDSS MGS + BOSS DR12 consensus",
      "reference": "Beutler+2011, Ross+2015, Alam+2017",
      "unit": "dimensionless ratio",
      "type": "isotropic",
      "resolved_path": "/home/fabian/PBUF/data/bao/bao_mixed.json",
      "source_tag": "primary"
    }
  },
  "parameters": {
    "H0": 67.4,
    "Om0": 0.315,
    "Obh2": 0.02237,
    "alpha": 0.0005,
    "Rmax": 1000000000.0,
    "eps0": 0.7,
    "n_eps": 0.0,
    "k_sat": 0.9761904761904762,
    "ns": 0.9649,
    "recomb_method": "PLANCK18",
    "Tcmb": 2.7255,
    "Neff": 3.046
  },
  "predictions": {
    "Dv_rs_0.106": 3.0203087826311905,
    "Dv_rs_0.15": 4.209658442839238,
    "Dv_rs_0.38": 9.802206538858178,
    "Dv_rs_0.51": 12.514921591919014,
    "Dv_rs_0.61": 14.398550374261077,
    "r_s": 150.7669686035626,
    "z_d": 1020.7239634915811
  },
  "metrics": {
    "chi2": 81.6735086864351,
    "dof": 4,
    "chi2_dof": 20.418377171608775,
    "AIC": 83.6735086864351,
    "BIC": 83.2829465988692,
    "p_value": 7.698053320447421e-17
  },
  "provenance": {
    "commit": "n/a",
    "recomb": "PLANCK18",
    "cmb_calibration": "proofs/results/CMB_PBUF_CMB_PLANCK2018_REAL_20251019-232941/fit_results.json"
  }
}