a,H,c_s,integrand
9.722015410489848e-10,709869994695.3368,173085.18596779634,257969563758.40897
9.789439030267851e-10,709869994695.3368,173085.18741158475,254428332360.54062
9.857330242855744e-10,709869994695.3368,173085.18882574642,250935712545.18103
9.925692291079141e-10,709869994695.3368,173085.1902108893,247491037007.50415
9.994528440253015e-10,709869994695.3368,173085.19156760885,244093647602.92087
1.006384197833782e-09,709869994695.3368,173085.19126109133,240742892946.6668
1.0133636216096466e-09,709869994695.3368,173085.19080984764,237438135015.09586
1.0203914487252618e-09,709869994695.3368,173085.1903554745,234178742592.89807
1.0274680148649685e-09,709869994695.3368,173085.18989795021,230964092932.695
1.034593658041132e-09,709869994695.3368,173085.18943725296,227793571835.76617
1.0417687186102804e-09,709869994695.3368,173085.1889733607,224666573534.70132
1.0489935392893763e-09,709869994695.3368,173085.18850625126,221582500577.6551
1.0562684651721636e-09,709869994695.3368,173085.1880359024,218540763714.20657
1.0635938437456661e-09,709869994695.3368,173085.18756229154,215540781782.7687
1.0709700249067775e-09,709869994695.3368,173085.18708539614,212581981599.55383
1.0783973609789916e-09,709869994695.3368,173085.18660519342,209663797849.05252
1.0858762067292049e-09,709869994695.3368,173085.18612166043,206785672976.03372
1.0934069193846791e-09,709869994695.3368,173085.18563477404,203947057079.00983
1.1009898586500954e-09,709869994695.3368,173085.18514451105,201147407805.17508
1.1086253867247542e-09,709869994695.3368,173085.18465084804,198386190246.7748
1.1163138683198482e-09,709869994695.3368,173085.1841537614,195662876838.91528
1.124055670675901e-09,709869994695.3368,173085.18365322734,192976947258.75906
1.1318511635802982e-09,709869994695.3368,173085.18314922208,190327888326.1144
1.139700719384971e-09,709869994695.3368,173085.1826417214,187715193905.37885
1.1476047130241518e-09,709869994695.3368,173085.1821307012,185138364808.84598
1.1555635220323022e-09,709869994695.3368,173085.18161613698,182596908701.3226
1.163577526562137e-09,709869994695.3368,173085.18109800416,180090340006.06503
1.1716471094028005e-09,709869994695.3368,173085.180576278,177618179811.99814
1.1797726559981223e-09,709869994695.3368,173085.18005093365,175179955782.22208
1.1879545544650467e-09,709869994695.3368,173085.17952194595,172775202063.7605
1.196193195612162e-09,709869994695.3368,173085.17898928965,170403459198.55643
1.2044889729583869e-09,709869994695.3368,173085.1784529393,168064274035.68167
1.2128422827517366e-09,709869994695.3368,173085.17791286926,165757199644.76514
1.2212535239882714e-09,709869994695.3368,173085.1773690538,163481795230.59534
1.2297230984311425e-09,709869994695.3368,173085.17682146688,161237626048.904
1.2382514106298033e-09,709869994695.3368,173085.17627008236,159024263323.2975
1.246838867939303e-09,709869994695.3368,173085.17571487394,156841284163.34164
1.2554858805397633e-09,709869994695.3368,173085.17515581506,154688271483.7579
1.264192861455961e-09,709869994695.3368,173085.17459287902,152564813924.7367
1.272960226577076e-09,709869994695.3368,173085.17402603893,150470505773.33716
1.2817883946765268e-09,709869994695.3368,173085.17345526777,148404946885.978
1.2906777874319917e-09,709869994695.3368,173085.1728805382,146367742611.98
1.299628829445542e-09,709869994695.3368,173085.1723018228,144358503718.1659
1.3086419482639426e-09,709869994695.3368,173085.17171909398,142376846314.4874
1.3177175743990433e-09,709869994695.3368,173085.1711323238,140422391780.68564
1.3268561413483626e-09,709869994695.3368,173085.17054148426,138494766693.94626
1.3360580856157827e-09,709869994695.3368,173085.16994654725,136593602757.55472
1.345323846732422e-09,709869994695.3368,173085.16934748422,134718536730.52391
1.354653867277596e-09,709869994695.3368,173085.16874426662,132869210358.1996
1.3640485928999784e-09,709869994695.3368,173085.1681368656,131045270303.80653
1.3735084723388775e-09,709869994695.3368,173085.16752525215,129246368080.94159
1.3830339574456921e-09,709869994695.3368,173085.16690939714,127472159986.98663
1.3926255032054603e-09,709869994695.3368,173085.16628927106,125722307037.44644
1.4022835677586092e-09,709869994695.3368,173085.1656648443,123996474901.17809
1.412008612422855e-09,709869994695.3368,173085.1650360871,122294333836.50998
1.421801101715203e-09,709869994695.3368,173085.16440296933,120615558628.24672
1.4316615033741591e-09,709869994695.3368,173085.16376546083,118959828525.52858
1.4415902883820594e-09,709869994695.3368,173085.16312353112,117326827180.54999
1.4515879309875896e-09,709869994695.3368,173085.16247714954,115716242588.11366
1.461654908728403e-09,709869994695.3368,173085.16182628524,114127767026.02393
1.4717917024539532e-09,709869994695.3368,173085.1611709071,112561096996.28847
1.48199879634845e-09,709869994695.3368,173085.16051098378,111015933167.13358
1.4922766779540112e-09,709869994695.3368,173085.15984648382,109491980315.80896
1.5026258381939128e-09,709869994695.3368,173085.15917737546,107988947272.18773
1.5130467713960633e-09,709869994695.3368,173085.15850362676,106506546863.13072
1.5235399753166012e-09,709869994695.3368,173085.1578252055,105044495857.62056
1.5341059511636977e-09,709869994695.3368,173085.15714207932,103602514912.64314
1.5447452036214575e-09,709869994695.3368,173085.15645421555,102180328519.8211
1.555458240874051e-09,709869994695.3368,173085.15576158135,100777664952.77094
1.5662455746299751e-09,709869994695.3368,173085.15506414362,99394256215.188
1.57710772014652e-09,709869994695.3368,173085.15436186912,98029837989.63928
1.5880451962543422e-09,709869994695.3368,173085.1536547242,96684149587.06723
1.5990585253822726e-09,709869994695.3368,173085.15294267514,95356933896.97835
1.6101482335822573e-09,709869994695.3368,173085.15222568795,94047937338.32094
1.6213148505545094e-09,709869994695.3368,173085.15150372835,92756909811.03214
1.632558909672773e-09,709869994695.3368,173085.15077676185,91483604648.25761
1.6438809480098241e-09,709869994695.3368,173085.15004475374,90227778569.22008
1.655281506363112e-09,709869994695.3368,173085.14930766905,88989191632.73868
1.666761129280616e-09,709869994695.3368,173085.14856547257,87767607191.38249
1.6783203650868169e-09,709869994695.3368,173085.1478181289,86562791846.26044
1.6899597659089136e-09,709869994695.3368,173085.14706560227,85374515402.42456
1.7016798877031825e-09,709869994695.3368,173085.14630785675,84202550824.88994
1.7134812902815594e-09,709869994695.3368,173085.1455448562,83046674195.2541
1.7253645373383386e-09,709869994695.3368,173085.1447765641,81906664668.91861
1.737330196477125e-09,709869994695.3368,173085.14400294382,80782304432.89143
1.7493788392379315e-09,709869994695.3368,173085.14322395835,79673378664.17209
1.7615110411245073e-09,709869994695.3368,173085.14243957054,78579675488.70483
1.7737273816317837e-09,709869994695.3368,173085.14164974287,77500985940.90115
1.786028444273583e-09,709869994695.3368,173085.14085443766,76437103923.71175
1.7984148166104752e-09,709869994695.3368,173085.1400536169,75387826169.25038
1.8108870902778713e-09,709869994695.3368,173085.13924724233,74352952199.95467
1.8234458610142404e-09,709869994695.3368,173085.13843527544,73332284290.28589
1.8360917286895934e-09,709869994695.3368,173085.13761767745,72325627428.94875
1.8488252973341212e-09,709869994695.3368,173085.1367944093,71332789281.63318
1.8616471751670766e-09,709869994695.3368,173085.13596543172,70353580154.26416
1.87455797462578e-09,709869994695.3368,173085.13513070502,69387812956.76183
1.8875583123949035e-09,709869994695.3368,173085.13429018942,68435303167.29329
1.900648809435911e-09,709869994695.3368,173085.1334438447,67495868797.01847
1.91383009101675e-09,709869994695.3368,173085.13259163048,66569330355.3168
1.92710278674167e-09,709869994695.3368,173085.13173350604,65655510815.49658
1.9404675305813198e-09,709869994695.3368,173085.13086943037,64754235580.97012
1.953924960903052e-09,709869994695.3368,173085.12999936225,63865332451.8934
1.967475720501369e-09,709869994695.3368,173085.1291232601,62988631592.268234
1.981120456628654e-09,709869994695.3368,173085.12824108204,62123965497.491
1.9948598210260765e-09,709869994695.3368,173085.12735278596,61271168962.349686
2.0086944699547498e-09,709869994695.3368,173085.12645832944,60430079049.45756
2.022625064227032e-09,709869994695.3368,173085.12555766976,59600535058.12484
2.0366522692381203e-09,709869994695.3368,173085.12465076384,58782378493.652885
2.050776754997819e-09,709869994695.3368,173085.12373756844,57975453037.05277
2.0649991961625747e-09,709869994695.3368,173085.1228180399,57179604515.17669
2.0793202720676512e-09,709869994695.3368,173085.1218921343,56394680871.26417
2.0937406667596115e-09,709869994695.3368,173085.12095980745,55620532135.88782
2.1082610690289747e-09,709869994695.3368,173085.12002101477,54857010398.300674
2.1228821724431495e-09,709869994695.3368,173085.11907571144,54103969778.174355
2.1376046753795133e-09,709869994695.3368,173085.1181238523,53361266397.72931
2.152429281058801e-09,709869994695.3368,173085.11716539192,52628758354.24365
2.16735669757868e-09,709869994695.3368,173085.11620028445,51906305692.94146
2.182387637947606e-09,709869994695.3368,173085.11522848386,51193770380.25127
2.197522820118828e-09,709869994695.3368,173085.1142499437,50491016277.43535
2.2127629670247164e-09,709869994695.3368,173085.11326461722,49797909114.57721
2.2281088066112755e-09,709869994695.3368,173085.11227245737,49114316464.92835
2.2435610718729504e-09,709869994695.3368,173085.11127341678,48440107719.60498
2.259120500887584e-09,709869994695.3368,173085.11026744772,47775154062.6359
2.274787836851708e-09,709869994695.3368,173085.10925450214,47119328446.34908
2.2905638281160233e-09,709869994695.3368,173085.10823453162,46472505567.09835
2.3064492282211813e-09,709869994695.3368,173085.10720748748,45834561841.32108
2.322444795933722e-09,709869994695.3368,173085.10617332067,45205375381.92836
2.338551295282353e-09,709869994695.3368,173085.10513198178,44584825975.0153
2.3547694955944257e-09,709869994695.3368,173085.10408342103,43972795056.89352
2.3711001715327185e-09,709869994695.3368,173085.1030275884,43369165691.43663
2.387544103132383e-09,709869994695.3368,173085.10196443344,42773822547.74026
2.4041020758382403e-09,709869994695.3368,173085.10089390536,42186651878.08523
2.4207748805422764e-09,709869994695.3368,173085.09981595303,41607541496.2054
2.4375633136214626e-09,709869994695.3368,173085.09873052494,41036380755.85159
2.4544681769757308e-09,709869994695.3368,173085.0976375693,40473060529.65348
2.47149027806632e-09,709869994695.3368,173085.09653703385,39917473188.267914
2.48863042995432e-09,709869994695.3368,173085.09542886607,39369512579.81577
2.505889451339553e-09,709869994695.3368,173085.09431301296,38829074009.59901
2.523268166599614e-09,709869994695.3368,173085.09318942128,38296054220.09934
2.540767405829289e-09,709869994695.3368,173085.09205803735,37770351371.248405
2.5583880048801854e-09,709869994695.3368,173085.09091880714,37251865020.97047
2.5761308054006954e-09,709869994695.3368,173085.0897716762,36740496105.99057
2.593996654876137e-09,709869994695.3368,173085.08861658978,36236146922.90913
2.611986406669276e-09,709869994695.3368,173085.08745349268,35738721109.53315
2.630100920061063e-09,709869994695.3368,173085.08628232934,35248123626.46573
2.648341060291723e-09,709869994695.3368,173085.08510304385,34764260738.94645
2.6667076986020183e-09,709869994695.3368,173085.08391557986,34287039998.943836
2.685201712274894e-09,709869994695.3368,173085.08271988065,33816370227.4912
2.703823984677417e-09,709869994695.3368,173085.08151588915,33352161497.264946
2.722575405302901e-09,709869994695.3368,173085.08030354776,32894325115.404488
2.741456869813441e-09,709869994695.3368,173085.07908279868,32442773606.565273
2.7604692800826686e-09,709869994695.3368,173085.0778535835,31997420696.206066
2.7796135442388777e-09,709869994695.3368,173085.07661584357,31558181294.104088
2.798890576708332e-09,709869994695.3368,173085.07536951976,31124971478.099056
2.8183012982589896e-09,709869994695.3368,173085.07411455255,30697708478.057735
2.8378466360444583e-09,709869994695.3368,173085.072850882,30276310660.06021
2.8575275236483283e-09,709869994695.3368,173085.0715784477,29860697510.801743
2.8773449011286977e-09,709869994695.3368,173085.07029718894,29450789622.21111
2.8972997150631168e-09,709869994695.3368,173085.06900704445,29046508676.27781
2.91739291859378e-09,709869994695.3368,173085.06770795266,28647777430.088898
2.9376254714731005e-09,709869994695.3368,173085.0663998515,28254519701.069775
2.9579983401094815e-09,709869994695.3368,173085.0650826785,27866660352.430023
2.9785124976135226e-09,709869994695.3368,173085.06375637077,27484125278.80665
2.9991689238444793e-09,709869994695.3368,173085.06242086488,27106841392.105736
3.0199686054571113e-09,709869994695.3368,173085.06107609713,26734736607.537277
3.0409125359487404e-09,709869994695.3368,173085.0597220032,26367739829.843666
3.0620017157067512e-09,709869994695.3368,173085.05835851852,26005780939.71534
3.083237152056351e-09,709869994695.3368,173085.0569855779,25648790780.393913
3.104619859308734e-09,709869994695.3368,173085.05560311573,25296701144.458153
3.126150858809456e-09,709869994695.3368,173085.05421106602,24949444760.79335
3.1478311789872685e-09,709869994695.3368,173085.05280936227,24606955281.73749
3.169661855403216e-09,709869994695.3368,173085.05139793755,24269167270.405125
3.1916439308001503e-09,709869994695.3368,173085.0499767244,23936016188.184048
3.213778455152462e-09,709869994695.3368,173085.04854565498,23607438382.405582
3.2360664857162833e-09,709869994695.3368,173085.0471046609,23283371074.182144
3.25850908707996e-09,709869994695.3368,173085.04565367335,22963752346.412983
3.2811073312149566e-09,709869994695.3368,173085.04419262303,22648521131.953323
3.3038622975269787e-09,709869994695.3368,173085.04272144014,22337617201.947968
3.3267750729075842e-09,709869994695.3368,173085.04124005444,22030981154.322956
3.3498467517860713e-09,709869994695.3368,173085.03974839515,21728554402.436516
3.3730784361818097e-09,709869994695.3368,173085.038246391,21430279163.884586
3.3964712357567943e-09,709869994695.3368,173085.03673397028,21136098449.461906
3.4200262678687062e-09,709869994695.3368,173085.03521106072,20845956052.272728
3.443744657624253e-09,709869994695.3368,173085.0336775896,20559796536.992203
3.467627537932965e-09,709869994695.3368,173085.03213348368,20277565229.27408
3.491676049561229e-09,709869994695.3368,173085.03057866922,19999208205.305492
3.515891341186828e-09,709869994695.3368,173085.02901307188,19724672281.503483
3.5402745694537813e-09,709869994695.3368,173085.02743661698,19453905004.353954
3.564826899027651e-09,709869994695.3368,173085.02584922913,19186854640.389114
3.589549502651083e-09,709869994695.3368,173085.0242508326,18923470166.30413
3.614443561199883e-09,709869994695.3368,173085.02264135098,18663701259.207863
3.6395102637393894e-09,709869994695.3368,173085.02102070738,18407498287.008324
3.664750807581331e-09,709869994695.3368,173085.01938882447,18154812298.929306
3.690166398340927e-09,709869994695.3368,173085.01774562424,17905595016.15857
3.7157582499945152e-09,709869994695.3368,173085.01609102823,17659798822.623177
3.741527584937586e-09,709869994695.3368,173085.01442495736,17417376755.891376
3.767475634043078e-09,709869994695.3368,173085.01274733213,17178282498.200739
3.7936036367202325e-09,709869994695.3368,173085.01105807236,16942470367.60801
3.819912840973776e-09,709869994695.3368,173085.00935709735,16709895309.2611
3.846404503463519e-09,709869994695.3368,173085.00764432593,16480512886.791004
3.87307988956444e-09,709869994695.3368,173085.0059196762,16254279273.821064
3.8999402734270356e-09,709869994695.3368,173085.00418306582,16031151245.594257
3.926986938038222e-09,709869994695.3368,173085.0024344118,15811086170.714157
3.9542211752826716e-09,709869994695.3368,173085.00067363077,15594042002.999285
3.981644286004418e-09,709869994695.3368,173084.9989006384,15379977273.450401
4.009257580069058e-09,709869994695.3368,173084.99711535018,15168851082.326904
4.037062376426286e-09,709869994695.3368,173084.9953176808,14960623091.332602
4.065060003172954e-09,709869994695.3368,173084.99350754434,14755253515.908134
4.093251797616415e-09,709869994695.3368,173084.99168485435,14552703117.63037
4.121639106338467e-09,709869994695.3368,173084.98984952382,14352933196.714888
4.150223285259631e-09,709869994695.3368,173084.98800146504,14155905584.622204
4.179005699703989e-09,709869994695.3368,173084.98614058978,13961582636.764696
4.207987724464301e-09,709869994695.3368,173084.98426680913,13769927225.314833
4.237170743867732e-09,709869994695.3368,173084.9823800336,13580902732.110985
4.266556151841947e-09,709869994695.3368,173084.98048017305,13394473041.661308
4.296145351981756e-09,709869994695.3368,173084.97856713677,13210602534.242971
4.325939757616057e-09,709869994695.3368,173084.97664083334,13029256079.097233
4.3559407918754084e-09,709869994695.3368,173084.97470117078,12850399027.716852
4.386149887759975e-09,709869994695.3368,173084.97274805643,12673997207.22623
4.416568488208045e-09,709869994695.3368,173084.97078139702,12500016913.851894
4.4471980461648394e-09,709869994695.3368,173084.96880109858,12328424906.483559
4.478040024651992e-09,709869994695.3368,173084.9668070666,12159188400.32261
4.50909589683739e-09,709869994695.3368,173084.9647992057,11992275060.618336
4.540367146105611e-09,709869994695.3368,173084.96277742015,11827652996.48961
4.571855266128673e-09,709869994695.3368,173084.9607416132,11665290754.832302
4.603561760937447e-09,709869994695.3368,173084.95869168776,11505157314.309412
4.6354881449934644e-09,709869994695.3368,173084.95662754588,11347222079.42421
4.667635943261327e-09,709869994695.3368,173084.9545490889,11191454874.67424
4.700006691281437e-09,709869994695.3368,173084.95245621758,11037825938.786486
4.732601935243416e-09,709869994695.3368,173084.95034883198,10886305919.030703
4.765423232059919e-09,709869994695.3368,173084.94822683145,10736865865.611422
4.798472149441082e-09,709869994695.3368,173084.94609011456,10589477226.136374
4.831750265969284e-09,709869994695.3368,173084.9439385793,10444111840.161715
4.865259171174626e-09,709869994695.3368,173084.94177212293,10300741933.8113
4.899000465610817e-09,709869994695.3368,173084.93959064197,10159340114.470287
4.932975760931704e-09,709869994695.3368,173084.93739403217,10019879365.551102
4.9671866799681306e-09,709869994695.3368,173084.93518218864,9882333041.332108
5.001634856805536e-09,709869994695.3368,173084.93295500573,9746674861.866247
5.036321936861962e-09,709869994695.3368,173084.93071237707,9612878907.960117
5.0712495769667296e-09,709869994695.3368,173084.92845419556,9480919616.221466
5.106419445439458e-09,709869994695.3368,173084.92618035324,9350771774.175434
5.141833222169807e-09,709869994695.3368,173084.92389074163,9222410515.44721
5.1774925986977874e-09,709869994695.3368,173084.92158525134,9095811315.010729
5.213399278294424e-09,709869994695.3368,173084.9192637722,8970949984.503344
5.249554976043204e-09,709869994695.3368,173084.91692619334,8847802667.604017
5.285961418921967e-09,709869994695.3368,173084.91457240313,8726345835.475376
5.322620345885386e-09,709869994695.3368,173084.91220228912,8606556282.268272
5.359533507948102e-09,709869994695.3368,173084.90981573812,8488411120.687762
5.3967026682682414e-09,709869994695.3368,173084.90741263615,8371887777.620618
5.43412960223169e-09,709869994695.3368,173084.9049928684,8256963989.822237
5.471816097536968e-09,709869994695.3368,173084.9025563193,8143617799.662772
5.50976395428048e-09,709869994695.3368,173084.9001028725,8031827550.932267
5.547974985042592e-09,709869994695.3368,173084.89763241078,7921571884.702689
5.58645101497416e-09,709869994695.3368,173084.8951448161,7812829735.247178
5.625193881883798e-09,709869994695.3368,173084.89263996974,7705580326.014919
5.6642054363255295e-09,709869994695.3368,173084.89011775202,7599803165.661914
5.703487541687269e-09,709869994695.3368,173084.8875780424,7495478044.135578
5.743042074279775e-09,709869994695.3368,173084.8850207197,7392585028.813525
5.782870923426375e-09,709869994695.3368,173084.88244566164,7291104460.694898
5.822975991553059e-09,709869994695.3368,173084.8798527453,7191016950.644681
5.863359194279451e-09,709869994695.3368,173084.87724184684,7092303375.688893
5.904022460510254e-09,709869994695.3368,173084.87461284152,6994944875.361042
5.944967732527486e-09,709869994695.3368,173084.8719656038,6898922848.098352
5.986196966083107e-09,709869994695.3368,173084.8693000072,6804218947.688063
6.02771213049253e-09,709869994695.3368,173084.8666159244,6710815079.761921
6.0695152087286365e-09,709869994695.3368,173084.86391322722,6618693398.339138
6.1116081975165974e-09,709869994695.3368,173084.86119178656,6527836302.416482
6.1539931074290906e-09,709869994695.3368,173084.85845147248,6438226432.605707
6.196671962982442e-09,709869994695.3368,173084.855692154,6349846667.816606
6.239646802733271e-09,709869994695.3368,173084.85291369935,6262680121.985933
6.282919679375968e-09,709869994695.3368,173084.8501159759,6176710140.850891
6.3264926598405845e-09,709869994695.3368,173084.84729884993,6091920298.7674465
6.370367825391668e-09,709869994695.3368,173084.84446218688,6008294395.57179
6.414547271727614e-09,709869994695.3368,173084.84160585134,5925816453.485208
6.459033109080879e-09,709869994695.3368,173084.8387297068,5844470714.061118
6.5038274623186155e-09,709869994695.3368,173084.83583361594,5764241635.174531
6.548932471044272e-09,709869994695.3368,173084.83291744042,5685113888.052326
6.594350289699735e-09,709869994695.3368,173084.82998104088,5607072354.3446
6.640083087668349e-09,709869994695.3368,173084.82702427718,5530102123.235932
6.68613304937837e-09,709869994695.3368,173084.824047008,5454188488.596768
6.73250237440742e-09,709869994695.3368,173084.8210490912,5379316946.173437
6.7791932775874845e-09,709869994695.3368,173084.81803038355,5305473190.817038
6.826207989110825e-09,709869994695.3368,173084.81499074088,5232643113.7500725
6.873548754636333e-09,709869994695.3368,173084.81193001798,5160812799.871061
6.921217835396906e-09,709869994695.3368,173084.80884806873,5089968525.095714
6.969217508307396e-09,709869994695.3368,173084.80574474583,5020096753.734852
7.017550066073486e-09,709869994695.3368,173084.80261990108,4951184135.908083
7.066217817301027e-09,709869994695.3368,173084.79947338524,4883217504.9934
7.115223086606394e-09,709869994695.3368,173084.79630504805,4816183875.111388
7.1645682147276055e-09,709869994695.3368,173084.79311473813,4750070438.644014
7.214255558635963e-09,709869994695.3368,173084.7899023031,4684864563.787793
7.26428749164874e-09,709869994695.3368,173084.78666758953,4620553792.14018
7.314666403542519e-09,709869994695.3368,173084.78341044296,4557125836.319264
7.365394700667307e-09,709869994695.3368,173084.78013070778,4494568577.616162
7.4164748060615944e-09,709869994695.3368,173084.77682822733,4432870063.679427
7.467909159567917e-09,709869994695.3368,173084.77350284386,4372018506.231634
7.519700217949473e-09,709869994695.3368,173084.77015439857,4312002278.816971
7.571850455007577e-09,709869994695.3368,173084.76678273152,4252809914.579747
7.62436236169963e-09,709869994695.3368,173084.76338768163,4194430104.0737267
7.677238446258218e-09,709869994695.3368,173084.75996908682,4136851693.101176
7.730481234310863e-09,709869994695.3368,173084.75652678372,4080063680.5817823
7.784093269000788e-09,709869994695.3368,173084.7530606079,4024055216.450625
7.838077111108192e-09,709869994695.3368,173084.7495703939,3968815599.5853443
7.892435339172695e-09,709869994695.3368,173084.74605597497,3914334275.7614183
7.947170549616445e-09,709869994695.3368,173084.7425171832,3860600835.6357102
8.002285356868256e-09,709869994695.3368,173084.73895384962,3807605012.757516
8.057782393488297e-09,709869994695.3368,173084.73536580402,3755336681.607213
8.11366431029397e-09,709869994695.3368,173084.73175287503,3703785855.661526
8.169933776486445e-09,709869994695.3368,173084.72811489005,3652942685.4855537
8.226593479778309e-09,709869994695.3368,173084.72445167534,3602797456.8507705
8.283646126521731e-09,709869994695.3368,173084.72076305596,3553340588.879198
8.341094441837864e-09,709869994695.3368,173084.71704885567,3504562632.2127347
8.398941169746952e-09,709869994695.3368,173084.71330889707,3456454267.2077923
8.457189073299523e-09,709869994695.3368,173084.70954300155,3409006302.1545568
8.515840934708176e-09,709869994695.3368,173084.70575098926,3362209671.52096
8.574899555480594e-09,709869994695.3368,173084.70193267902,3316055434.220489
8.634367756553299e-09,709869994695.3368,173084.6980878885,3270534771.9039354
8.694248378426532e-09,709869994695.3368,173084.69421643406,3225638987.274429
8.754544281299723e-09,709869994695.3368,173084.69031813074,3181359502.425869
8.815258345208237e-09,709869994695.3368,173084.6863927924,3137687857.203915
8.876393470160883e-09,709869994695.3368,173084.68244023155,3094615707.589607
8.937952576278565e-09,709869994695.3368,173084.67846025934,3052134824.1050396
8.99993860393355e-09,709869994695.3368,173084.67445268572,3010237090.241175
9.062354513890066e-09,709869994695.3368,173084.67041731928,2968914500.906974
9.125203287445636e-09,709869994695.3368,173084.66635396724,2928159160.8999763
9.188487926573636e-09,709869994695.3368,173084.66226243557,2887963283.3977323
9.252211454066467e-09,709869994695.3368,173084.65814252876,2848319188.470168
9.316376913680075e-09,709869994695.3368,173084.65399405014,2809219301.612153
9.38098737027927e-09,709869994695.3368,173084.64981680145,2770656152.2963343
9.446045909984269e-09,709869994695.3368,173084.64561058325,2732622372.5457172
9.511555640317875e-09,709869994695.3368,173084.64137519462,2695110695.526052
9.577519690354059e-09,709869994695.3368,173084.63711043325,2658113954.1573257
9.643941210867351e-09,709869994695.3368,173084.63281609546,2621625079.7444444
9.710823374483483e-09,709869994695.3368,173084.6284919761,2585637100.6265893
9.7781693758307e-09,709869994695.3368,173084.62413786867,2550143140.84532
9.84598243169247e-09,709869994695.3368,173084.61975356517,2515136418.830772
9.914265781161248e-09,709869994695.3368,173084.61533885624,2480610246.105892
9.983022685792961e-09,709869994695.3368,173084.61089353097,2446558026.008648
1.0052256429762943e-08,709869994695.3368,173084.60641737704,2412973252.4315677
1.0121970320022759e-08,709869994695.3368,173084.60191018073,2379849508.5787
1.019216768645821e-08,709869994695.3368,173084.59737172668,2347180465.7395716
1.0262851882048347e-08,709869994695.3368,173084.5928017981,2314959882.080036
1.0334026283025596e-08,709869994695.3368,173084.58820017677,2283181601.449705
1.0405694289037047e-08,709869994695.3368,173084.5835666429,2251839552.205724
1.0477859323306892e-08,709869994695.3368,173084.57890097518,2220927746.052688
1.0550524832799894e-08,709869994695.3368,173084.57420295067,2190440276.898524
1.0623694288385979e-08,709869994695.3368,173084.56947234512,2160371319.726078
1.0697371185006078e-08,709869994695.3368,173084.56470893248,2130715129.480149
1.0771559041839095e-08,709869994695.3368,173084.55991248525,2101466039.9698124
1.0846261402469964e-08,709869994695.3368,173084.55508277437,2072618462.7858407
1.092148183505886e-08,709869994695.3368,173084.55021956912,2044166886.2329834
1.0997223932511682e-08,709869994695.3368,173084.54532263725,2016105874.2768717
1.1073491312651706e-08,709869994695.3368,173084.54039174484,1988430065.5053818
1.1150287618392352e-08,709869994695.3368,173084.5354266564,1961134172.1042862
1.1227616517911115e-08,709869994695.3368,173084.53042713477,1934212978.846975
1.130548170482494e-08,709869994695.3368,173084.52539294114,1907661342.097964
1.1383886898366456e-08,709869994695.3368,173084.52032383505,1881474188.8302066
1.1462835843561821e-08,709869994695.3368,173084.51521957444,1855646515.6557617
1.1542332311409407e-08,709869994695.3368,173084.5100799155,1830173387.8698995
1.1622380099060118e-08,709869994695.3368,173084.5049046127,1805049938.5081997
1.1702983029998565e-08,709869994695.3368,173084.49969341888,1780271367.4167216
1.1784144954225888e-08,709869994695.3368,173084.4944460851,1755832940.3348136
1.1865869748443462e-08,709869994695.3368,173084.48916236078,1731729987.9906318
1.1948161316238256e-08,709869994695.3368,173084.48384199358,1707957905.2089605
1.20310235882691e-08,709869994695.3368,173084.4784847293,1684512150.031392
1.2114460522454618e-08,709869994695.3368,173084.4730903121,1661388242.8484747
1.2198476104162096e-08,709869994695.3368,173084.46765848433,1638581765.5438814
1.2283074346398028e-08,709869994695.3368,173084.46218898657,1616088360.6502185
1.2368259289999605e-08,709869994695.3368,173084.45668155752,1593903730.5165322
1.2454035003827925e-08,709869994695.3368,173084.45113593419,1572023636.4871356
1.2540405584962138e-08,709869994695.3368,173084.44555185165,1550443898.0918128
1.2627375158895352e-08,709869994695.3368,173084.43992904323,1529160392.247036
1.2714947879731474e-08,709869994695.3368,173084.43426724034,1508169052.4682508
1.2803127930383848e-08,709869994695.3368,173084.4285661726,1487465868.0928714
1.2891919522774831e-08,709869994695.3368,173084.42282556766,1467046883.5140457
1.2981326898037199e-08,709869994695.3368,173084.41704515135,1446908197.4248366
1.3071354326716502e-08,709869994695.3368,173084.41122464757,1427045962.0728776
1.3162006108975268e-08,709869994695.3368,173084.40536377835,1407456382.525164
1.3253286574798179e-08,709869994695.3368,173084.3994622637,1388135715.9430299
1.3345200084199089e-08,709869994695.3368,173084.3935198218,1369080270.8669922
1.343775102742919e-08,709869994695.3368,173084.3875361688,1350286406.5114706
1.3530943825186668e-08,709869994695.3368,173084.3815110189,1331750532.069176
1.3624782928827903e-08,709869994695.3368,173084.37544408435,1313469106.025036
1.3719272820580147e-08,709869994695.3368,173084.36933507535,1295438635.479531
1.381441801375557e-08,709869994695.3368,173084.3631837001,1277655675.4813433
1.3910223052966769e-08,709869994695.3368,173084.3569896648,1260116828.369166
1.4006692514343903e-08,709869994695.3368,173084.35075267364,1242818743.1225293
1.4103831005753336e-08,709869994695.3368,173084.34447242867,1225758114.721532
1.4201643167017666e-08,709869994695.3368,173084.33814863002,1208931683.515392
1.430013367013729e-08,709869994695.3368,173084.33178097554,1192336234.5996535
1.4399307219513622e-08,709869994695.3368,173084.32536916118,1175968597.2019331
1.4499168552173855e-08,709869994695.3368,173084.3189128806,1159825644.0760932
1.4599722437997176e-08,709869994695.3368,173084.31241182552,1143904290.9047515
1.4700973679942523e-08,709869994695.3368,173084.30586568543,1128201495.7099965
1.4802927114278072e-08,709869994695.3368,173084.29927414758,1112714258.2721655
1.4905587610812298e-08,709869994695.3368,173084.2926368972,1097439619.5566087
1.5008960073126518e-08,709869994695.3368,173084.28595361733,1082374661.1483383
1.511304943880905e-08,709869994695.3368,173084.27922398868,1067516504.6944367
1.5217860679691132e-08,709869994695.3368,173084.27244768984,1052862311.3541014
1.532339880208443e-08,709869994695.3368,173084.26562439714,1038409281.2562433
1.5429668847020142e-08,709869994695.3368,173084.25875378476,1024154652.9645431
1.55366758904897e-08,709869994695.3368,173084.25183552445,1010095702.9498509
1.5644425043687283e-08,709869994695.3368,173084.24486928582,996229745.0698175
1.575292145325403e-08,709869994695.3368,173084.23785473616,982554130.0556632
1.58621703015238e-08,709869994695.3368,173084.2307915404,969066245.0060095
1.59721768067706e-08,709869994695.3368,173084.22367936125,955763512.8876647
1.608294622345809e-08,709869994695.3368,173084.2165178589,942643392.0432209
1.6194483842490268e-08,709869994695.3368,173084.2093066914,929703375.7054713
1.6306794991464478e-08,709869994695.3368,173084.2020455143,916940991.5184281
1.6419885034925604e-08,709869994695.3368,173084.19473398078,904353801.0649804
1.653375937462258e-08,709869994695.3368,173084.1873717416,891939399.4009733
1.6648423449766134e-08,709869994695.3368,173084.1799584452,879695414.5957426
1.676388273728887e-08,709869994695.3368,173084.17249373742,867619507.278899
1.6880142752106592e-08,709869994695.3368,173084.16497726177,855709370.19339
1.6997209047381998e-08,709869994695.3368,173084.1574086592,843962727.7546434
1.7115087214789658e-08,709869994695.3368,173084.14978756828,832377335.6158147
1.7233782884783377e-08,709869994695.3368,173084.14211362498,820950980.2389486
1.7353301726864846e-08,709869994695.3368,173084.13438646277,809681478.4720834
1.747364944985474e-08,709869994695.3368,173084.12660571258,798566677.1321052
1.75948318021651e-08,709869994695.3368,173084.11877100283,787604452.5933824
1.771685457207422e-08,709869994695.3368,173084.11088195923,776792710.3819917
1.7839723588002798e-08,709869994695.3368,173084.10293820506,766129384.7755727
1.796344471879265e-08,709869994695.3368,173084.0949393609,755612438.408617
1.8088023873986737e-08,709869994695.3368,173084.08688504464,745239861.8832303
1.8213467004111715e-08,709869994695.3368,173084.07877487168,735009673.385188
1.8339780100961887e-08,709869994695.3368,173084.07060845458,724919918.3053069
1.8466969197885683e-08,709869994695.3368,173084.06238540338,714968668.865971
1.8595040370073553e-08,709869994695.3368,173084.05410532525,705154023.7528275
1.8723999734848442e-08,709869994695.3368,173084.04576782478,695474107.7514948
1.885385345195769e-08,709869994695.3368,173084.0373725037,685927071.3893008
1.8984607723867506e-08,709869994695.3368,173084.02891896106,676511090.5819002
1.911626879605913e-08,709869994695.3368,173084.0204067931,667224366.2847674
1.924884295732706e-08,709869994695.3368,173084.01183559326,658065124.1494716
1.9382336540079522e-08,709869994695.3368,173084.00320495214,649031614.1846616
1.9516755920641004e-08,709869994695.3368,173083.99451445756,640122110.421701
1.965210751955676e-08,709869994695.3368,173083.98576369448,631334910.5849063
1.9788397801899385e-08,709869994695.3368,173083.97695224485,622668335.7663116
1.9925633277577727e-08,709869994695.3368,173083.9680796879,614120730.104886
2.006382050164789e-08,709869994695.3368,173083.9591455998,605690460.4701558
2.0202966074626264e-08,709869994695.3368,173083.9501495539,597375916.1501806
2.0343076642804727e-08,709869994695.3368,173083.94109112048,589175508.5438095
2.0484158898568166e-08,709869994695.3368,173083.9319698669,581087670.8571565
2.0626219580714244e-08,709869994695.3368,173083.92278535757,573110857.8042378
2.0769265474775176e-08,709869994695.3368,173083.91353715377,565243545.3117322
2.0913303413341772e-08,709869994695.3368,173083.90422481377,557484230.2277911
2.1058340276389876e-08,709869994695.3368,173083.89484789287,549831430.0348388
2.1204382991609062e-08,709869994695.3368,173083.88540594315,542283682.5663139
2.1351438534733466e-08,709869994695.3368,173083.8758985137,534839545.72730887
2.1499513929874888e-08,709869994695.3368,173083.86632515036,527497597.21904355
2.1648616249858382e-08,709869994695.3368,173083.85668539596,520256434.2671142
2.179875261656019e-08,709869994695.3368,173083.84697879004,513114673.35346943
2.1949930201247814e-08,709869994695.3368,173083.83720486902,506070949.95207775
2.2102156224922428e-08,709869994695.3368,173083.82736316606,499123918.26822394
2.2255437958664108e-08,709869994695.3368,173083.81745321117,492272250.9813624
2.2409782723978757e-08,709869994695.3368,173083.80747453094,485514638.9915336
2.2565197893148197e-08,709869994695.3368,173083.79742664887,478849791.1692272
2.272169088958194e-08,709869994695.3368,173083.78730908502,472276434.1087116
2.287926918817212e-08,709869994695.3368,173083.77712135614,465793311.8847185
2.3037940315650175e-08,709869994695.3368,173083.76686297564,459399185.8124976
2.319771185094673e-08,709869994695.3368,173083.75653345362,453092834.21113557
2.335859142555323e-08,709869994695.3368,173083.7461322967,446873052.17015326
2.3520586723886837e-08,709869994695.3368,173083.73565900812,440738651.3192777
2.3683705483657094e-08,709869994695.3368,173083.72511308762,434688459.60140383
2.3847955496235898e-08,709869994695.3368,173083.71449403156,428721321.0486438
2.401334460702928e-08,709869994695.3368,173083.70380133274,422836095.56147903
2.4179880715852518e-08,709869994695.3368,173083.69303448047,417031658.69091535
2.4347571777307077e-08,709869994695.3368,173083.68219296052,411306901.4236582
2.451642580116097e-08,709869994695.3368,173083.67127625507,405660729.9702062
2.4686450852730946e-08,709869994695.3368,173083.66028384274,400092065.5558836
2.4857655053268108e-08,709869994695.3368,173083.6492151985,394599844.21471345
2.5030046580345452e-08,709869994695.3368,173083.6380697937,389183016.5861464
2.5203633668248853e-08,709869994695.3368,173083.6268470961,383840547.71455437
2.537842460836998e-08,709869994695.3368,173083.6155465696,378571416.8515017
2.5554427749602733e-08,709869994695.3368,173083.6041676745,373374617.2607066
2.573165149874163e-08,709869994695.3368,173083.5927098673,368249156.0257029
2.5910104320883766e-08,709869994695.3368,173083.58117260088,363194053.86011964
2.6089794739832723e-08,709869994695.3368,173083.5695553241,358208344.9205875
2.6270731338506094e-08,709869994695.3368,173083.55785748217,353291076.6221919
2.6452922759345268e-08,709869994695.3368,173083.54607851637,348441309.45647496
2.6636377704728155e-08,709869994695.3368,173083.5342178641,343658116.8119321
2.6821104937384932e-08,709869994695.3368,173083.5222749589,338940584.79696953
2.700711328081673e-08,709869994695.3368,173083.5102492304,334287812.06529063
2.7194411619716966e-08,709869994695.3368,173083.4981401042,329698909.643685
2.7383008900395616e-08,709869994695.3368,173083.485947002,325173000.76218194
2.757291413120664e-08,709869994695.3368,173083.47366934145,320709220.6865298
2.7764136382978383e-08,709869994695.3368,173083.46130653608,316306716.5529746
2.7956684789446733e-08,709869994695.3368,173083.44885799554,311964647.20531297
2.8150568547691275e-08,709869994695.3368,173083.43632312524,307682183.0341809
2.8345796918574712e-08,709869994695.3368,173083.42370132648,303458505.8185437
2.854237922718531e-08,709869994695.3368,173083.4109919965,299292808.56936234
2.8740324863282214e-08,709869994695.3368,173083.39819452824,295184295.3754106
2.8939643281743823e-08,709869994695.3368,173083.3853083105,291132181.25120854
2.9140344003019522e-08,709869994695.3368,173083.37233272783,287135691.9870385
2.9342436613584538e-08,709869994695.3368,173083.35926716053,283194064.0010208
2.9545930766397736e-08,709869994695.3368,173083.34611098457,279306544.1932235
2.975083618136256e-08,709869994695.3368,173083.3328635716,275472389.80177593
2.995716264579142e-08,709869994695.3368,173083.31952428893,271690868.26095235
3.0164920014873316e-08,709869994695.3368,173083.3060924995,267961257.06120375
3.037411821214445e-08,709869994695.3368,173083.2925675617,264282843.6111153
3.058476722996211e-08,709869994695.3368,173083.27894882974,260654925.1012595
3.079687712998202e-08,709869994695.3368,173083.26523565306,257076808.36991295
3.1010458043639155e-08,709869994695.3368,173083.25142737673,253547809.77061698
3.122552017263147e-08,709869994695.3368,173083.23752334138,250067255.041561
3.1442073789407024e-08,709869994695.3368,173083.2235228828,246634479.17675877
3.166012923765508e-08,709869994695.3368,173083.2094253324,243248826.2989837
3.187969693279968e-08,709869994695.3368,173083.1952300169,239909649.53446344
3.21007873624976e-08,709869994695.3368,173083.1809362583,236616310.88927868
3.232341108713886e-08,709869994695.3368,173083.16654337393,233368181.1274735
3.254757874035157e-08,709869994695.3368,173083.1520506764,230164639.65082514
3.2773301029509395e-08,709869994695.3368,173083.13745747352,227005074.38027763
3.3000588736243486e-08,709869994695.3368,173083.1227630684,223888881.63898954
3.322945271695692e-08,709869994695.3368,173083.10796675913,220815466.03700107
3.345990390334383e-08,709869994695.3368,173083.0930678391,217784240.35746977
3.3691953302911e-08,709869994695.3368,173083.07806559675,214794625.44448283
3.3925611999504166e-08,709869994695.3368,173083.06295931558,211846050.092395
3.4160891153836905e-08,709869994695.3368,173083.04774827408,208937950.93669927
3.43978020040243e-08,709869994695.3368,173083.03243174579,206069772.34638214
3.463635586611911e-08,709869994695.3368,173083.01700899925,203240966.3177705
3.487656413465293e-08,709869994695.3368,173083.00147929782,200450992.3698212
3.5118438283179795e-08,709869994695.3368,173082.98584189982,197699317.44086263
3.5361989864824844e-08,709869994695.3368,173082.97009605845,194985415.78673974
3.560723051283558e-08,709869994695.3368,173082.95424102165,192308768.88037023
3.5854171941138066e-08,709869994695.3368,173082.93827603222,189668865.3126674
3.61028259448959e-08,709869994695.3368,173082.9222003277,187065200.69483522
3.6353204401074204e-08,709869994695.3368,173082.90601314028,184497277.56199178
3.660531926900629e-08,709869994695.3368,173082.88971369693,181964605.27812928
3.685918259096553e-08,709869994695.3368,173082.8733012192,179466699.9423653
3.711480649273996e-08,709869994695.3368,173082.85677492316,177003084.29649314
3.737220318421196e-08,709869994695.3368,173082.8401340196,174573287.6337912
3.763138495994128e-08,709869994695.3368,173082.82337771376,172176845.70908993
3.7892364199752104e-08,709869994695.3368,173082.8065052054,169813300.65007398
3.815515336932453e-08,709869994695.3368,173082.78951568867,167482200.86979795
3.8419765020790156e-08,709869994695.3368,173082.77240835215,165183100.98040396
3.868621179333147e-08,709869994695.3368,173082.75518237884,162915561.70802605
3.895450641378543e-08,709869994695.3368,173082.73783694603,160679149.80886245
3.9224661697251466e-08,709869994695.3368,173082.72037122535,158473437.9863979
3.949669054770381e-08,709869994695.3368,173082.70278438268,156298004.80976138
3.9770605958607657e-08,709869994695.3368,173082.68507557805,154152434.63320848
4.004642101353965e-08,709869994695.3368,173082.6672439657,152036317.51670757
4.032414888681298e-08,709869994695.3368,173082.64928869405,149949249.14761475
4.060380284410683e-08,709869994695.3368,173082.6312089056,147890830.76342335
4.0885396243099825e-08,709869994695.3368,173082.61300373683,145860669.0755767
4.11689425341079e-08,709869994695.3368,173082.59467231832,143858376.1943265
4.145445526072694e-08,709869994695.3368,173082.5762137746,141883569.5546203
4.1741948060479854e-08,709869994695.3368,173082.55762722407,139935871.84300643
4.2031434665467776e-08,709869994695.3368,173082.53891177915,138014910.92554495
4.232292890302584e-08,709869994695.3368,173082.52006654593,136120319.7767075
4.26164446963838e-08,709869994695.3368,173082.5010906245,134251736.40925157
4.291199606533124e-08,709869994695.3368,173082.48198310848,132408803.80505688
4.3209597126887086e-08,709869994695.3368,173082.46274308543,130591169.84691389
4.3509262095973604e-08,709869994695.3368,173082.44336963646,128798487.25124879
4.381100528609601e-08,709869994695.3368,173082.4238618363,127030413.50176702
4.411484111002546e-08,709869994695.3368,173082.4042187533,125286610.7840153
4.4420784080488156e-08,709869994695.3368,173082.38443944938,123566745.9208336
4.4728848810857865e-08,709869994695.3368,173082.36452297991,121870490.30870181
4.503905001585463e-08,709869994695.3368,173082.3444683937,120197519.85495156
4.535140251224689e-08,709869994695.3368,173082.32427473302,118547514.91584834
4.566592121955995e-08,709869994695.3368,173082.30394103346,116920160.23551562
4.598262116078786e-08,709869994695.3368,173082.28346632386,115315144.88570485
4.630151746311173e-08,709869994695.3368,173082.26284962648,113732162.20638517
4.662262535862156e-08,709869994695.3368,173082.2420899567,112170909.7471557
4.694596018504451e-08,709869994695.3368,173082.22118632306,110631089.20945476
4.727153738647679e-08,709869994695.3368,173082.20013772728,109112406.38957006
4.759937251412209e-08,709869994695.3368,173082.17894316415,107614571.12242354
4.7929481227033606e-08,709869994695.3368,173082.15760162144,106137297.22613516
4.82618792928628e-08,709869994695.3368,173082.1361120799,104680302.4473409
4.859658258861174e-08,709869994695.3368,173082.11447351333,103243308.40726808
4.8933607101392236e-08,709869994695.3368,173082.09268488825,101826040.54854394
4.9272968929188734e-08,709869994695.3368,173082.07074516415,100428228.08274156
4.961468428162794e-08,709869994695.3368,173082.04865329326,99049603.93863899
4.995876948075237e-08,709869994695.3368,173082.0264082205,97689904.71119493
5.030524096180071e-08,709869994695.3368,173082.00400888352,96348870.61121878
5.065411527399205e-08,709869994695.3368,173081.9814542126,95026245.4157379
5.10054090813172e-08,709869994695.3368,173081.9587431306,93721776.41903956
5.1359139163333805e-08,709869994695.3368,173081.93587455293,92435214.3843916
5.1715322415968524e-08,709869994695.3368,173081.9128473874,91166313.49641982
5.2073975852323795e-08,709869994695.3368,173081.88966053436,89914831.31414293
5.243511660349023e-08,709869994695.3368,173081.86631288647,88680528.72465199
5.27987619193651e-08,709869994695.3368,173081.84280332876,87463169.89742394
5.3164929169476483e-08,709869994695.3368,173081.8191307384,86262522.23926245
5.3533635843812714e-08,709869994695.3368,173081.795293985,85078356.34985901
5.390489955365757e-08,709869994695.3368,173081.77129193005,83910445.97796348
5.4278738032431695e-08,709869994695.3368,173081.74712342743,82758567.97815534
5.465516913653988e-08,709869994695.3368,173081.72278732288,81622502.26820819
5.5034210846223696e-08,709869994695.3368,173081.69828245416,80502031.78704095
5.541588126642017e-08,709869994695.3368,173081.6736076511,79396942.4532462
5.580019862762673e-08,709869994695.3368,173081.64876173527,78307023.12418665
5.618718128677225e-08,709869994695.3368,173081.62374352015,77232065.5556528
5.657684772809361e-08,709869994695.3368,173081.59855181092,76171864.362076
5.696921656401842e-08,709869994695.3368,173081.5731854046,75126216.97728759
5.736430653605422e-08,709869994695.3368,173081.54764308973,74094923.61581524
5.77621365156839e-08,709869994695.3368,173081.52192364653,73077787.23471102
5.8162725505266903e-08,709869994695.3368,173081.4960258468,72074613.49590425
5.856609263894664e-08,709869994695.3368,173081.4699484537,71085210.72907135
5.8972257183564606e-08,709869994695.3368,173081.44369022196,70109389.89501426
5.938123853958097e-08,709869994695.3368,173081.41724989752,69146964.5495414
5.979305624200096e-08,709869994695.3368,173081.39062621776,68197750.80784585
6.020772996130771e-08,709869994695.3368,173081.36381791127,67261567.30937225
6.06252795044021e-08,709869994695.3368,173081.33682369775,66338235.18316501
6.104572481554904e-08,709869994695.3368,173081.3096422881,65427578.01369217
6.146908597732988e-08,709869994695.3368,173081.2822723843,64529421.80713959
6.189538321160127e-08,709869994695.3368,173081.2547126793,63643594.95816789
6.232463688046195e-08,709869994695.3368,173081.22696185694,62769928.2171232
6.275686748722433e-08,709869994695.3368,173081.199018592,61908254.65770211
6.319209567739481e-08,709869994695.3368,173081.17088155003,61058409.64505602
6.3630342239659e-08,709869994695.3368,173081.14254938735,60220230.804337576
6.407162810687558e-08,709869994695.3368,173081.114020751,59393557.989675075
6.451597435707523e-08,709869994695.3368,173081.08529427857,58578233.25357622
6.49634022144684e-08,709869994695.3368,173081.05636859825,57774100.81674855
6.541393305045807e-08,709869994695.3368,173081.02724232868,56981007.03833757
6.586758838466162e-08,709869994695.3368,173080.99791407897,56198800.38656987
6.632438988593762e-08,709869994695.3368,173080.96838244857,55427331.40980288
6.678435937342192e-08,709869994695.3368,173080.9386460272,54666452.707968384
6.724751881756879e-08,709869994695.3368,173080.90870339482,53916018.90441161
6.77138903412014e-08,709869994695.3368,173080.87855312155,53175886.618113495
6.818349622056744e-08,709869994695.3368,173080.8481937676,52445914.43629756
6.865635888640421e-08,709869994695.3368,173080.81762388314,51725962.88740945
6.913250092500899e-08,709869994695.3368,173080.78684200838,51015894.4144708
6.96119450793189e-08,709869994695.3368,173080.7558466733,50315573.348795615
7.009471424999618e-08,709869994695.3368,173080.72463639782,49624865.88407063
7.058083149652309e-08,709869994695.3368,173080.69320969153,48943640.05078821
7.107032003830227e-08,709869994695.3368,173080.66156505363,48271765.691033565
7.156320325576681e-08,709869994695.3368,173080.62970097302,47609114.43361498
7.205950469149656e-08,709869994695.3368,173080.5976159281,46955559.669537425
7.255924805134234e-08,709869994695.3368,173080.5653083866,46310976.527812734
7.30624572055586e-08,709869994695.3368,173080.5327768058,45675241.85160091
7.356915618994383e-08,709869994695.3368,173080.50001963225,45048234.17467914
7.407936920698836e-08,709869994695.3368,173080.46703530155,44429833.69823437
7.459312062703003e-08,709869994695.3368,173080.43382223873,43819922.26797479
7.511043498941867e-08,709869994695.3368,173080.40037885768,43218383.351554275
7.563133700368841e-08,709869994695.3368,173080.36670356142,42625102.01630721
7.615585155073763e-08,709869994695.3368,173080.33279474187,42039964.90728949
7.668400368401719e-08,709869994695.3368,173080.29865077973,41462860.225620836
7.721581863072732e-08,709869994695.3368,173080.26427004457,40893677.70712388
7.775132179302292e-08,709869994695.3368,173080.2296508946,40332308.60125649
7.829053874922664e-08,709869994695.3368,173080.19479167668,39778645.65033382
7.883349525505025e-08,709869994695.3368,173080.1596907262,39232583.06903575
7.938021724482522e-08,709869994695.3368,173080.12434636703,38694016.524194844
7.993073083274177e-08,709869994695.3368,173080.08875691134,38162843.11486187
8.048506231409592e-08,709869994695.3368,173080.0529206596,37638961.352645546
8.104323816654512e-08,709869994695.3368,173080.01683590072,37122271.14232226
8.160528505137334e-08,709869994695.3368,173079.98050091145,36612673.76271109
8.217122981476479e-08,709869994695.3368,173079.94391395678,36110071.84781177
8.2741099489086e-08,709869994695.3368,173079.90707328956,35614369.36820177
8.331492129417661e-08,709869994695.3368,173079.86997715067,35125471.61268906
8.389272263864992e-08,709869994695.3368,173079.83262376857,34643285.17021592
8.447453112120231e-08,709869994695.3368,173079.79501135976,34167717.91201136
8.506037453193129e-08,709869994695.3368,173079.757138128,33698678.97398888
8.565028085366225e-08,709869994695.3368,173079.71900226493,33236078.739386287
8.624427826328635e-08,709869994695.3368,173079.68060194945,32779828.821642146
8.684239513310495e-08,709869994695.3368,173079.6419353479,32329842.047509555
8.744466003218626e-08,709869994695.3368,173079.60300061392,31886032.440399457
8.805110172772848e-08,709869994695.3368,173079.5637958883,31448315.203954767
8.866174918643536e-08,709869994695.3368,173079.52431929906,31016606.705847897
8.927663157589825e-08,709869994695.3368,173079.48456896108,30590824.46180271
8.989577826599087e-08,709869994695.3368,173079.44454297627,30170887.119833846
9.05192188302706e-08,709869994695.3368,173079.40423943338,29756714.44470436
9.114698304739259e-08,709869994695.3368,173079.3636564079,29348227.30259475
9.177910090253062e-08,709869994695.3368,173079.32279196195,28945347.645984374
9.241560258881085e-08,709869994695.3368,173079.28164414427,28547998.498738535
9.305651850875252e-08,709869994695.3368,173079.24021098998,28156103.941402063
9.37018792757216e-08,709869994695.3368,173079.1984905207,27769589.096693084
9.43517157153915e-08,709869994695.3368,173079.15648074428,27388380.115197595
9.500605886721709e-08,709869994695.3368,173079.11417965472,27012404.161258645
9.566493998591561e-08,709869994695.3368,173079.07158523216,26641589.399061106
9.632839054296127e-08,709869994695.3368,173079.02869544277,26275864.978905544
9.699644222808676e-08,709869994695.3368,173078.9855082385,25915161.0236724
9.766912695079859e-08,709869994695.3368,173078.94202155722,25559408.615470134
9.834647684189967e-08,709869994695.3368,173078.89823332248,25208539.782468468
9.902852425502533e-08,709869994695.3368,173078.85414144341,24862487.48591071
9.971530176818823e-08,709869994695.3368,173078.80974381467,24521185.607305445
1.0040684218533394e-07,709869994695.3368,173078.7650383163,24184568.935793955
1.0110317853790827e-07,709869994695.3368,173078.72002281368,23852573.155690603
1.0180434408643542e-07,709869994695.3368,173078.67469515736,23525134.834194317
1.0251037232210624e-07,709869994695.3368,173078.629053183,23202191.409269094
1.0322129696837761e-07,709869994695.3368,173078.58309471127,22883681.177690905
1.0393715198258352e-07,709869994695.3368,173078.53681754766,22569543.283258297
1.0465797155755753e-07,709869994695.3368,173078.4902194826,22259717.705164846
1.0538379012326564e-07,709869994695.3368,173078.44329829107,21954145.24653157
1.0611464234845029e-07,709869994695.3368,173078.39605173268,21652767.52309677
1.068505631422868e-07,709869994695.3368,173078.34847755148,21355526.95206078
1.0759158765605128e-07,709869994695.3368,173078.3005734759,21062366.741083834
1.0833775128479909e-07,709869994695.3368,173078.25233721864,20773230.877435334
1.0908908966905518e-07,709869994695.3368,173078.2037664765,20488064.11729204
1.0984563869651677e-07,709869994695.3368,173078.15485893044,20206811.975182865
1.1060743450376807e-07,709869994695.3368,173078.10561224513,19929420.713578507
1.1137451347800585e-07,709869994695.3368,173078.05602406923,19655837.332624402
1.1214691225877705e-07,709869994695.3368,173078.00609203504,19386009.56001454
1.1292466773972929e-07,709869994695.3368,173077.95581375845,19119885.84100398
1.1370781707037357e-07,709869994695.3368,173077.90518683885,18857415.328558527
1.144963976578583e-07,709869994695.3368,173077.85420885892,18598547.87363983
1.152904471687555e-07,709869994695.3368,173077.80287738465,18343234.01562398
1.1609000353086048e-07,709869994695.3368,173077.7511899651,18091424.972851194
1.1689510493500392e-07,709869994695.3368,173077.69914413246,17843072.633305307
1.1770578983687555e-07,709869994695.3368,173077.64673740166,17598129.545421496
1.1852209695886058e-07,709869994695.3368,173077.5939672705,17356548.909020167
1.1934406529188966e-07,709869994695.3368,173077.54083121946,17118284.566365026
1.2017173409730186e-07,709869994695.3368,173077.48732671145,16883290.993343886
1.2100514290871945e-07,709869994695.3368,173077.43345119187,16651523.29077084
1.2184433153393574e-07,709869994695.3368,173077.37920208837,16422937.175807798
1.2268934005681697e-07,709869994695.3368,173077.32457681088,16197488.97350357
1.2354020883921747e-07,709869994695.3368,173077.26957275122,15975135.608448988
1.2439697852290705e-07,709869994695.3368,173077.21418728327,15755834.596546978
1.2525969003151165e-07,709869994695.3368,173077.15841776255,15539544.0368955
1.261283845724687e-07,709869994695.3368,173077.10226152642,15326222.603781728
1.2700310363899574e-07,709869994695.3368,173077.04571589368,15115829.538786082
1.2788388901207205e-07,709869994695.3368,173076.9887781646,14908324.642994924
1.2877078276243364e-07,709869994695.3368,173076.9314456207,14703668.269320134
1.2966382725258297e-07,709869994695.3368,173076.87371552462,14501821.314923976
1.3056306513881446e-07,709869994695.3368,173076.81558512017,14302745.213747531
1.314685393732486e-07,709869994695.3368,173076.75705163192,14106401.929142876
1.3238029320588544e-07,709869994695.3368,173076.69811226524,13912753.946605265
1.3329837018667084e-07,709869994695.3368,173076.63876420615,13721764.266605396
1.342228141675759e-07,709869994695.3368,173076.57900462116,13533396.397520332
1.3515366930469118e-07,709869994695.3368,173076.5188306571,13347614.348661339
1.360909800603362e-07,709869994695.3368,173076.4582394411,13164382.623397345
1.3703479120518388e-07,709869994695.3368,173076.3972280803,12983666.212372664
1.3798514782039837e-07,709869994695.3368,173076.33579366186,12805430.586818144
1.3894209529978788e-07,709869994695.3368,173076.27393325273,12629641.691954065
1.3990567935197333e-07,709869994695.3368,173076.2116438995,12456265.940483443
1.4087594600257232e-07,709869994695.3368,173076.14892262834,12285270.206174605
1.4185294159639697e-07,709869994695.3368,173076.0857664447,12116621.817532076
1.4283671279966696e-07,709869994695.3368,173076.02217233344,11950288.551554393
1.4382730660223906e-07,709869994695.3368,173075.95813725842,11786238.62757733
1.4482477031985233e-07,709869994695.3368,173075.89365816244,11624440.701201709
1.458291515963875e-07,709869994695.3368,173075.8287319672,11464863.85830471
1.4684049840614207e-07,709869994695.3368,173075.76335557297,11307477.609133424
1.478588590561224e-07,709869994695.3368,173075.69752585862,11152251.882479286
1.4888428218835174e-07,709869994695.3368,173075.63123968133,10999157.01993246
1.4991681678219297e-07,709869994695.3368,173075.5644938765,10848163.770215308
1.5095651215668754e-07,709869994695.3368,173075.49728525765,10699243.28359364
1.5200341797291172e-07,709869994695.3368,173075.42961061618,10552367.106364472
1.530575842363494e-07,709869994695.3368,173075.36146672117,10407507.175419493
1.5411906129927984e-07,709869994695.3368,173075.29285031953,10264635.812883338
1.5518789986318227e-07,709869994695.3368,173075.2237581354,10123725.720825395
1.562641509811582e-07,709869994695.3368,173075.15418687032,9984749.976044133
1.5734786606037058e-07,709869994695.3368,173075.08413320297,9847682.024922948
1.584390968644987e-07,709869994695.3368,173075.01359378902,9712495.678356847
1.5953789551620993e-07,709869994695.3368,173074.94256526086,9579165.106748724
1.6064431449965017e-07,709869994695.3368,173074.8710442277,9447664.835074203
1.6175840666295125e-07,709869994695.3368,173074.79902727515,9317969.7380142
1.628802252207547e-07,709869994695.3368,173074.72651096518,9190055.03515449
1.6400982375675273e-07,709869994695.3368,173074.65349183595,9063896.286251143
1.651472562262485e-07,709869994695.3368,173074.5799664016,8939469.386560794
1.6629257695873382e-07,709869994695.3368,173074.50593115212,8816750.56223506
1.674458406604836e-07,709869994695.3368,173074.43138255322,8695716.36577828
1.6860710241716822e-07,709869994695.3368,173074.35631704604,8576343.671567645
1.697764176964854e-07,709869994695.3368,173074.2807310471,8458609.671434622
1.7095384235081015e-07,709869994695.3368,173074.2046209481,8342491.870307141
1.7213943261986208e-07,709869994695.3368,173074.12798311576,8227968.081911624
1.733332451333909e-07,709869994695.3368,173074.05081389155,8115016.424534079
1.74535336913882e-07,709869994695.3368,173073.97310959155,8003615.316839247
1.757457653792809e-07,709869994695.3368,173073.89486650654,7893743.473747117
1.7696458834573512e-07,709869994695.3368,173073.8160809013,7785379.902366189
1.7819186403035498e-07,709869994695.3368,173073.7367490149,7678503.897982571
1.794276510539951e-07,709869994695.3368,173073.65686706034,7573095.040103993
1.8067200844405522e-07,709869994695.3368,173073.5764312243,7469133.188558128
1.8192499563729874e-07,709869994695.3368,173073.49543766715,7366598.479644612
1.8318667248269087e-07,709869994695.3368,173073.41388252252,7265471.322339887
1.844570992442593e-07,709869994695.3368,173073.3317618974,7165732.394553911
1.857363366039717e-07,709869994695.3368,173073.24907187163,7067362.639438485
1.8702444566463348e-07,709869994695.3368,173073.16580849802,6970343.261746242
1.8832148795280704e-07,709869994695.3368,173073.081967802,6874655.724239508
1.8962752542175137e-07,709869994695.3368,173072.9975457814,6780281.744148443
1.909426204543806e-07,709869994695.3368,173072.91253840638,6687203.289677932
1.9226683586624272e-07,709869994695.3368,173072.8269416192,6595402.576562425
1.9360023490852096e-07,709869994695.3368,173072.7407513339,6504862.06466794
1.9494288127105564e-07,709869994695.3368,173072.65396343629,6415564.454640736
1.962948390853856e-07,709869994695.3368,173072.56657378367,6327492.684602094
1.976561729278106e-07,709869994695.3368,173072.47857820458,6240629.926888451
1.990269478224767e-07,709869994695.3368,173072.38997249867,6154959.584836198
2.0040722924448268e-07,709869994695.3368,173072.30075243657,6070465.289610617
2.0179708312300705e-07,709869994695.3368,173072.21091375954,5987130.897078431
2.0319657584445607e-07,709869994695.3368,173072.1204521793,5904940.484723297
2.0460577425563555e-07,709869994695.3368,173072.0293633779,5823878.348603543
2.0602474566694469e-07,709869994695.3368,173071.93764300746,5743929.000351667
2.0745355785559024e-07,709869994695.3368,173071.84528668996,5665077.164215119
2.088922790688232e-07,709869994695.3368,173071.75229001712,5587307.774137705
2.1034097802719925e-07,709869994695.3368,173071.65864855002,5510605.970880959
2.117997239278623e-07,709869994695.3368,173071.56435781904,5434957.099185044
2.1326858644784864e-07,709869994695.3368,173071.4694133235,5360346.704968694
2.1474763574741434e-07,709869994695.3368,173071.37381053175,5286760.532567625
2.1623694247338721e-07,709869994695.3368,173071.27754488052,5214184.522010733
2.1773657776254222e-07,709869994695.3368,173071.18061177497,5142604.806333706
2.1924661324499838e-07,709869994695.3368,173071.08300658857,5072007.708929595
2.2076712104763938e-07,709869994695.3368,173070.98472466253,5002379.740935743
2.2229817379755946e-07,709869994695.3368,173070.88576130595,4933707.598656518
2.2383984462553355e-07,709869994695.3368,173070.78611179534,4865978.161021408
2.2539220716950929e-07,709869994695.3368,173070.6857713745,4799178.487078102
2.269553355781235e-07,709869994695.3368,173070.5847352543,4733295.813519992
2.2852930451424483e-07,709869994695.3368,173070.4829986124,4668317.552247507
2.3011418915854095e-07,709869994695.3368,173070.38055659307,4604231.287962954
2.3171006521306852e-07,709869994695.3368,173070.27740430695,4541024.775798447
2.333170089048884e-07,709869994695.3368,173070.17353683076,4478685.938976381
2.3493509698970732e-07,709869994695.3368,173070.06894920717,4417202.866501959
2.365644067555452e-07,709869994695.3368,173069.96363644447,4356563.810887404
2.3820501602642593e-07,709869994695.3368,173069.85759351638,4296757.185907459
2.398570031660935e-07,709869994695.3368,173069.7508153618,4237771.56438573
2.4152044708175603e-07,709869994695.3368,173069.64329688458,4179595.6760113146
2.4319542722785603e-07,709869994695.3368,173069.53503295322,4122218.405185418
2.4488202360986424e-07,709869994695.3368,173069.42601840073,4065628.788897605
2.4658031678810016e-07,709869994695.3368,173069.3162480243,4009816.0146311927
2.482903878815812e-07,709869994695.3368,173069.20571658504,3954769.418297332
2.50012318571898e-07,709869994695.3368,173069.09441880786,3900478.482197453
2.5174619110711543e-07,709869994695.3368,173068.982349381,3846932.8330137418
2.534920883056991e-07,709869994695.3368,173068.86950295602,3794122.239827227
2.552500935604747e-07,709869994695.3368,173068.7558741474,3742036.6121629123
2.570202908426094e-07,709869994695.3368,173068.64145753224,3690665.998061908
2.5880276470562205e-07,709869994695.3368,173068.52624765015,3640000.5821799906
2.605976002894224e-07,709869994695.3368,173068.41023900296,3590030.683912221
2.624048833243794e-07,709869994695.3368,173068.29342605427,3540746.7555432855
2.6422470013541476e-07,709869994695.3368,173068.17580322942,3492139.380423316
2.660571376461253e-07,709869994695.3368,173068.05736491518,3444199.2711687214
2.6790228338293574e-07,709869994695.3368,173067.93810545933,3396917.267887682
2.697602254792808e-07,709869994695.3368,173067.81801917058,3350284.336429987
2.7163105267981356e-07,709869994695.3368,173067.69710031815,3304291.5666609663
2.7351485434464346e-07,709869994695.3368,173067.5753431316,3258930.170759102
2.7541172045360536e-07,709869994695.3368,173067.4527418006,3214191.4815369765
2.7732174161055894e-07,709869994695.3368,173067.32929047442,3170066.950785241
2.792450090477149e-07,709869994695.3368,173067.2049832619,3126548.1476394
2.81181614629992e-07,709869994695.3368,173067.07981423105,3083626.7569689844
2.8313165085940553e-07,709869994695.3368,173066.95377740884,3041294.577788819
2.8509521087948735e-07,709869994695.3368,173066.8268667808,2999543.521692067
2.870723884797335e-07,709869994695.3368,173066.6990762908,2958365.611304859
2.890632781000829e-07,709869994695.3368,173066.57039984077,2917752.9787621214
2.9106797483542937e-07,709869994695.3368,173066.4408312905,2877697.8642042894
2.930865744401653e-07,709869994695.3368,173066.31036445717,2838192.614294643
2.951191733327539e-07,709869994695.3368,173066.1789931151,2799229.680757057
2.971658686003336e-07,709869994695.3368,173066.04671099558,2760801.618933815
2.9922675800335643e-07,709869994695.3368,173065.9135117864,2722901.0863631815
3.013019399802589e-07,709869994695.3368,173065.7793891317,2685520.841376491
3.033915136521628e-07,709869994695.3368,173065.64433663152,2648653.741714549
3.0549557882760834e-07,709869994695.3368,173065.50834784174,2612292.7431630227
3.0761423600732265e-07,709869994695.3368,173065.37141627338,2576430.8982065176
3.097475863890217e-07,709869994695.3368,173065.2335353927,2541061.3547011376
3.1189573187224256e-07,709869994695.3368,173065.09469862064,2506177.3545653005
3.1405877506320957e-07,709869994695.3368,173064.95489933257,2471772.232488533
3.1623681927973626e-07,709869994695.3368,173064.81413085797,2437839.4146579453
3.18429968556162e-07,709869994695.3368,173064.67238648023,2404372.417502188
3.2063832764831966e-07,709869994695.3368,173064.5296594361,2371364.8464526916
3.228620020385381e-07,709869994695.3368,173064.38594291554,2338810.3947219118
3.2510109794068173e-07,709869994695.3368,173064.2412300613,2306702.842098308
3.273557223052252e-07,709869994695.3368,173064.0955139688,2275036.05375786
3.296259828243606e-07,709869994695.3368,173063.94878768545,2243803.9790919395
3.3191198793714e-07,709869994695.3368,173063.80104421062,2213000.6505512744
3.342138468346565e-07,709869994695.3368,173063.65227649518,2182620.182505741
3.365316694652608e-07,709869994695.3368,173063.50247744127,2152656.7701198095
3.388655665398118e-07,709869994695.3368,173063.35163990167,2123104.688243465
3.4121564953696343e-07,709869994695.3368,173063.19975667988,2093958.2903183526
3.4358203070849035e-07,709869994695.3368,173063.04682052945,2065212.007298899
3.459648230846515e-07,709869994695.3368,173062.8928241538,2036860.346588249
3.483641404795875e-07,709869994695.3368,173062.73776020575,2008897.8909888412
3.507800974967553e-07,709869994695.3368,173062.58162128745,1981319.2976673925
3.53212809534404e-07,709869994695.3368,173062.42439994952,1954119.2971340488
3.556623927910881e-07,709869994695.3368,173062.26608869128,1927292.6922355588
3.5812896427121634e-07,709869994695.3368,173062.10667995995,1900834.3571622977
3.6061264179063807e-07,709869994695.3368,173061.94616615048,1874739.2364689284
3.631135439822754e-07,709869994695.3368,173061.7845396052,1849002.344108437
3.656317903017873e-07,709869994695.3368,173061.62179261344,1823618.7624794964
3.6816750103327403e-07,709869994695.3368,173061.45791741103,1798583.6414869053
3.7072079729502386e-07,709869994695.3368,173061.29290618014,1773892.197614886
3.7329180104529985e-07,709869994695.3368,173061.1267510488,1749539.7130131111
3.758806350881638e-07,709869994695.3368,173060.95944409055,1725521.5345953007
3.7848742307934043e-07,709869994695.3368,173060.790977324,1701833.0731501966
3.8111228953212504e-07,709869994695.3368,173060.62134271255,1678469.8024647105
3.837553598233329e-07,709869994695.3368,173060.4505321639,1655427.258459108
3.86416760199286e-07,709869994695.3368,173060.2785375298,1632701.0383340972
3.8909661778184166e-07,709869994695.3368,173060.10535060553,1610286.799729619
3.917950605744663e-07,709869994695.3368,173059.9309631296,1588180.25989516
3.9451221746835093e-07,709869994695.3368,173059.7553667833,1566377.1948714568
3.97248218248566e-07,709869994695.3368,173059.57855319037,1544873.4386834602
4.0000319360025913e-07,709869994695.3368,173059.40051391648,1523664.8825443722
4.027772751148989e-07,709869994695.3368,173059.22124046908,1502747.4740705919
4.055705952965618e-07,709869994695.3368,173059.04072429665,1482117.2165074286
4.083832875682598e-07,709869994695.3368,173058.85895678852,1461770.1679654797
4.1121548627831166e-07,709869994695.3368,173058.67592927447,1441702.4406674826
4.140673267067615e-07,709869994695.3368,173058.4916330242,1421910.200205485
4.1693894507184243e-07,709869994695.3368,173058.30605924703,1402389.6648082088
4.1983047853648124e-07,709869994695.3368,173058.11919909136,1383137.1046185012
4.227420652148482e-07,709869994695.3368,173057.93104364438,1364148.840980698
4.25673844178956e-07,709869994695.3368,173057.74158393158,1345421.2457377492
4.2862595546530377e-07,709869994695.3368,173057.55081091626,1326950.7405379934
4.3159854008156496e-07,709869994695.3368,173057.35871549926,1308733.7961514716
4.3459174001332006e-07,709869994695.3368,173057.1652885184,1290766.9317956234
4.376056982308409e-07,709869994695.3368,173056.970520748,1273046.7144702193
4.40640558695921e-07,709869994695.3368,173056.7744028987,1255569.7583014253
4.436964663687503e-07,709869994695.3368,173056.57692561674,1238332.7238948874
4.4677356721483746e-07,709869994695.3368,173056.3780794836,1221332.3176977015
4.498720082119834e-07,709869994695.3368,173056.17785501556,1204565.2913691185
4.529919373573039e-07,709869994695.3368,173055.97624266337,1188028.4411598896
4.561335036742967e-07,709869994695.3368,173055.77323281154,1171718.6073001486
4.5929685721995775e-07,709869994695.3368,173055.5688157782,1155632.673395703
4.6248214909195047e-07,709869994695.3368,173055.36298181428,1139767.565832584
4.6568953143582484e-07,709869994695.3368,173055.15572110342,1124120.25318978
4.6891915745228304e-07,709869994695.3368,173054.94702376123,1108687.745660043
4.721711814044948e-07,709869994695.3368,173054.73687983488,1093467.0944786516
4.754457586254677e-07,709869994695.3368,173054.52527930276,1078455.3913599919
4.787430455254689e-07,709869994695.3368,173054.3122120738,1063649.7679418775
4.820631995994941e-07,709869994695.3368,173054.09766798723,1049047.3952375115
4.854063794347877e-07,709869994695.3368,173053.8816368118,1034645.483094975
4.887727447184207e-07,709869994695.3368,173053.6641082456,1020441.2796641152
4.921624562449195e-07,709869994695.3368,173053.44507191534,1006432.0708707523
4.955756759239442e-07,709869994695.3368,173053.22451737602,992615.1798981237
4.990125667880197e-07,709869994695.3368,173053.00243411033,978987.966675447
5.024732930003283e-07,709869994695.3368,173052.77881152811,965547.8273734688
5.059580198625488e-07,709869994695.3368,173052.55363896606,952292.1939069744
5.094669138227492e-07,709869994695.3368,173052.326905687,939218.5334441232
5.1300014248334e-07,709869994695.3368,173052.09860087952,926324.3479225029
5.165578746090809e-07,709869994695.3368,173051.86871365728,913607.1735718262
5.201402801351406e-07,709869994695.3368,173051.6372330588,901064.5804431994
5.237475301752111e-07,709869994695.3368,173051.40414804657,888694.1719448473
5.273797970296834e-07,709869994695.3368,173051.16944750684,876493.5843841984
5.310372541938794e-07,709869994695.3368,173050.93312024893,864460.4865162589
5.347200763663366e-07,709869994695.3368,173050.69515500474,852592.5790981975
5.384284394571509e-07,709869994695.3368,173050.4555404282,840887.5944500437
5.421625205963807e-07,709869994695.3368,173050.2142650947,829343.2960214071
5.459224981425099e-07,709869994695.3368,173049.97131750066,817957.4779641406
5.497085516909648e-07,709869994695.3368,173049.7266860629,806727.9647108844
5.535208620826906e-07,709869994695.3368,173049.4803591181,795652.6105593964
5.573596114127911e-07,709869994695.3368,173049.23232492225,784729.299262574
5.612249830392291e-07,709869994695.3368,173048.9825716501,773955.9436241048
5.65117161591582e-07,709869994695.3368,173048.73108739455,763330.485099681
5.690363329798586e-07,709869994695.3368,173048.47786016623,752850.8934036868
5.729826844033807e-07,709869994695.3368,173048.22287789272,742515.1661212745
5.769564043597283e-07,709869994695.3368,173047.9661284182,732321.3283257626
5.809576826537393e-07,709869994695.3368,173047.7075995027,722267.4322013034
5.849867104065746e-07,709869994695.3368,173047.44727882155,712351.5566707228
5.890436800648483e-07,709869994695.3368,173047.18515396497,702571.8070284658
5.931287854098227e-07,709869994695.3368,173046.92121243713,692926.3145785723
5.972422215666623e-07,709869994695.3368,173046.65544165595,683413.2362776415
6.013841850137509e-07,709869994695.3368,173046.38782895228,674030.7543826919
6.05554873592079e-07,709869994695.3368,173046.1183615693,664777.0761038465
6.097544865146962e-07,709869994695.3368,173045.847026662,655650.4332617855
6.139832243762243e-07,709869994695.3368,173045.5738112965,646649.0819499126
6.182412891624361e-07,709869994695.3368,173045.29870244948,637771.3022011577
6.225288842599055e-07,709869994695.3368,173045.02168700754,629015.3976593427
6.268462144657252e-07,709869994695.3368,173044.74275176667,620379.6952550624
6.31193485997286e-07,709869994695.3368,173044.4618834314,611862.5448860183
6.355709065021243e-07,709869994695.3368,173044.1790686144,603462.319101747
6.399786850678434e-07,709869994695.3368,173043.89429383585,595177.4127926629
6.444170322321021e-07,709869994695.3368,173043.60754552248,587006.2428833696
6.488861599926698e-07,709869994695.3368,173043.3188100074,578947.2480301934
6.533862818175487e-07,709869994695.3368,173043.028073529,570998.888322866
6.579176126551736e-07,709869994695.3368,173042.73532223076,563159.6449902959
6.62480368944681e-07,709869994695.3368,173042.44054216007,555428.0201103741
6.670747686262452e-07,709869994695.3368,173042.14371926803,547802.5363237787
6.717010311514854e-07,709869994695.3368,173041.84483940856,540281.7365517033
6.763593774939496e-07,709869994695.3368,173041.54388833768,532864.1837174542
6.810500301596738e-07,709869994695.3368,173041.24085171308,525548.4604718665
6.857732131978058e-07,709869994695.3368,173040.9357150932,518333.16892250226
6.905291522113049e-07,709869994695.3368,173040.62846393656,511216.9303665619
6.95318074367719e-07,709869994695.3368,173040.3190836013,504198.3850274586
7.001402084100452e-07,709869994695.3368,173040.00755934423,497276.1917949944
7.049957846676384e-07,709869994695.3368,173039.69387632023,490449.02796914434
7.098850350672237e-07,709869994695.3368,173039.37801958158,483715.5890073159
7.148081931439749e-07,709869994695.3368,173039.05997407727,477074.588275094
7.197654940526672e-07,709869994695.3368,173038.73972465217,470524.7568004096
7.247571745789057e-07,709869994695.3368,173038.41725604638,464064.84303108597
7.297834731504394e-07,709869994695.3368,173038.09255289455,457693.61259570357
7.348446298485517e-07,709869994695.3368,173037.76559972516,451409.84806774836
7.399408864195253e-07,709869994695.3368,173037.4363809596,445212.3487330059
7.450724862861866e-07,709869994695.3368,173037.10488091176,439099.93036014715
7.502396745595351e-07,709869994695.3368,173036.771083787,433071.4249744569
7.554426980504547e-07,709869994695.3368,173036.43497368146,427125.68063466856
7.606818052814991e-07,709869994695.3368,173036.09653458148,421261.5612128699
7.659572464987601e-07,709869994695.3368,173035.75575036264,415477.9461774283
7.712692736838231e-07,709869994695.3368,173035.41260478916,409773.73037889105
7.766181405658062e-07,709869994695.3368,173035.0670815129,404147.8238388235
7.82004102633477e-07,709869994695.3368,173034.71916407289,398599.1515415527
7.87427417147452e-07,709869994695.3368,173034.36883589433,393126.65322877106
7.928883431524884e-07,709869994695.3368,173034.01608028787,387729.2831969508
7.983871414898606e-07,709869994695.3368,173033.66088044876,382406.0100975409
8.039240748098158e-07,709869994695.3368,173033.30321945637,377155.8167399144
8.094994075841165e-07,709869994695.3368,173032.9430802729,371977.699897017
8.15113406118676e-07,709869994695.3368,173032.58044574282,366870.6701136808
8.207663385662818e-07,709869994695.3368,173032.21529859223,361833.75151756883
8.264584749394012e-07,709869994695.3368,173031.84762142773,356865.9816327188
8.321900871230744e-07,709869994695.3368,173031.4773967358,351966.4111956493
8.379614488879048e-07,709869994695.3368,173031.10460688188,347134.10397398175
8.437728359031389e-07,709869994695.3368,173030.7292341096,342368.13658755453
8.496245257498303e-07,709869994695.3368,173030.3512605399,337667.59833199746
8.555167979340951e-07,709869994695.3368,173029.97066817016,333031.5910047272
8.614499339004656e-07,709869994695.3368,173029.58743887345,328459.2287333274
8.674242170453375e-07,709869994695.3368,173029.2015543976,323949.6378062842
8.734399327305022e-07,709869994695.3368,173028.81299636426,319501.9565060498
8.794973682967742e-07,709869994695.3368,173028.42174626823,315115.3349443989
8.855968130777192e-07,709869994695.3368,173028.02778547647,310788.9349000392
8.917385584134774e-07,709869994695.3368,173027.63109522717,306521.9296584514
8.979228976646766e-07,709869994695.3368,173027.23165662895,302313.50385393284
9.041501262264398e-07,709869994695.3368,173026.82945065995,298162.85331380944
9.104205415424999e-07,709869994695.3368,173026.42445816688,294069.18490478094
9.16734443119409e-07,709869994695.3368,173026.01665986425,290031.71638137655
9.230921325408423e-07,709869994695.3368,173025.60603633328,286049.676236494
9.294939134819985e-07,709869994695.3368,173025.19256802107,282122.30355399166
9.359400917241086e-07,709869994695.3368,173024.77623523978,278248.8478632995
9.424309751690463e-07,709869994695.3368,173024.35701816552,274428.5689960241
9.489668738540299e-07,709869994695.3368,173023.93489683754,270660.7369445295
9.55548099966428e-07,709869994695.3368,173023.50985115717,266944.6317224572
9.621749678586756e-07,709869994695.3368,173023.08186088706,263279.5432271565
9.688477940632917e-07,709869994695.3368,173022.65090565002,259664.7711040049
9.755668973079953e-07,709869994695.3368,173022.2169649282,256099.62461259376
9.823325985309236e-07,709869994695.3368,173021.78001806207,252583.4224947527
9.89145220895974e-07,709869994695.3368,173021.3400442494,249115.49284437572
9.960050898082327e-07,709869994695.3368,173020.8970225445,245695.1729790447
1.0029125329295148e-06,705760033387.0144,173020.4509318568,243732.95929828924
1.0098678801940184e-06,696080574605.9097,173020.00175095038,243729.26531701072
1.016871463824089e-06,686533928679.3153,173019.5494584425,243725.5458387886
1.0239236183460826e-06,677118272855.862,173019.09403280294,243721.80068867636
1.0310246806063412e-06,667831809402.8479,173018.6354523528,243718.02969054037
1.0381749897872867e-06,658672765262.8115,173018.17369526354,243714.2326670522
1.045374887423625e-06,649639391714.8226,173017.70873955594,243710.40943968113
1.052624717418656e-06,640729964040.4307,173017.240563099,243706.55982868536
1.0599248260606961e-06,631942781194.1992,173016.769143609,243702.68365310458
1.067275562039622e-06,623276165478.7522,173016.29445864848,243698.78073075184
1.0746772764635316e-06,614728462224.2808,173015.81648562505,243694.8508782053
1.0821303228755086e-06,606298039472.4614,173015.33520179032,243690.89391080005
1.0896350572705069e-06,597983287664.7102,173014.8505842391,243686.9096426201
1.0971918381123577e-06,589782619334.7086,173014.36260990787,243682.8978864897
1.1048010263508966e-06,581694468805.1489,173013.8712555742,243678.8584539655
1.1124629854392002e-06,573717291888.6517,173013.37649785512,243674.79115532775
1.1201780813509415e-06,565849565592.7903,173012.8783132066,243670.69579957222
1.1279466825978748e-06,558089787829.1534,173012.37667792197,243666.57219440164
1.1357691602474432e-06,550436477126.4023,173011.87156813097,243662.42014621675
1.1436458879404974e-06,542888172347.2758,173011.36295979872,243658.23946010845
1.1515772419091383e-06,535443432409.47925,173010.85082872448,243654.0299398486
1.1595636009946924e-06,528100836010.39703,173010.33515054046,243649.79138788133
1.1676053466658108e-06,520858981355.5838,173009.81590071088,243645.5236053146
1.1757028630366879e-06,513716485890.9894,173009.2930545306,243641.22639191133
1.1838565368854007e-06,506671986038.86285,173008.7665871241,243636.89954608033
1.1920667576723908e-06,499724136937.2698,173008.23647344418,243632.54286486752
1.2003339175590698e-06,492871612183.1881,173007.70268827092,243628.15614394695
1.2086584114265471e-06,486113103579.1365,173007.16520621045,243623.73917761198
1.2170406368944867e-06,479447320883.28235,173006.6240016937,243619.2917587656
1.2254809943401035e-06,472872991562.9704,173006.07904897525,243614.8136789122
1.2339798869172927e-06,466388860551.63635,173005.5303221321,243610.30472814752
1.2425377205758822e-06,459993690009.064,173004.9777950625,243605.76469514976
1.2511549040810165e-06,453686259084.9337,173004.42144148462,243601.19336717043
1.2598318490326874e-06,447465363685.6079,173003.86123493547,243596.59053002478
1.268568969885399e-06,441329816244.1199,173003.29714876946,243591.95596808242
1.2773666839679585e-06,435278445493.3264,173002.72915615735,243587.28946425777
1.2862254115034053e-06,429310096242.1733,173002.15723008488,243582.59080000082
1.295145575629088e-06,423423629155.02606,173001.58134335143,243577.85975528692
1.3041276024168805e-06,417617920534.0296,173001.00146856898,243573.09610860786
1.313171920893529e-06,411891862104.46155,173000.41757816053,243568.29963696183
1.322278963061138e-06,406244360803.0339,172999.82964435907,243563.4701158434
1.3314491639178108e-06,400674338569.09106,172999.23763920608,243558.60731923403
1.3406829614784326e-06,395180732138.6764,172998.64153455035,243553.71101959204
1.3499807967955867e-06,389762492841.4313,172998.0413020466,243548.78098784282
1.3593431139806162e-06,384418586400.28204,172997.4369131541,243543.81699336844
1.3687703602248396e-06,379147992733.8717,172996.82833913542,243538.81880399803
1.3782629858209298e-06,373949705761.69476,172996.2155510551,243533.78618599728
1.3878214441843901e-06,368822733211.93585,172995.59851977817,243528.71890405845
1.3974461918752297e-06,363766096431.91754,172994.97721596892,243523.61672129002
1.4071376886197755e-06,358778830201.15814,172994.35161008945,243518.4793992064
1.4168963973326244e-06,353859982547.0015,172993.72167239818,243513.3066977174
1.426722784138749e-06,349008614562.77655,172993.08737294882,243508.09837511834
1.4366173183957677e-06,344223800228.4477,172992.4486815885,243502.8541880786
1.4465804727163698e-06,339504626233.7266,172991.80556795665,243497.57389163194
1.4566127229908834e-06,334850191803.6185,172991.1580014835,243492.25723916516
1.4667145484100011e-06,330259608526.36237,172990.50595138877,243486.90398240802
1.4768864314876735e-06,325732000183.7277,172989.84938667985,243481.51387142198
1.4871288580841635e-06,321266502583.64124,172989.1882761509,243476.08665458972
1.497442317429247e-06,316862263395.11584,172988.52258838096,243470.62207860395
1.507827302145575e-06,312518441985.4458,172987.85229173256,243465.11988845645
1.5182843082722093e-06,308234209259.6313,172987.17735435042,243459.57982742746
1.5288138352883228e-06,304008747502.00684,172986.49774415977,243454.00163707425
1.5394163861370501e-06,299841250220.0503,172985.81342886493,243448.38505721983
1.5500924672495057e-06,295730921990.3334,172985.1243759478,243442.72982594214
1.5608425885689781e-06,291676978306.58417,172984.4305526663,243437.03567956202
1.571667263575295e-06,287678645429.8332,172983.7319260529,243431.3023526331
1.5825670093093432e-06,283735160240.6233,172983.02846291297,243425.52957792897
1.5935423463977575e-06,279845770093.24677,172982.3201298234,243419.71708643265
1.6045937990777963e-06,276009732671.9791,172981.60689313087,243413.86460732453
1.6157218952223878e-06,272226315849.28604,172980.8887189503,243407.97186797095
1.626927166365337e-06,268494797545.98203,172980.16557316342,243402.0385939125
1.6382101477267082e-06,264814465593.30765,172979.43742141698,243396.0645088523
1.6495713782383964e-06,261184617596.89624,172978.7042291213,243390.04933464364
1.6610114005698756e-06,257604560802.60715,172977.96596144847,243383.99279127902
1.6725307611541136e-06,254073611964.20605,172977.22258333096,243377.89459687742
1.684130010213665e-06,250591097212.86102,172976.4740594598,243371.75446767206
1.6958097017869595e-06,247156351928.42484,172975.72035428302,243365.5721179995
1.7075703937547722e-06,243768720612.48627,172974.96143200385,243359.3472602857
1.7194126478668646e-06,240427556763.16602,172974.19725657935,243353.07960503554
1.7313370297688084e-06,237132222751.63284,172973.42779171834,243346.76886081876
1.7433441090290123e-06,233882089700.30887,172972.6530008801,243340.41473425922
1.7554344591659328e-06,230676537362.74918,172971.87284727226,243334.01693002085
1.7676086576754622e-06,227514954005.17178,172971.08729384947,243327.57515079653
1.7798672860585056e-06,224396736289.6154,172970.2963033114,243321.0890972944
1.7922109298487631e-06,221321289158.69675,172969.49983810107,243314.55846822538
1.8046401786407047e-06,218288025721.94928,172968.69786040325,243307.9829602911
1.8171556261177263e-06,215296367143.7268,172967.89033214244,243301.36226816993
1.829757870080498e-06,212345742532.645,172967.07721498128,243294.69608450483
1.8424475124755274e-06,209435588832.5368,172966.25847031872,243287.98409989025
1.8552251594239168e-06,206565350714.90558,172965.43405928818,243281.22600285892
1.868091421250309e-06,203734480472.85733,172964.60394275576,243274.42147986853
1.8810469125120314e-06,200942437916.48862,172963.7680813185,243267.57021528907
1.8940922520284568e-06,198188690269.70795,172962.9264353024,243260.67189138875
1.9072280629105707e-06,195472712068.47223,172962.07896476064,243253.72618832145
1.9204549725907252e-06,192793985060.42505,172961.22562947177,243246.7327841124
1.9337736128525975e-06,190151998105.91147,172960.36638893778,243239.69135464568
1.9471846198613905e-06,187546247080.34595,172959.50120238223,243232.60157364942
1.9606886341942062e-06,184976234777.92676,172958.6300287483,243225.4631126831
1.9742863008706365e-06,182441470816.6711,172957.75282669705,243218.27564112353
1.9879782693835807e-06,179941471544.75134,172956.8695546052,243211.03882615044
2.001765193730274e-06,177475759948.11652,172955.98017056353,243203.75233273357
2.0156477324435214e-06,175043865559.38492,172955.08463237467,243196.4158236177
2.0296265486231407e-06,172645324367.98773,172954.18289755136,243189.02895930893
2.0437023099676473e-06,170279678731.54153,172953.27492331417,243181.59139806105
2.057875688806151e-06,167946477288.4402,172952.36066659,243174.1027958606
2.072147362130465e-06,165645274871.64673,172951.44008400934,243166.56280641252
2.086518011627434e-06,163375632423.6697,172950.5131319051,243158.97108112634
2.1009883237114996e-06,161137116912.704,172949.57976631002,243151.32726910137
2.115558989557499e-06,158929301249.92264,172948.63994295473,243143.631017112
2.1302307051336705e-06,156751764207.906,172947.69361726582,243135.88196959338
2.1450041712348854e-06,154604090340.1916,172946.74074436366,243128.0797686264
2.159880093516132e-06,152485869901.9248,172945.78127906044,243120.22405392298
2.1748591825262295e-06,150396698771.59906,172944.81517585786,243112.3144628115
2.189942153741758e-06,148336178373.87338,172943.84238894522,243104.35063022125
2.2051297276012268e-06,146303915603.44806,172942.86287219726,243096.33218866776
2.2204226295394907e-06,144299522749.98407,172941.87657917198,243088.25876823778
2.2358215900224138e-06,142322617424.05237,172940.88346310836,243080.1299965735
2.251327344581748e-06,140372822484.10233,172939.88347692453,243071.94549885794
2.266940633850259e-06,138449765964.4324,172938.87657321524,243063.7048977993
2.2826622035971108e-06,136553081004.14738,172937.86270424988,243055.4078136151
2.2984928047634946e-06,134682405777.09088,172936.84182197016,243047.0538640171
2.3144331934984927e-06,132837383422.74142,172935.81387798797,243038.6426641958
2.3304841311951828e-06,131017661978.05772,172934.77882358298,243030.17382680398
2.3466463845270165e-06,129222894310.2567,172933.7366097007,243021.64696194176
2.362920725484449e-06,127452738050.51468,172932.68718694974,243013.06167713998
2.3793079314118053e-06,125706855528.5803,172931.63050560007,243004.41757734478
2.3958087850443972e-06,123984913708.28557,172930.56651558026,242995.71426490118
2.412424074545923e-06,122286584123.9393,172929.49516647536,242986.95133953702
2.429154593546123e-06,120611542817.59428,172928.41640752464,242978.1283983468
2.4460011411786775e-06,118959470277.17734,172927.33018761908,242969.24503577524
2.462964522119367e-06,117330051375.46849,172926.23645529913,242960.30084360088
2.4800455466245185e-06,115722975309.91591,172925.1351587523,242951.29541091973
2.497245030569717e-06,114137935543.27687,172924.0262458107,242942.22832412855
2.5145637954887656e-06,112574629745.07571,172922.90966394873,242933.09916690813
2.532002668612916e-06,111032759733.86505,172921.7853602806,242923.90752020662
2.549562482910391e-06,109512031420.27773,172920.6532815579,242914.65296222246
2.5672440771261836e-06,108012154750.86032,172919.51337416712,242905.3350683879
2.585048295822106e-06,106532843652.68007,172918.36558412728,242895.9534113516
2.6029759894171217e-06,105073815978.69124,172917.20985708726,242886.50756096153
2.621028014227977e-06,103634793453.85028,172916.04613832344,242876.9970842478
2.6392052325101116e-06,102215501621.97038,172914.87437273713,242867.42154540538
2.657508512498835e-06,100815669793.30727,172913.69450485203,242857.7805057769
2.6759387284507807e-06,99435030992.86497,172912.5064788117,242848.07352383473
2.6944967606856993e-06,98073321909.40714,172911.31023837687,242838.30015516377
2.7131834956284884e-06,96730282845.17235,172910.10572692304,242828.4599524437
2.731999825851523e-06,95405657666.27892,172908.89288743775,242818.55246543113
2.7509466501173003e-06,94099193753.80887,172907.67166251794,242808.57724094196
2.7700248734213795e-06,92810641955.56361,172906.4419943674,242798.53382283315
2.789235407035599e-06,91539756538.48315,172905.20382479395,242788.42175198486
2.8085791685515907e-06,90286295141.7184,172903.95709520706,242778.24056628256
2.828057081924621e-06,89050018730.3463,172902.7017466148,242767.9898005982
2.8476700775177345e-06,87830691549.72,172901.43771962135,242757.66898677268
2.8674190921461814e-06,86628081080.44743,172900.16495442422,242747.27765359686
2.8873050691221544e-06,85441957993.98755,172898.88339081153,242736.8153267933
2.907328958299854e-06,84272096108.85489,172897.59296815912,242726.2815289977
2.9274917161208737e-06,83118272347.425,172896.29362542796,242715.67577974006
2.9477943056598712e-06,81980266693.33449,172894.98530116116,242704.9975954263
2.968237696670559e-06,80857862149.4655,172893.66793348134,242694.2464893189
2.9888228656320334e-06,79750844696.50577,172892.3414600875,242683.42197151826
3.009550795795432e-06,78659003252.0774,172891.00581825266,242672.52354894357
3.0304224772308838e-06,77582129630.42793,172889.66094482027,242661.55072531372
3.05143890687479e-06,76520018502.67484,172888.30677620202,242650.50300112777
3.072601088577452e-06,75472467357.59416,172886.94324837453,242639.37987364637
3.093910033151037e-06,74439276462.94768,172885.57029687648,242628.18083687144
3.115366758417842e-06,73420248827.34203,172884.18785680569,242616.9053815271
3.1369722892589015e-06,72415190162.61116,172882.79586281622,242605.55299504043
3.1587276576629517e-06,71423908846.71443,172881.39424911517,242594.12316152052
3.180633902775737e-06,70446215887.14323,172879.98294945993,242582.61536174006
3.2026920709496316e-06,69481924884.83174,172878.5618971549,242571.029073115
3.2249032157936052e-06,68530851998.562775,172877.13102504864,242559.3637696841
3.2472683982235626e-06,67592815909.86099,172875.69026553072,242547.61892208926
3.2697886865130308e-06,66667637788.36807,172874.23955052864,242535.7939975553
3.292465156344173e-06,65755141257.69425,172872.7788115046,242523.8884598695
3.3152988908591534e-06,64855152361.738594,172871.3079794526,242511.9017693618
3.338290980711888e-06,63967499531.4706,172869.82698489513,242499.83338288328
3.361442524120155e-06,63092013552.16727,172868.33575787998,242487.68275378674
3.3847546269180322e-06,62228527531.10174,172866.8342279772,242475.44933190534
3.4082284026087106e-06,61376876865.67472,172865.3223242757,242463.13256353184
3.43186497241769e-06,60536899211.982605,172863.79997538019,242450.73189139803
3.4556654653463477e-06,59708434453.81704,172862.26710940772,242438.24675465407
3.479631018225856e-06,58891324672.09102,172860.72365398466,242425.67658884655
3.503762775771464e-06,58085414114.68458,172859.16953624322,242413.0208258981
3.5280618906371917e-06,57290549166.703316,172857.6046828181,242400.27889408587
3.5525295234708994e-06,56506578321.14535,172856.02901984335,242387.45021802047
3.5771668429697134e-06,55733352149.97181,172854.44247294875,242374.5342186239
3.6019750259358337e-06,54970723275.57417,172852.8449672567,242361.53031310908
3.6269552573327564e-06,54218546342.63274,172851.2364273786,242348.43791495694
3.652108730341893e-06,53476677990.36088,172849.61677741155,242335.2564338959
3.6774366464195417e-06,52744976825.1316,172847.98594093468,242321.98527587941
3.702940215354267e-06,52023303393.47962,172846.34384100614,242308.623843064
3.728620655324694e-06,51311520155.47305,172844.69040015902,242295.17153378786
3.754479192957713e-06,50609491458.45088,172843.0255403983,242281.6277425478
3.7805170633870553e-06,49917083511.12143,172841.34918319708,242267.99185997815
3.806735510312264e-06,49234164358.01676,172839.66124949305,242254.2632728277
3.833135786058145e-06,48560603854.29591,172837.961659685,242240.44136393763
3.859719151634566e-06,47896273640.89555,172836.25033362905,242226.5255122189
3.886486876796665e-06,47241047120.02186,172834.52719063513,242212.5150926296
3.913440240105524e-06,46594799430.97759,172832.79214946332,242198.40947615277
3.94058052898925e-06,45957407426.32136,172831.0451283201,242184.20802977297
3.967909039804457e-06,45328749648.35463,172829.2860448548,242169.910116454
3.995427077898165e-06,44708706305.931625,172827.51481615566,242155.51509511552
4.023135957670172e-06,44097159251.5866,172825.73135874618,242141.02232061015
4.051037002635849e-06,43493991958.97529,172823.93558858146,242126.43114370058
4.079131545489344e-06,42899089500.626495,172822.12742104422,242111.74091103594
4.107420928167217e-06,42312338525.99926,172820.30677094107,242096.9509651287
4.135906501912561e-06,41733627239.84033,172818.47355249865,242082.0606443311
4.164589627339555e-06,41162845380.83878,172816.62767935972,242067.06928281178
4.1934716744984375e-06,40599884200.57435,172814.7690645793,242051.9762105322
4.222554022940937e-06,40044636442.754486,172812.89762062082,242036.78075322288
4.251838061786172e-06,39496996322.73616,172811.013259352,242021.48223235935
4.281325189787031e-06,38956859507.32821,172809.115892041,242006.07996513875
4.311016815396956e-06,38424123094.87204,172807.20542935238,241990.5732644554
4.3409143568372084e-06,37898685595.59544,172805.2817813431,241974.96143887693
4.371019242164626e-06,37380446912.23546,172803.34485745858,241959.24379262037
4.401332909339847e-06,36869308320.92742,172801.39456652824,241943.41962552717
4.431856806295981e-06,36365172452.35665,172799.43081676192,241927.48823303974
4.462592391007752e-06,35867943273.169044,172797.45351574538,241911.4489061763
4.493541131561155e-06,35377526067.63608,172795.4625704363,241895.30093150688
4.524704506223594e-06,34893827419.571655,172793.45788716,241879.04359112805
4.556084003514482e-06,34416755194.497505,172791.4393716054,241862.676162639
4.587681122276314e-06,33946218522.05359,172789.40692882068,241846.19791911618
4.619497371746279e-06,33482127778.649227,172787.36046320887,241829.60812908856
4.65153427162837e-06,33024394570.35237,172785.2998785239,241812.9060565128
4.683793352165954e-06,32572931716.014374,172783.22507786602,241796.0909607479
4.716276154214841e-06,32127653230.62625,172781.13596367757,241779.16209653032
4.748984229316908e-06,31688474308.902924,172779.0324377386,241762.1187139486
4.781919139774221e-06,31255311309.092796,172776.91440116242,241744.96005841804
4.815082458723645e-06,30828081737.010002,172774.7817543912,241727.6853706554
4.8484757702119635e-06,30406704230.285908,172772.63439719164,241710.29388665312
4.882100669271557e-06,29991098542.83615,172770.47222865018,241692.78483765404
4.9159587619966146e-06,29581185529.541004,172768.29514716897,241675.1574501257
4.950051665619826e-06,29176887131.136383,172766.1030504608,241657.41094573442
4.984381008589609e-06,28778126359.312386,172763.8958355449,241639.5445413193
5.018948430647914e-06,28384827282.01563,172761.6733987423,241621.55744886707
5.053755582908565e-06,27996915008.953594,172759.43563567105,241603.4488754851
5.088804127936104e-06,27614315677.29825,172757.18244124163,241585.218023376
5.124095739825188e-06,27236956437.585884,172754.91370965238,241566.864089811
5.1596321042805645e-06,26864765439.81009,172752.62933438475,241548.3862671043
5.1954149186976176e-06,26497671819.705578,172750.32920819832,241529.78374258592
5.231445892243419e-06,26135605685.22069,172748.01322312647,241511.05569857627
5.267726745938336e-06,25778498103.17576,172745.6812704712,241492.20131235875
5.3042592127383e-06,25426281086.103474,172743.3332407984,241473.21975615362
5.341045037617549e-06,25078887579.271015,172740.96902393323,241454.1101970916
5.378085977651954e-06,24736251447.880035,172738.5885089547,241434.87179718638
5.415383802102969e-06,24398307464.442,172736.1915841914,241415.50371330892
5.452940292502158e-06,24064991296.326817,172733.77813721605,241396.00509715956
5.490757242736276e-06,23736239493.482677,172731.34805484072,241376.37509524167
5.528836459132922e-06,23411989476.324577,172728.90122311175,241356.61284883445
5.567179760546846e-06,23092179523.78856,172726.43752730486,241336.71749396593
5.60578897844685e-06,22776748761.54995,172723.95685191982,241316.6881613857
5.644665957003241e-06,22465637150.40376,172721.4590806756,241296.52397653784
5.6838125531759014e-06,22158785474.804443,172718.94409650497,241276.22405953336
5.723230636803003e-06,21856135331.562664,172716.4117815496,241255.78752512316
5.762922090690348e-06,21557629118.697155,172713.86201715466,241235.2134826704
5.8028888107012745e-06,21263210024.43999,172711.2946838637,241214.50103612323
5.843132705847192e-06,20972822016.392757,172708.7096614132,241193.64928398674
5.883655698378788e-06,20686409830.831135,172706.1068287275,241172.65731929571
5.924459723877866e-06,20403918962.156387,172703.48606391338,241151.52422958694
5.965546731349777e-06,20125295652.491848,172700.8472442547,241130.24909687176
6.006918683316491e-06,19850486881.422367,172698.19024620685,241108.8309976071
6.048577555910357e-06,19579440355.874,172695.5149453916,241087.26900266917
6.090525338968519e-06,19312104500.1329,172692.82121659134,241065.56217732426
6.1327640361279405e-06,19048428446.00126,172690.1089337439,241043.7095812014
6.175295664921077e-06,18788362023.088524,172687.37796993667,241021.71026826423
6.21812225687227e-06,18531855749.235462,172684.62819740127,240999.56328678277
6.261245857594813e-06,18278860821.069725,172681.85948750793,240977.2676793053
6.304668526888628e-06,18029329104.691288,172679.07171075972,240954.82248263023
6.34839233883863e-06,17783213126.48575,172676.264736787,240932.2267277779
6.392419381913822e-06,17540466064.063446,172673.43843434172,240909.47943996187
6.436751759067075e-06,17301041737.322857,172670.5926712916,240886.57963856138
6.4813915878355484e-06,17064894599.637053,172667.72731461443,240863.52633709196
6.526341000441813e-06,16831979729.16101,172664.84223039218,240840.3185431778
6.571602143895718e-06,16602252820.258018,172661.9372838052,240816.95525852276
6.61717718009697e-06,16375670175.043724,172659.0123391264,240793.43547888208
6.6630682859383726e-06,16152188695.046532,172656.0672597153,240769.7581940337
6.709277653409776e-06,15931765872.982418,172653.1019080119,240745.9223877498
6.755807489702808e-06,15714359784.642422,172650.116145531,240721.92703776786
6.8026600173163204e-06,15499929080.89145,172647.10983285602,240697.7711157624
6.84983747416253e-06,15288432979.77714,172644.0828296328,240673.45358731583
6.897342113673874e-06,15079831258.747087,172641.0349945638,240648.97341189
6.945176204910681e-06,14874084246.972548,172637.9661854017,240624.3295427972
6.9933420326695775e-06,14671152817.777584,172634.8762589434,240599.5209271714
7.041841897592594e-06,14470998381.172274,172631.76507102375,240574.54650593977
7.090678116277026e-06,14273582876.48851,172628.63247650926,240549.4052137933
7.139853021386114e-06,14078868765.116516,172625.47832929192,240524.09597915816
7.189368961760494e-06,13886819023.341131,172622.3024822827,240498.61772416666
7.239228302530362e-06,13697397135.276613,172619.1047874055,240472.96936462852
7.2894334252284105e-06,13510567085.898426,172615.88509559038,240447.14981000178
7.339986727903618e-06,13326293354.17039,172612.64325676745,240421.15796336406
7.390890625235815e-06,13144540906.266241,172609.37911986018,240394.99272138308
7.442147548650999e-06,12965275188.884361,172606.09253277894,240368.65297428812
7.4937599464374175e-06,12788462122.654358,172602.78334241456,240342.13760584107
7.545730283862609e-06,12614068095.633656,172599.4513946316,240315.44549330688
7.5980610432911095e-06,12442059956.893791,172596.09653426174,240288.57550742518
7.650754724302988e-06,12272405010.194689,172592.71860509727,240261.526512381
7.703813843813273e-06,12105071007.745579,172589.31744988408,240234.29736577568
7.757240936192203e-06,11940026144.05151,172585.89291031522,240206.88691859762
7.811038553386253e-06,11777239049.844503,172582.44482702398,240179.29401519423
7.86520926503999e-06,11616678786.098055,172578.97303957696,240151.5174932416
7.919755658618852e-06,11458314838.123526,172575.47738646742,240123.55618371666
7.97468033953276e-06,11302117109.7476,172571.9577051082,240095.40891086726
8.029985931260543e-06,11148055917.569807,172568.41383182487,240067.0744921841
8.085675075475214e-06,10996101985.298899,172564.84560184865,240038.55173837085
8.14175043217018e-06,10846226438.166716,172561.25284930947,240009.83945331606
8.198214679786323e-06,10698400797.418793,172557.6354072288,239980.93643406348
8.255070515339922e-06,10552596974.880663,172553.99310751274,239951.84147078387
8.31232065455142e-06,10408787267.598833,172550.32578094452,239922.5533467455
8.369967831975193e-06,10266944352.555033,172546.6332571776,239893.0708382858
8.428014801130183e-06,10127041281.45312,172542.91536472837,239863.39271478215
8.4864643346314e-06,9989051475.577581,172539.17193096882,239833.5177386237
8.545319224322317e-06,9852948720.722685,172535.40278211917,239803.44466518174
8.604582281408253e-06,9718707162.191021,172531.60774324057,239773.1722427817
8.664256336590685e-06,9586301299.860697,172527.7866382278,239742.6992126745
8.724344240202434e-06,9455705983.32037,172523.93928980152,239712.02430900736
8.78484886234376e-06,9326896407.071075,172520.06551950116,239681.14625879592
8.845773093019492e-06,9199848105.793734,172516.16514767703,239650.06378189535
8.907119842277113e-06,9074536949.681591,172512.23799348302,239618.775590972
8.968892040345719e-06,8950939398.47431,172508.28387486876,239587.27346860024
9.031092637775933e-06,8829031771.762344,172504.30260857203,239555.561469371
9.093724605580896e-06,8708790859.633823,172500.2940101112,239523.6398541281
9.156790935378195e-06,8590193829.100426,172496.2578937771,239491.50730653308
9.220294639532732e-06,8473218160.289141,172492.1940726257,239459.1625029177
9.284238751300573e-06,8357841642.1463,172488.10235846986,239426.60411225614
9.348626324973855e-06,8244042368.200477,172483.9825618717,239393.83079613635
9.413460436026731e-06,8131798732.383463,172479.83449213445,239360.84120873248
9.478744181262223e-06,8021089424.90879,172475.65795729472,239327.6339967773
9.5444806789601e-06,7911893428.206793,172471.45276411425,239294.20779953405
9.610673069025864e-06,7804190012.915313,172467.218718072,239260.5612487692
9.677324513140768e-06,7697958733.925449,172462.95562335587,239226.69296872462
9.744438194912795e-06,7593179426.481682,172458.66328285474,239192.60157609047
9.81201732002866e-06,7489832202.3355665,172454.3414981501,239158.28567997765
9.880065116407072e-06,7387897445.951892,172449.99006950785,239123.74388189038
9.948584834352753e-06,7287355810.767358,172445.60879587012,239088.9747756999
1.0017579746711859e-05,7188188215.50012,172441.19747484665,239053.9769476164
1.0087053149028127e-05,7090375840.510468,172436.75590270665,239018.74897616313
1.015700835970047e-05,6993900124.210952,172432.28387437027,238983.28943214903
1.0227448720141304e-05,6898742759.526268,172427.78118340007,238947.59687864227
1.0298377594936318e-05,6804885690.401243,172423.2476219926,238911.66987094382
1.036979837200502e-05,6712311108.357203,172418.68298096966,238875.50695656135
1.0441714462762727e-05,6621001449.095163,172414.08704976985,238839.10667518253
1.0514129302283344e-05,6530939389.146056,172409.45961643974,238802.46755864925
1.0587046349463606e-05,6442107842.566512,172404.80046762523,238765.58813093175
1.0660469087188124e-05,6354489957.680405,172400.10938856282,238728.4669081028
1.0734401022495919e-05,6268069113.864684,172395.38616307065,238691.10239831198
1.0808845686747763e-05,6182828918.379743,172390.63057353976,238653.4931017606
1.0883806635795021e-05,6098753203.242876,172385.8424009251,238615.63751067597
1.0959287450149332e-05,6015826022.145042,172381.0214247366,238577.53410928661
1.1035291735153801e-05,5934031647.40953,172376.1674230302,238539.18137379747
1.1111823121155035e-05,5853354566.992776,172371.2801723986,238500.57777236443
1.1188885263676718e-05,5773779481.525934,172366.35944796252,238461.72176507104
1.126648184359405e-05,5695291301.397424,172361.40502336103,238422.611803903
1.1344616567309737e-05,5617875143.875169,172356.41667074274,238383.24633272435
1.142329316693084e-05,5541516330.26866,172351.3941607565,238343.6237872538
1.1502515400447233e-05,5466200383.129602,172346.33726254178,238303.742595041
1.1582287051910916e-05,5391913023.491378,172341.24574371974,238263.60117544243
1.1662611931616943e-05,5318640168.145987,172336.11937038356,238223.19793959847
1.1743493876285233e-05,5246367926.958731,172330.95790708892,238182.53129041046
1.1824936749244028e-05,5175082600.219398,172325.76111684472,238141.59962251747
1.1906944440614223e-05,5104770676.030134,172320.52876110334,238100.40132227403
1.1989520867495378e-05,5035418827.728834,172315.26059975114,238058.93476772754
1.2072669974152624e-05,4967013911.348209,172309.95639109865,238017.19832859584
1.215639573220525e-05,4899542963.109402,172304.615891871,237975.19036624586
1.224070214081622e-05,4832993196.950318,172299.23885719816,237932.9092336717
1.2325593226883359e-05,4767352002.087578,172293.82504060498,237890.35327547338
1.2411073045231625e-05,4702606940.61213,172288.3741940015,237847.5208278351
1.2497145678806714e-05,4638745745.117827,172282.88606767278,237804.41021850565
1.2583815238870263e-05,4575756316.362397,172277.36041026932,237761.0197667766
1.2671085865196006e-05,4513626720.960764,172271.7969687966,237717.3477834626
1.2758961726267734e-05,4452345189.109725,172266.1954886054,237673.39257088164
1.2847447019478185e-05,4391900112.344169,172260.5557133813,237629.15242283477
1.2936545971329742e-05,4332280041.323764,172254.87738513478,237584.625624587
1.3026262837636108e-05,4273473683.650324,172249.16024419095,237539.81045284847
1.3116601903725786e-05,4215469901.714836,172243.40402917913,237494.70517575534
1.3207567484646565e-05,4158257710.5743093,172237.60847702264,237449.3080528517
1.3299163925371838e-05,4101826275.8574953,172231.77332292838,237403.61733507062
1.3391395601007925e-05,4046164911.6995897,172225.89830037628,237357.63126471775
1.3484266917003267e-05,3991263078.7050347,172219.98314110909,237311.34807545313
1.3577782309358633e-05,3937110381.938541,172214.02757512146,237264.76599227372
1.3671946244839225e-05,3883696568.9433885,172208.03133064965,237217.8832314974
1.3766763221187818e-05,3831011527.787202,172201.99413416063,237170.69800074646
1.3862237767339807e-05,3779045285.13429,172195.91571034168,237123.20849893126
1.3958374443639317e-05,3727788004.344661,172189.79578208926,237075.41291623528
1.4055177842057251e-05,3677229983.5989103,172183.63407049843,237027.30943409895
1.4152652586410392e-05,3627361654.049054,172177.43029485203,236978.89622520615
1.42508033325825e-05,3578173577.994516,172171.18417260953,236930.17145346824
1.434963476874646e-05,3529656447.083366,172164.8954193963,236881.13327401134
1.4449151615588448e-05,3481801080.5380125,172158.56374899234,236831.77983316206
1.4549358626533187e-05,3434598423.405481,172152.18887332143,236782.10926843437
1.4650260587971217e-05,3388039544.831457,172145.77050243985,236732.11970851707
1.4751862319487293e-05,3342115636.358252,172139.30834452517,236681.80927326123
1.4854168674090824e-05,3296818010.245894,172132.80210586506,236631.17607366832
1.4957184538447438e-05,3252138097.8164735,172126.2514908462,236580.21821187937
1.5060914833112635e-05,3208067447.8210044,172119.65620194236,236528.93378116275
1.516536451276658e-05,3164597724.8288836,172113.01593970362,236477.32086590523
1.5270538566451e-05,3121720707.63927,172106.33040274453,236425.37754160055
1.5376442017807237e-05,3079428287.71444,172099.59928773268,236373.10187484085
1.548307992531647e-05,3037712467.6344523,172092.8222893771,236320.49192330684
1.5590457382541057e-05,2996565359.573216,172085.9991004168,236267.5457357604
1.5698579518368102e-05,2955979183.795264,172079.12941160885,236214.2613520351
1.580745149725417e-05,2915946267.173357,172072.2129117168,236160.6368030298
1.5917078519472232e-05,2876459041.7262325,172065.24928749877,236106.6701107009
1.6027465821359788e-05,2837510043.1765985,172058.23822369575,236052.35928805658
1.6138618675569248e-05,2799091909.528743,172051.1794030196,235997.7023391502
1.625054239131952e-05,2761197379.665827,172044.07250614103,235942.69725907542
1.6363242314649868e-05,2723819291.9662576,172036.91721167785,235887.3420339609
1.647672382867499e-05,2686950582.939217,172029.71319618257,235831.63464096672
1.6590992353842422e-05,2650584285.878735,172022.46013413047,235775.57304828003
1.670605334819118e-05,2614713529.5364113,172015.1576979074,235719.1552151121
1.6821912307612715e-05,2579331536.812166,172007.80555779755,235662.3790916966
1.693857476611317e-05,2544431623.4631414,172000.40338197106,235605.24261928626
1.7056046296077978e-05,2510007196.8301287,171992.9508364719,235547.74373015287
1.7174332508537758e-05,2476051754.5816507,171985.44758520523,235489.8803475862
1.7293439053436554e-05,2442558883.475124,171977.8932899251,235431.65038589362
1.741337161990162e-05,2409522258.135106,171970.2876102219,235373.05175040115
1.7534135936515044e-05,2376935639.84832,171962.63020350976,235314.08233745472
1.7655737771587617e-05,2344792875.375108,171954.92072501406,235254.74003442176
1.777818293343409e-05,2313087895.7773323,171947.1588277585,235195.02271969413
1.7901477270650864e-05,2281814715.262224,171939.34416255273,235134.92826269104
1.8025626672395103e-05,2250967430.0422163,171931.47637797924,235074.4545238633
1.8150637068666278e-05,2220540217.2102995,171923.55512038074,235013.59935469806
1.8276514430589143e-05,2190527333.630941,171915.58003384713,234952.3605977235
1.8403264770699245e-05,2160923114.846075,171907.55076020266,234890.73608651583
1.8530894143229798e-05,2131721973.9962528,171899.46693899287,234828.72364570556
1.8659408644401177e-05,2102918400.756452,171891.32820747155,234766.32109098486
1.8788814412711796e-05,2074506960.2866209,171883.13420058755,234703.5262291163
1.891911762923162e-05,2046482292.1964896,171874.88455097185,234640.3368579418
1.9050324517897105e-05,2018839109.5247166,171866.57888892406,234576.75076639213
1.9182441345808773e-05,1991572197.731911,171858.2168423993,234512.7657344979
1.9315474423530267e-05,1964676413.7075999,171849.79803699482,234448.37953340047
1.9449430105390088e-05,1938146684.7906876,171841.32209593672,234383.5899253648
1.9584314789784782e-05,1911978007.8034904,171832.78864006634,234318.39466379158
1.972013491948489e-05,1886165448.0988867,171824.19728782694,234252.79149323195
1.9856896981942357e-05,1860704138.620677,171815.54765525,234186.77814940122
1.999460750960074e-05,1835589278.9766986,171806.83935594183,234120.3523591952
2.0133273080206883e-05,1810816134.5247948,171798.0720010697,234053.5118407059
2.0272900317125466e-05,1786380035.4711866,171789.24519934825,233986.25430323902
2.0413495889655008e-05,1762276375.9813468,171780.35855702567,233918.5774473318
2.0555066513346763e-05,1738500613.3029518,171771.41167787008,233850.4789647723
2.0697618950325182e-05,1715048266.9009733,171762.40416315538,233781.95653861892
2.0841160009611202e-05,1691914917.6045356,171753.33561164752,233713.00784322133
2.098569654744717e-05,1669096206.7655807,171744.20561959056,233643.63054424207
2.113123546762466e-05,1646587835.4289656,171735.01378069242,233573.82229867895
2.12777837218139e-05,1624385563.51406,171725.75968611118,233503.58075488918
2.1425348309896146e-05,1602485209.0074577,171716.44292444058,233432.90355261305
2.1573936280297695e-05,1580882647.1668746,171707.06308169602,233361.78832300002
2.1723554730326915e-05,1559573809.7358592,171697.61974130044,233290.2326886348
2.187421080651287e-05,1538554684.169385,171688.1124840698,233218.2342635648
2.2025911704947042e-05,1517821312.8699596,171678.5408881989,233145.79065332864
2.217866467162671e-05,1497369792.434317,171668.90452924708,233072.89945498563
2.233247700280139e-05,1477196272.9103491,171659.20298012343,232999.5582571455
2.2487356045320986e-05,1457296957.0643172,171649.43581107285,232925.7646400012
2.264330919698709e-05,1437668099.658036,171639.602589661,232851.51617535992
2.280034390690595e-05,1418306006.7360542,171629.70288076007,232776.81042667784
2.2958467675844665e-05,1399207034.9225302,171619.736246534,232701.6449490937
2.3117688056589083e-05,1380367590.7278407,171609.70224642384,232626.01728946535
2.3278012654304918e-05,1361784129.8646128,171599.6004371329,232549.9249864062
2.3439449126900662e-05,1343453156.5732272,171589.43037261223,232473.36557032308
2.360200518539372e-05,1325371222.9564896,171579.19160404557,232396.33656345512
2.376568859427836e-05,1307534928.3235106,171568.88367983457,232318.83547991424
2.393050717189691e-05,1289940918.5425115,171558.5061455838,232240.85982572578
2.409646879081307e-05,1272585885.4025571,171548.05854408586,232162.4070988719
2.4263581378187787e-05,1255466565.9840498,171537.54041530643,232083.47478933385
2.443185291615824e-05,1238579742.0377984,171526.95129636893,232004.06037913787
2.460129144221872e-05,1221922239.372693,171516.29072153982,231924.16134240048
2.477190504960493e-05,1205490927.2516887,171505.55822221295,231843.77514537578
2.4943701887680164e-05,1189282717.7961614,171494.7533268949,231762.89924650372
2.5116690162324966e-05,1173294565.3983555,171483.87556118934,231681.53109645937
2.529087813632867e-05,1157523466.141962,171472.92444778196,231599.66813820464
2.5466274129784488e-05,1141966457.230579,171461.89950642487,231517.30780703895
2.5642886520486506e-05,1126620616.4240797,171450.80025392168,231434.4475306537
2.5820723744330265e-05,1111483061.4826415,171439.62620411158,231351.08472918603
2.5999794295715284e-05,1096550949.6184728,171428.37686785424,231267.2168152751
2.6180106727951214e-05,1081821476.9549923,171417.05175301412,231182.84119411872
2.636166965366596e-05,1067291877.9934921,171405.65036444506,231097.95526353252
2.6544491745217505e-05,1052959425.0870509,171394.1722039745,231012.55641400893
2.6728581735107696e-05,1038821427.9217321,171382.61677038806,230926.64202877873
2.69139484163998e-05,1024875233.0048311,171370.9835594138,230840.20948387304
2.710060064313806e-05,1011118223.1602049,171359.2720637065,230753.25614818776
2.7288547330771048e-05,997547817.0304649,171347.48177283182,230665.77938354778
2.7477797456577083e-05,984161468.5860577,171335.6121732507,230577.77654477418
2.7668360060093455e-05,970956666.6410167,171323.66274830353,230489.24497975223
2.7860244243547765e-05,957930934.3754255,171311.63297819401,230400.18202949944
2.8053459172293145e-05,945081828.8643548,171299.52233997366,230310.58502823822
2.8248014075245572e-05,932406940.613341,171287.3303075256,230220.4513034663
2.8443918245325166e-05,919903893.100159,171275.05635154876,230129.7781760312
2.864118103989959e-05,907570342.3229506,171262.6999395417,230038.5629602049
2.8839811881231474e-05,895403976.354487,171250.2605357867,229946.8029637605
2.9039820256928004e-05,883402514.9026048,171237.73760133376,229854.4954880502
2.9241215720394567e-05,871563708.8766162,171225.13059398436,229761.6378280842
2.9444007891290595e-05,859885339.9597168,171212.4389682753,229668.2272726125
2.9648206455989526e-05,848365220.1872089,171199.6621754627,229574.2611042065
2.9853821168040992e-05,837001191.5305616,171186.79966350575,229479.7365993437
3.0060861848637186e-05,825791125.487122,171173.85087705043,229384.65102849258
3.026933838708148e-05,814732922.675509,171160.81525741328,229289.00165619978
3.0479260741261275e-05,803824512.4364995,171147.69224256516,229192.78574117908
3.069063893812316e-05,793063852.4394473,171134.48126711493,229096.00053640112
3.0903483074152334e-05,782448928.2940437,171121.18176229307,228998.6432891849
3.1117803315854355e-05,771977753.1674556,171107.79315593542,228900.71124129198
3.133360990024128e-05,761648367.4066631,171094.31487246667,228802.20162902045
3.155091313532009e-05,751458838.1660302,171080.74633288407,228703.11168330206
3.17697234005856e-05,741407259.0399296,171067.0869547409,228603.4386298
3.1990051147515683e-05,731491749.7004589,171053.33615213018,228503.17968900903
3.221190690007104e-05,721710455.5400734,171039.493335668,228402.33207635657
3.243530125519732e-05,712061547.3191724,171025.55791247715,228300.89300230597
3.2660244883331856e-05,702543220.818467,171011.52928617055,228198.8596724611
3.2886748528912745e-05,693153696.4961672,170997.40685683477,228096.22928767296
3.311482301089266e-05,683891219.1498188,170983.19002101346,227992.9990441476
3.334447922325503e-05,674754057.5828286,170968.87817169086,227889.16613355628
3.357572813553487e-05,665740504.2755194,170954.47069827502,227784.72774314633
3.3808580793342556e-05,656848875.0607224,170939.96698658142,227679.68105585498
3.4043048318891225e-05,648077508.8038198,170925.36641881632,227574.02325042398
3.427914191152846e-05,639424767.08715,170910.66837356,227467.75150151656
3.451687284827072e-05,630889033.8987782,170895.87222575038,227360.86297983554
3.475625248434252e-05,622468715.3254948,170880.97734666616,227253.35485224373
3.499729225371826e-05,614162239.2500648,170865.98310391026,227145.2242818859
3.524000366966895e-05,605968055.052589,170850.88886139315,227036.46842831236
3.5484398325311524e-05,597884633.3160006,170835.69397931633,226927.08444760484
3.573048789416322e-05,589910465.5355601,170820.39781415544,226817.06949250324
3.5978284130698556e-05,582044063.8323743,170804.99971864367,226706.42071253527
3.622779887091135e-05,574283960.6708056,170789.49904175525,226595.13525414717
3.647904403287952e-05,566628708.5797924,170773.89512868854,226483.21026083644
3.673203161733491e-05,559076879.8779575,170758.18732084948,226370.64287328642
3.698677370823592e-05,551627066.4025186,170742.37495583502,226257.43022950293
3.724328247334531e-05,544277879.2418842,170726.45736741618,226143.56946495213
3.750157016481075e-05,537027948.4719493,170710.43388552166,226029.05771270092
3.77616491197507e-05,529875922.89597285,170694.30383622105,225913.892103559
3.802353176084306e-05,522820469.7880573,170678.06654170822,225798.06976622256
3.8287230596919145e-05,515860274.6401116,170661.72132028462,225681.5878274199
3.8552758223560556e-05,508994040.91231763,170645.26748634278,225564.44341205937
3.882012732370146e-05,502220489.7869839,170628.70435034952,225446.63364337853
3.9089350668233706e-05,495538359.9258097,170612.0312188295,225328.15564309587
3.936044111661752e-05,488946407.23044324,170595.24739434852,225209.00653156385
3.963341161749505e-05,482443404.60635656,170578.35217549696,225089.18342792414
3.990827520930954e-05,476028141.7299253,170561.3448568733,224968.68345026512
4.0185045020927445e-05,469699424.81873447,170544.2247290675,224847.50371578033
4.046373427226617e-05,463456076.4050032,170526.9910786445,224725.64134092984
4.0744356274924894e-05,457296935.11214477,170509.64318812772,224603.0934416033
4.102692443282103e-05,451220855.4343635,170492.18033598267,224479.85713328436
4.1311452242829846e-05,445226707.5192998,170474.60179660033,224355.92953121781
4.159795329542973e-05,439313376.9536298,170456.9068402809,224231.30775057807
4.1886441275350765e-05,433479764.5516301,170439.0947332173,224105.98890664033
4.217692996222897e-05,427724786.1466163,170421.16473747892,223979.97011495256
4.2469433231263875e-05,422047372.3852665,170403.11611099518,223853.24849151084
4.276396505388189e-05,416446468.52473974,170384.94810753933,223725.8211529352
4.306053949840302e-05,410921034.23260075,170366.65997671214,223597.685216649
4.33591707307135e-05,405470043.3894634,170348.25096392565,223468.8378010584
4.365987301494172e-05,400092483.89436495,170329.72031038717,223339.2760257361
4.39626607141403e-05,394787357.4727834,170311.06725308287,223208.99701160454
4.426754829097138e-05,389553679.4873123,170292.29102476203,223077.99788112356
4.4574550308398186e-05,384390478.7509068,170273.39085392063,222946.27575847774
4.488368143037987e-05,379296797.34271383,170254.36596478568,222813.82776976767
4.519495642257272e-05,374271690.4264035,170235.21557729907,222680.6510432016
4.5508390153034634e-05,369314226.0710155,170215.93890710178,222546.74270929056
4.582399759293609e-05,364423485.0742374,170196.53516551797,222412.0999010439
4.614179381727449e-05,359598560.7881293,170177.00355953936,222276.71975416853
4.6461794005594924e-05,354838558.94721544,170157.3432918092,222140.59940726828
4.6784013442714537e-05,350142597.4989532,170137.553560607,222003.73600204717
4.710846751945321e-05,345509806.4365086,170117.6335598326,221866.1266835128
4.7435171733368454e-05,340939327.63383466,170097.58247899087,221727.7686001832
4.776414168949537e-05,336430314.683013,170077.39950317613,221588.65890429495
4.809539310109264e-05,331981932.7338113,170057.08381305676,221448.79475201343
4.8428941790392374e-05,327593358.3354598,170036.63458485992,221308.17330364458
4.8764803689356584e-05,323263779.28057617,170016.05099035634,221166.79172384986
4.910299484043742e-05,318992394.45125043,169995.33219684506,221024.64718186168
4.9443531397344206e-05,314778413.6672198,169974.4773671384,220881.73685170186
4.9786429625814234e-05,310621057.53614515,169953.485659547,220738.05791240156
5.013170590439052e-05,306519557.3059183,169932.35622786474,220593.6075482235
5.047937672520328e-05,302473154.71901673,169911.08822135412,220448.38294888532
5.082945869475852e-05,298481101.86883175,169889.68078473138,220302.3813097865
5.118196853473042e-05,294542661.0579879,169868.13305815187,220155.59983223552
5.153692308276086e-05,290657104.65858513,169846.44417719558,220008.03572367947
5.1894339293262846e-05,286823714.9743739,169824.6132728526,219859.68619793656
5.225423423823119e-05,283041784.1048029,169802.63947150868,219710.5484754286
5.2616625108057086e-05,279310613.81094736,169780.52189493124,219560.61978341808
5.298152921235007e-05,275629515.38325757,169758.25966025505,219409.89735624433
5.334896398076396e-05,271997809.511138,169735.8518799681,219258.3784355634
5.371894696383024e-05,268414826.15429634,169713.29766189793,219106.06027058925
5.409149583379551e-05,264879904.41587347,169690.5961091976,218952.94011833667
5.4466628385466454e-05,261392392.4172942,169667.74632033214,218799.01524386715
5.484436253705894e-05,257951647.17485285,169644.74738906493,218644.2829205342
5.5224716331054754e-05,254557034.4779706,169621.59840444417,218488.74043023345
5.5607707935062546e-05,251207928.76913965,169598.2984507898,218332.38506365273
5.5993355642686474e-05,247903713.0254967,169574.84660768003,218175.21412052415
5.63816778743991e-05,244643778.6420351,169551.24194993847,218017.22490987854
5.677269317842213e-05,241427525.31640187,169527.48354762114,217858.4147503015
5.716642023161153e-05,238254360.935289,169503.57046600367,217698.78097019118
5.756287784035045e-05,235123701.46236742,169479.5017655688,217538.32090801763
5.796208494144665e-05,232034970.827771,169455.27650199362,217377.0319125841
5.836406060303795e-05,228987600.81908056,169430.8937261376,217214.9113432904
5.8768824025502025e-05,225981030.97381645,169406.3524840301,217051.95657039786
5.917639454237453e-05,223014708.47339088,169381.65181685833,216888.16497529484
5.958679162127157e-05,220088088.03852686,169356.79076095574,216723.53395076594
6.000003486482052e-05,217200631.82609656,169331.76834779012,216558.06090126158
6.041614401159542e-05,214351809.3273874,169306.583603952,216391.74324316956
6.0835138937060746e-05,211541097.26774892,169281.23555114347,216224.57840508805
6.125703965451975e-05,208767979.5076278,169255.72320616685,216056.56382810097
6.168186631607143e-05,206031946.94494635,169230.0455809136,215887.69696605354
6.210963921357207e-05,203332497.41883135,169204.20168235363,215717.97528583131
6.254037877960552e-05,200669135.61464942,169178.1905125246,215547.396267639
6.297410558845809e-05,198041372.97035697,169152.0110685214,215375.95740528218
6.341084035710232e-05,195448727.58411974,169125.66234248588,215203.65620644967
6.385060394618556e-05,192890724.12321195,169099.14332159676,215030.49019299762
6.429341736102736e-05,190366893.73415026,169072.45298805984,214856.4569012357
6.47393017526217e-05,187876773.95407262,169045.59031909824,214681.5538822137
6.518827841864842e-05,185419908.62331808,169018.55428694288,214505.7787020103
6.56403688044894e-05,182995847.79921705,168991.34385882327,214329.12894202332
6.609559450425379e-05,180604147.67105228,168963.95799695855,214151.6021992606
6.655397726180914e-05,178244370.4761909,168936.3956585485,213973.19608663314
6.70155389718195e-05,175916084.417367,168908.6557957651,213793.9082332493
6.748030168079223e-05,173618863.58108985,168880.73735574397,213613.7362847095
6.794828758812994e-05,171352287.85718033,168852.63928057643,213432.6779034041
6.841951904719196e-05,169115942.8593991,168824.36050730138,213250.7307688101
6.889401856636089e-05,166909419.84717348,168795.89996789792,213067.89257779127
6.937180881011889e-05,164732315.64838493,168767.2565892775,212884.16104489783
6.98529126001291e-05,162584232.58322617,168738.42929327724,212699.53390266869
7.033735291632686e-05,160464778.3890901,168709.41699665264,212514.00890193364
7.082515289801619e-05,158373566.1464988,168680.21861107103,212327.58381211743
7.131633584497617e-05,156310214.20603672,168650.8330431052,212140.2564215445
7.181092521857277e-05,154274346.11629492,168621.25919422734,211952.02453774522
7.230894464288056e-05,152265590.55279276,168591.49596080295,211762.88598776245
7.281041790581002e-05,150283581.24788284,168561.5422340854,211572.83861846005
7.331536896024488e-05,148327956.9216069,168531.39690021068,211381.88029683102
7.382382192518511e-05,146398361.213508,168501.0588401923,211190.00891030842
7.433580108690009e-05,144494442.61536792,168470.5269299165,210997.222367075
7.48513309000875e-05,142615854.40487468,168439.80004013792,210803.51859637536
7.537043598904258e-05,140762254.58019015,168408.8770364754,210608.89554882824
7.58931411488331e-05,138933305.79542246,168377.7567794082,210413.3511967396
7.641947134648493e-05,137128675.2969738,168346.43812427242,210216.88353441676
7.694945172217334e-05,135348034.8607687,168314.91992125777,210019.4905784827
7.748310759042506e-05,133591060.73033373,168283.20101540477,209821.1703681914
7.802046444132622e-05,131857433.55573335,168251.2802466021,209621.920965744
7.85615479417411e-05,130146838.3333345,168219.15644958444,209421.74045660478
7.910638393653684e-05,128458964.3464039,168186.82845393041,209220.62694981895
7.965499844981924e-05,126793505.10651116,168154.29508406125,209018.57857832938
8.020741768617445e-05,125150158.29574236,168121.5551592393,208815.59349929518
8.076366803192202e-05,123528625.7096973,168088.60749356737,208611.6698944098
8.132377605637382e-05,121928613.20127515,168055.45089598827,208406.80597022054
8.188776851310458e-05,120349830.62522241,168022.0841702842,208200.99995844616
8.245567234122831e-05,118791991.78344788,167988.5061150776,207994.25011629847
8.302751466668647e-05,117254814.37107916,167954.71552383117,207786.55472680015
8.360332280354227e-05,115738019.92326508,167920.71118484926,207577.912099106
8.41831242552867e-05,114241333.76269975,167886.49188127893,207368.3205688222
8.476694671615083e-05,112764484.94787209,167852.05639111175,207157.77849832713
8.535481807243004e-05,111307206.22201735,167817.40348718592,206946.28427709095
8.59467664038146e-05,109869233.9627742,167782.5319371888,206733.83632199693
8.654281998473231e-05,108450308.13252501,167747.44050365983,206520.43307766062
8.714300728569761e-05,107050172.22942218,167712.12794399395,206306.07301675127
8.774735697467292e-05,105668573.2390792,167676.593010445,206090.75464031054
8.835589791843648e-05,104305261.58692911,167640.8344501304,205874.47647807424
8.896865918396266e-05,102959991.09122945,167604.85100503528,205657.23708879022
8.958567003980886e-05,101632518.91671665,167568.64141201784,205439.0350605395
9.020695995751507e-05,100322605.5288889,167532.2044028146,205219.86901105422
9.083255861300999e-05,99030014.64892133,167495.5387040463,204999.73758803727
9.146249588803002e-05,97754513.20919219,167458.64303722457,204778.6394694804
9.209680187154514e-05,96495871.3094241,167421.51611875833,204556.57336398226
9.273550686119733e-05,95253862.17342025,167384.15665996127,204333.53801106568
9.337864136474723e-05,94028262.10639653,167346.56336705957,204109.53218149464
9.402623610153073e-05,92818850.45289794,167308.73494120024,203884.55467759114
9.467832200392768e-05,91625409.55528758,167270.67007845952,203658.60433354942
9.533493021883778e-05,90447724.71280919,167232.36746985238,203431.6800157524
9.59960921091699e-05,89285584.14120454,167193.825801342,203203.78062308478
9.666183925533851e-05,88138778.93288952,167155.0437538501,202974.90508724668
9.733220345677379e-05,87007103.01766935,167116.02000326736,202745.05237306585
9.800721673343883e-05,85890353.12399773,167076.753220465,202514.22147880946
9.868691132736077e-05,84788328.74076024,167037.24207130607,202282.4114364941
9.937131970416917e-05,83700832.07958691,166997.48521665807,202049.62131219564
0.00010006047455464833,82627668.03767484,166957.48131240538,201815.85020635728
0.00010075440879629723,81568644.16112542,166917.22900946284,201581.09725409673
0.00010145315557490336,80523570.60877788,166876.7269537894,201345.3616255122
0.0001021567482661244,79492260.11654322,166835.97378640258,201108.64252598694
0.00010286522047708392,78474527.9622213,166794.9681433935,200870.9391964927
0.00010357860604797513,77470191.93080425,166753.70865594226,200632.2509138918
0.00010429693905367876,76479072.28025034,166712.193950334,200392.57699123689
0.00010502025380538912,75500991.70773049,166670.42264797585,200151.91677807114
0.00010574858485225455,74535775.31633268,166628.39336541365,199910.26966072439
0.00010648196698302603,73583250.58222622,166586.10471435034,199667.6350626102
0.00010722043522772054,72643247.32227124,166543.55530166402,199424.01244451862
0.00010796402485929257,71715597.66207556,166500.74372942705,199179.40130491002
0.00010871277139532064,70800136.00448483,166457.66859492575,198933.80118020432
0.0001094667105997021,69896698.9985076,166414.32849068058,198687.21164507084
0.00011022587848436308,69005125.50866205,166370.72200446704,198439.6323127144
0.0001109903113109769,68125256.58474588,166326.8477193372,198191.06283516076
0.00011176004559269786,67256935.43201615,166282.7042136417,197941.50290353847
0.00011253511809590349,66400007.38178099,166238.29006105274,197690.95224836082
0.00011331556584195254,65554319.86238977,166193.60383058735,197439.41063980357
0.00011410142610895142,64719722.37062436,166148.64408663145,197186.8778879817
0.00011489273643353671,63896066.44347779,166103.4093889647,196933.35384322327
0.00011568953461266616,63083205.63032303,166057.8982927859,196678.83839634122
0.00011649185870542601,62280995.465458535,166012.10934873897,196423.33147890298
0.00011729974703484695,61489293.441033654,165966.04110293984,196166.8330634971
0.0001181132381897365,60707958.98034028,165919.69209700383,195909.34316399766
0.00011893237102652039,59936853.41147397,165873.06086807395,195650.86183582654
0.00011975718467110032,59175839.941351496,165826.14594884947,195391.3891762119
0.00012058771852072103,58424783.63008773,165778.94586761587,195130.92532444553
0.00012142401224585393,57683551.36571944,165731.45914827482,194869.47046213562
0.00012226610579209007,56952011.839278154,165683.6843103753,194607.02481345893
0.00012311403938205004,56230035.52020108,165635.61986914545,194343.58864540776
0.00012396785351730338,55517494.63208133,165587.26433552487,194079.1622680358
0.00012482758898030495,54814263.1287468,165538.61621619796,193813.74603469993
0.000125693286836341,54120216.67066949,165489.6740136279,193547.34034229975
0.00012656498843549262,53435232.60169434,165440.43622609132,193279.94563151302
0.00012744273541460892,52759189.92608944,165390.9013477139,193011.56238702917
0.00012832656969929767,52091969.28590724,165341.06786850648,192742.19113777843
0.00012921653350592596,51433452.93865835,165290.93427440236,192471.83245715842
0.0001301126693436384,50783524.735287905,165240.4990472949,192200.48696325708
0.00013101502001638686,50142070.09845503,165189.7606650763,191928.15531907216
0.0001319236286249742,49508976.00110936,165138.717601677,191654.83823272804
0.00013283853856911474,48884130.94535894,165087.36832710583,191380.53645768712
0.00013375979354950525,48267424.9416295,165035.7113074912,191105.25079296032
0.00013468743756991434,47658749.488106154,164983.74500512294,190828.9820833115
0.00013562151493928226,47057997.550459065,164931.46787849496,190551.73121945982
0.00013656207027383939,46465063.54184347,164878.8783823487,190273.49913827726
0.00013750914849923522,45879843.30317602,164825.9749677177,189994.2868229835
0.00013846279485268636,45302234.08367821,164772.75608197268,189714.09530333578
0.00013942305488513513,44732134.52168841,164719.22016886764,189432.92565581558
0.00014038997446342753,44169444.62573371,164665.3656685868,189150.77900381119
0.00014136359977250177,43614065.755863205,164611.19101779241,188867.6565177963
0.0001423439773175967,43065900.60523389,164556.69464967342,188583.55941550413
0.00014333115392647065,42524853.181951,164501.87499399506,188298.48896209843
0.00014432517675164058,41990828.79115399,164446.73047714916,188012.44647033865
0.00014532609327263203,41463734.01734994,164391.25952220568,187725.43330074323
0.00014633395129824928,40943476.706986256,164335.4605489647,187437.45086174572
0.0001473487989688565,40429965.95126376,164279.33197400987,187148.50060984967
0.00014837068475867965,39923112.0691826,164222.8722107621,186858.58404977634
0.00014939965747811954,39422826.59082212,164166.0796695349,186567.70273461036
0.00015043576627608545,38929022.24084714,164108.9527575898,186275.8582659387
0.00015147906064234045,38441612.92224192,164051.4898791938,185983.05229398757
0.0001525295904098677,37960513.70026421,163993.68943567658,185689.28651775204
0.00015358740575724825,37485640.78662096,163935.5498254894,185394.56268512356
0.00015465255721106033,37016911.52385796,163877.06944426487,185098.88259301102
0.00015572509564829018,36554244.36996532,163818.2466848774,184802.2480874582
0.0001568050722987648,36097558.88319091,163759.07993750478,184504.66106375563
0.00015789253874759637,35646775.707063735,163699.56758969085,184206.12346654863
0.0001589875469376487,35201816.55561976,163639.70802640883,183906.6372899394
0.0001600901491720159,34762604.19883184,163579.4996301259,183606.20457758533
0.00016120039811652297,34329062.44823669,163518.94078086872,183304.82742279128
0.000162318346802239,33901116.14276025,163458.02985628985,183002.50796859837
0.00016344404862801267,33478691.134734906,163396.76523173501,182699.2484078656
0.00016457755736302033,33061714.276109673,163335.14528031196,182395.05098334907
0.00016571892714933685,32650113.40484687,163273.16837295954,182089.91798777372
0.0001668682125045191,32243817.33150667,163210.83287851835,181783.85176390165
0.00016802546832421267,31842755.826013062,163148.13716380228,181476.85470459418
0.00016919074988477114,31446859.604602497,163085.07959367087,181168.92925286962
0.00017036411284589932,31056060.316948973,163021.65853110288,180860.07790195497
0.00017154561325330884,30670290.53346704,162957.87233727108,180550.3031953332
0.0001727353075413981,30289483.732786257,162893.71937161745,180239.60772678425
0.00017393325253594499,29913574.28939876,162829.19799193024,179927.994140422
0.0001751395054568241,29542497.461473685,162764.3065544213,179615.4651307244
0.0001763541239207368,29176189.378839955,162699.0434138051,179302.0234425597
0.00017757716594396638,28814587.031131387,162633.4069233783,178987.67187120585
0.00017880868994514615,28457628.256095566,162567.3954351009,178672.41326236608
0.00018004875474805277,28105251.72806068,162501.0072996777,178356.25051217698
0.00018129741958441314,27757396.946561567,162434.24086664175,178039.18656721336
0.00018255474409673594,27414004.225119673,162367.09448443807,177721.22442448552
0.00018382078834115962,27075014.680177186,162299.566500509,177402.36713143243
0.00018509561279031968,26740370.220182374,162231.65526138022,177082.6177859089
0.00018637927833623988,26410013.53482302,162163.35911274806,176761.97953616653
0.00018767184629323765,26083888.084408347,162094.67639956815,176440.4555808307
0.0001889733784008558,25761938.089394484,162025.6054661443,176118.0491688694
0.0001902839368268086,25444108.52005444,161956.14465621975,175794.7635995594
0.00019160358416995407,25130345.08628768,161886.29231306823,175470.6022224442
0.00019293238346328114,24820594.22757042,161816.046779587,175145.5684372879
0.0001942703981769234,24514803.10304156,161745.40639839062,174819.6656940227
0.00019561769222118763,24212919.581725646,161674.36951190588,174492.8974926907
0.00019697432994960978,23914892.232887674,161602.93446246785,174165.26738338053
0.00019834037616202533,23620670.316521276,161531.09959241704,173836.7789661575
0.00019971589610766804,23330203.773965158,161458.86324419765,173507.43589098842
0.00020110095548828304,23043443.218649205,161386.22376045698,173177.24185766114
0.0002024956204612685,22760339.926965516,161313.17948414586,172846.20061569678
0.00020389995764283234,22480845.829265386,161239.72875862024,172514.31596425865
0.00020531403411117735,22204913.50097797,161165.869927744,172181.59175205283
0.00020673791740970202,21932496.15385145,161091.60133599272,171848.03187722486
0.00020817167555022998,21663547.62731248,161016.92132855856,171513.64028724958
0.00020961537701625523,21398022.379944935,160941.82825145643,171178.42097881608
0.00021106909076621674,21135875.481083613,160866.32045163118,170842.37799770574
0.0002125328862367887,20877062.602524046,160790.39627706588,170505.51543866599
0.00021400683334620076,20621540.010344207,160714.05407689116,170167.8374452764
0.00021549100249757403,20369264.556839038,160637.29220149585,169829.3482098111
0.0002169854645822875,20120193.67256389,160560.10900263872,169490.05197309394
0.00021849029098336065,19874285.35848778,160482.5028335611,169149.95302434816
0.00022000555357886656,19631498.1782525,160404.47204910085,168809.05570104087
0.00022153132474536164,19391791.250538606,160326.01500580748,168467.36438872156
0.00022306767736134624,19155124.24153444,160247.13006205816,168124.88352085394
0.00022461468481074212,18921457.357508995,160167.81557817504,167781.61757864404
0.00022617242098640125,18690751.33748511,160088.0699165436,167437.57109086026
0.00022774096029363165,18462967.446013678,160007.8914417322,167092.74863365007
0.00022932037765375506,18238067.46604543,159927.27852061257,166747.15483034868
0.00023091074850768188,18016013.691901024,159846.22952248168,166400.79435128416
0.00023251214881951822,17796768.922335997,159764.74281918432,166053.6719135752
0.00023412465508019066,17580296.453701407,159682.81678523726,165705.79228092474
0.0002357483443111037,17366560.07319674,159600.44979795412,165357.16026340658
0.0002373832940678147,17155524.052215915,159517.6402375716,165007.78071724763
0.00023902958244374228,16947153.139783055,159434.38648737659,164657.6585446034
0.00024068728807389258,16741412.556078771,159350.68693383454,164306.79869332927
0.0002423564901386191,16538267.986053858,159266.5399667188,163955.20615674468
0.00024403726836740096,16337685.57313099,159181.94397924127,163602.8859733937
0.0002457297030426549,16139631.912991455,159096.89736818368,163249.8432267978
0.0002474338750035662,15944074.047447514,159011.3985340306,162896.0830452059
0.000249149865649954,15750979.458397483,158925.4458811027,162541.61060133605
0.00025087775694615505,15560316.061864141,158839.03781769198,162186.4311121146
0.00025261763142494316,15372052.202113539,158752.1727561972,161830.54983840746
0.000254369572191467,15186156.645854956,158664.84911326118,161473.9720847482
0.00025613366292722334,15002598.576519089,158577.06530990836,161116.70319905915
0.00025790998789405265,14821347.588614838,158488.81977168392,160758.74857236788
0.0002596986319381621,14642373.68216306,158400.110928794,160400.11363851937
0.00026149968049418205,14465647.257205676,158310.93721624638,160040.80387388106
0.0002633132195892425,14291139.10839046,158221.2970739929,159680.8247970447
0.00026513933584708664,14118820.419628808,158131.18894707225,159320.18196852144
0.000266978116492204,13948662.758827228,158040.61128575436,158958.88099043333
0.00026882964935400085,13780638.072689794,157949.5625456852,158596.92750619835
0.0002706940228709916,13614718.681592295,157858.0411880331,158234.3272002118
0.00027257132609502673,13450877.274525482,157766.04567963566,157871.08579752146
0.0002744616486955425,13289086.904108027,157673.57449314793,157507.20906349915
0.00027636508096384824,13129320.981666664,157580.6261071913,157142.70280350617
0.00027828171381743465,12971553.272384258,157487.19900650354,156777.5728625548
0.0002802116388043209,12815757.890513146,157393.29168208962,156411.82512496435
0.00028215494810742315,12661909.294654535,157298.90263137376,156045.46551401372
0.0002841117345489619,12509982.283101508,157204.03035835188,155678.49999158707
0.00028608209159489123,12359951.989246208,157108.67337374567,155310.93455781767
0.0002880661133593679,12211793.877048902,157012.83019515677,154942.7752507245
0.000290063894609242,12065483.736569546,156916.4993472227,154574.02814584627
0.00029207553076858803,11920997.67955949,156819.67936177275,154204.69935586985
0.0002941011179232582,11778312.135114005,156722.3687779857,153834.795030255
0.00029614075282547695,11637403.845383313,156624.56614254744,153464.32135485375
0.00029819453289845713,11498249.861342803,156526.2700098103,153093.2845515271
0.00030026255624105867,11360827.538620153,156427.47894195255,152721.69087775514
0.0003023449216324691,11225114.533380019,156328.19150913914,152349.54662624563
0.0003044417285369266,11091088.798264112,156228.406289683,151976.85812453597
0.0003065530771084664,10958728.578387242,156128.12187020722,151603.631734593
0.0003086790681957092,10828012.40738728,156027.33684580805,151229.87385240715
0.0003108198033466732,10698919.103529567,155926.04982021867,150855.59090758447
0.00031297538481362997,10571427.765863737,155824.25940597343,150480.78936293253
0.00031514591555798296,10445517.770433567,155721.96422457325,150105.4757140446
0.000317331499255191,10321168.766537772,155619.16290665147,149729.65648887827
0.000319532240299715,10198360.673042405,155515.85409214045,149353.33824733188
0.00032174824381000936,10077073.674742835,155412.0364304388,148976.52758081598
0.0003239796156335382,9957288.218775887,155307.70858057952,148599.23111182204
0.00032622646235183595,9838985.011080267,155202.8692113982,148221.4554934869
0.0003284888912855932,9722145.01290575,155097.51700170283,147843.20740915486
0.00033076701049978836,9606749.437369343,154991.65064044305,147464.4935719347
0.0003330609288088434,9492779.746058913,154885.26882688113,147085.32072425555
0.00033537075578182746,9380217.645682504,154778.37027076245,146705.69563741656
0.00033769660174768457,9269045.084763816,154670.95369248767,146325.62511113688
0.00034003857780050923,9159244.250382135,154563.01782328426,145945.11597309881
0.00034239679580484717,9050797.564957209,154454.56140537962,145564.1750784912
0.000344771368401044,8943687.683077332,154345.58319217377,145182.809309547
0.0003471624090106202,8837897.488371141,154236.08194841343,144801.0255750804
0.0003495700318416941,8733410.0904215,154126.0564503657,144418.83081001858
0.00035199435189443146,8630208.821721865,154015.5054859927,144036.23197493312
0.0003544354849665433,8528277.234673653,153904.42785512668,143653.23605556643
0.00035689354765881505,8427599.098624732,153792.8223696449,143269.850062357
0.00035936865738067376,8328158.396948282,153680.68785364588,142886.08102996185
0.0003618609323558011,8229939.324161041,153568.02314362495,142501.93601677535
0.0003643704916277746,8132926.283081271,153454.82708865087,142117.42210444744
0.00036689745506575963,8037103.882024902,153341.09855054255,141732.54639739718
0.00036944194337022913,7942456.93204028,153226.83640404575,141347.31602232638
0.00037200407807873456,7848970.44418012,153112.0395370105,140961.7381277287
0.0003745839815717055,7756629.626810993,152996.70685056862,140575.81988339857
0.00037718177707830083,7665419.882958978,152880.83725931105,140189.56847993645
0.00037979758868228903,7575326.8076918945,152764.42969146604,139802.99112825288
0.0003824315413279809,7486336.185536667,152647.48308907682,139416.0950590701
0.0003850837608261916,7398433.987932277,152529.99640818016,139028.8875224227
0.00038775437386025593,7311606.370716921,152411.96861898404,138641.37578715486
0.00039044350799207346,7225839.671649803,152293.39870604657,138253.56714041732
0.0003931512916682074,7141120.4079661565,152174.28566845387,137865.4688871617
0.00039587785422601397,7057435.273965963,152054.62851999883,137477.0883496341
0.0003986233258998263,6974771.138635075,151934.42628935922,137088.43286686574
0.0004013878378271686,6893115.043299036,151813.6780202764,136699.50979416425
0.0004041715220550267,6812454.1993084615,151692.3827717333,136310.3265026009
0.00040697451154614843,6732775.985756232,151570.53961813299,135920.89037849923
0.0004097969401854015,6654067.947225383,151448.1476494765,135531.20882291996
0.00041263894278616153,6576317.791567939,151325.2059715413,135141.28925114733
0.00041550065509675843,6499513.387713632,151201.7137060584,134751.13909217104
0.0004183822138069534,6423642.763508708,151077.66999089078,134360.76578817083
0.00042128375655447494,6348694.10358381,150953.0739802102,133970.1767939966
0.0004242054219315861,6274655.747251135,150827.92484467488,133579.37957665083
0.00042714734949171135,6201516.186429876,150702.22177160578,133188.38161476704
0.00043010967975609546,6129264.063600142,150575.96396516368,132797.1903980907
0.0004330925542205222,6057888.169784414,150449.15064652512,132405.81342695619
0.0004360961153620663,5987377.442556691,150321.78105405835,132014.25821176628
0.00043912050664590555,5917720.964078397,150193.85444349868,131622.53227246835
0.0004421658725321665,5848907.959161304,150065.37008812357,131230.64313803217
0.0004452323584828317,5780927.793356411,149936.32727892703,130838.59834592587
0.0004483201109686806,5713769.971069131,149806.7253247938,130446.4054415929
0.00045142927747629275,5647424.133699774,149676.56355267265,130054.07197792685
0.00045456000651508547,5581880.057809558,149545.84130774954,129661.60551474849
0.0004577124476244147,5517127.653311251,149414.55795361957,129269.01361828021
0.00046088675138070996,5453156.961684696,149282.71287245917,128876.30386062266
0.0004640830694046747,5389958.154216237,149150.3054651967,128483.48381922916
0.0004673015543685207,5327521.530262364,149017.335151683,128090.5610763825
0.0004705423600032677,5265837.51553664,148883.80137086078,127697.54321866964
0.00047380564110607935,5204896.6604201775,148749.70358093397,127304.43783645886
0.0004770915535476643,5144689.638294743,148615.0412595349,126911.25252337474
0.0004804002542797139,5085207.243898817,148479.81390389244,126517.99487577591
0.0004837319013424066,5026440.391705623,148344.0210309976,126124.67249223116
0.000487086653871949,4968380.114323501,148207.66217776947,125731.29297299779
0.000490464672108185,4911017.560917692,148070.73690121938,125337.86391949868
0.0004938661174022415,4854343.995653807,147933.24477861472,124944.39293380185
0.0004972911522242425,4798350.796162172,147795.18540764123,124550.88761809902
0.0005007399401710663,4743029.452023176,147656.55840656464,124157.35557418595
0.0005042126459741568,4688371.563273148,147517.36341439103,123763.80440294342
0.0005077094355073992,4634368.838930371,147377.60009102634,123370.24170381846
0.0005112304757950344,4581013.095541295,147237.26811743414,122976.6750743075
0.0005147759350196456,4528296.2557462435,147096.367195793,122583.11210943913
0.0005183459825301825,4476210.346864802,146954.89704965215,122189.56040125982
0.0005219407888500594,4424747.499500148,146812.85742408605,121796.02753831864
0.0005255605256852918,4373899.946162552,146670.24808584744,121402.52110515464
0.0005292053659327058,4323660.019911293,146527.06882351945,121009.0486817846
0.0005328754836881885,4274020.15301523,146383.31944766638,120615.61784319309
0.0005365710542550122,4224972.875631283,146238.99979098226,120222.2361588223
0.0005402922541521988,4176510.8145010807,146094.1097084394,119828.91119206494
0.0005440392611229605,4128626.691665012,145948.64907743403,119435.65049975715
0.0005478122541431804,4081313.323193952,145802.61779793145,119042.46163167428
0.0005516114134299707,4034563.6179379458,145656.01579260916,118649.35213002669
0.0005554369204502712,3988370.576292059,145508.84300699868,118256.32952895912
0.0005592889579295264,3942727.288978737,145361.09940962546,117863.40135404945
0.0005631677098604047,3897626.9358468647,145212.78499214764,117470.5751218116
0.0005670733615115948,3853062.784686898,145063.89976949233,117077.85833919789
0.0005710060994366476,3809028.1900622207,144914.44377999124,116685.2585031053
0.0005749661114828944,3765516.5921561527,144764.41708551353,116292.78309988198
0.0005789535868004114,3722521.5156347514,144613.81977159786,115900.43960483726
0.0005829687158510632,3680036.5685248147,144462.65194758156,115508.23548175178
0.000587011690417591,3638055.441107275,144310.91374672882,115116.17818239176
0.0005910827036127824,3596571.904825367,144158.60532635672,114724.27514602341
0.0005951819498886862,3555579.8112077746,144005.72686795905,114332.53379893141
0.00059930962504591,3515073.0908061513,143852.27857732866,113940.96155393745
0.0006034659262429624,3475045.7521472108,143698.26068467757,113549.56580992359
0.0006076510520056809,3435491.8806988057,143543.67344475468,113158.35395135485
0.0006118652022367036,3396405.6378501826,143388.51713696253,112767.3333478075
0.0006161085782250286,3357781.2599058347,143232.79206547045,112376.51135349658
0.0006203813826556178,3319613.0570931584,143076.49855932695,111985.89530680852
0.0006246838196190886,3281895.4125833376,142919.63697256896,111595.49252983404
0.000629016094621452,3244622.7815256515,142762.20768432977,111205.31032790564
0.0006333784145939385,3207789.690094658,142604.2110989437,110815.35598913558
0.0006377709879028725,3171390.7345504337,142445.64764604953,110425.63678395859
0.0006421940243596352,3135420.5803113366,142286.51778069083,110036.15996467508
0.0006466477352306751,3099873.9610394826,142126.82198341461,109646.93276499932
0.0006511323332476107,3064745.677738395,141966.560760367,109257.9623996081
0.0006556480326173801,3030030.597863024,141805.73464338723,108869.25606369456
0.000660195049032484,2995723.654441618,141644.3441900982,108480.82093252197
0.000664773599681277,2961819.845209619,141482.38998399605,108092.66416098384
0.0006693839032583525,2928314.231755094,141319.87263453554,107704.79288316361
0.0006740261799749783,2895201.9386758665,141156.7927772144,107317.21421189976
0.000678700651569625,2862478.152747865,140993.1510736541,106929.93523835225
0.0006834075413185474,2830138.122104859,140828.9482116787,106542.96303157338
0.0006881470740464593,2798177.155429111,140664.18490539063,106156.3046380803
0.0006929194761372623,2766590.6211530985,140498.8618952444,105769.96708143213
0.0006977249755448676,2735373.946671871,140332.97994811673,105383.95736180866
0.0007025638018040808,2704522.6175661297,140166.53985737506,104998.28245559333
0.0007074361860415613,2674032.1768357717,139999.54244294265,104612.94931495961
0.0007123423609868716,2643898.2241436997,139831.98855136102,104227.96486745898
0.000717282560983583,2614116.415069948,139663.87905584986,103843.33601561454
0.0007222570220004796,2584682.460375733,139495.21485636377,103459.0696365156
0.0007272659816428183,2555592.125277561,139325.99687964667,103075.17258141765
0.0007323096791636897,2526841.228730976,139156.22607928287,102691.65167534415
0.0007373883554754342,2498425.6427241103,138985.90343574545,102308.51371669259
0.0007425022531611609,2470341.2915806,138815.02995644178,101925.76547684368
0.0007476516164863226,2442584.151272045,138643.6066757562,101543.41369977438
0.0007528366914103957,2415150.248739579,138471.6346550893,101161.4651016734
0.0007580577255986157,2388035.661224721,138299.1149828951,100779.92637056203
0.0007633149684338195,2361236.5156090977,138126.0487747138,100398.80416591611
0.0007686086710283449,2334748.987763188,137952.43717320345,100018.10511829438
0.0007739390862360369,2308569.3019037056,137778.28134816655,99637.83582896768
0.0007793064686643136,2282693.729959754,137603.58249657525,99258.00286955418
0.0007847110746863394,2257118.5909473863,137428.34184259223,98878.61278165609
0.0007901531624532583,2231840.2503527002,137252.56063758937,98499.67207650232
0.0007956329919065375,2206855.119523115,137076.24016016274,98121.18723459262
0.0008011508247903697,2182159.655066946,136899.38171614477,97743.16470534742
0.0008067069246641899,2157750.358260939,136721.98663861287,97365.61090675964
0.0008123015569152494,2133623.7744658864,136544.05628789554,96988.53222505217
0.0008179349887713068,2109776.492549972,136365.59205157438,96611.93501433732
0.0008236074893133776,2086205.1443199988,136186.5953444839,96235.82559628168
0.0008293193294886015,2062906.4039601232,136007.06760870697,95860.21025977316
0.0008350707821231693,2039876.9874782525,135827.01031356835,95485.09526059419
0.0008408621219353694,2017113.652159765,135646.42495562352,95110.4868210961
0.000846693625548695,1994613.196028671,135465.31305864558,94736.39112987986
0.0008525655715050714,1972372.457315902,135283.6761736078,94362.81434147892
0.0008584782402781463,1950388.3139348407,135101.5158786637,93989.76257604748
0.0008644319142867012,1928657.6829637848,134918.8337791231,93617.24191905122
0.0008704268779081262,1907177.5201354555,134735.63150742563,93245.25842096384
0.0008764634174920185,1885944.8193332516,134551.9107231099,92873.81809696545
0.0008825418213738444,1864956.6120943646,134367.67311278064,92502.92692664725
0.0008886623798887273,1844209.9671194456,134182.92039007106,92132.59085371815
0.0008948253853853002,1823701.9897889514,133997.65429560316,91762.81578571732
0.0009010311322396845,1803429.8216858718,133811.87659694368,91393.60759372915
0.0009072799168695367,1783390.6401249473,133625.58908855735,91024.97211210377
0.0009135720377482205,1763581.6576881,133438.79359175623,90656.91513818015
0.00091990779541905,1744000.1217661733,133251.4919546464,90289.44243201526
0.0009262874925096587,1724643.3141067259,133063.6860520703,89922.55971611507
0.0009327114337464405,1705508.5503679556,132875.37778554668,89556.27267517196
0.0009391799259691191,1686593.1796785183,132686.56908320615,89190.58695580413
0.0009456932781453903,1667894.5842033117,132497.2618997246,88825.50816630131
0.0009522518013856941,1649410.1787149864,132307.45821625166,88461.04187637253
0.0009588558089580595,1631137.410171275,132117.1600403375,88097.19361690029
0.0009655056163030842,1613073.757297879,131926.3694058544,87733.96887969642
0.0009722015410489838,1595216.7301770262,131735.08837291697,87371.3731172651
