a,H,c_s,integrand
9.722242661958017e-10,709714288590.0454,173085.1860035904,258014098174.4573
9.78966785775868e-10,709714288590.0454,173085.18744664436,254472255437.2176
9.857560657299183e-10,709714288590.0454,173085.1888600866,250979032674.5685
9.925924303480942e-10,709714288590.0454,173085.19024452483,247533762466.4824
9.994762061695257e-10,709714288590.0454,173085.19160055416,244135786554.74976
1.0064077219979437e-09,709714288590.0454,173085.1912881118,240784453434.8515
1.0133873089173783e-09,709714288590.0454,173085.19083705547,237479124988.864
1.0204153003079881e-09,709714288590.0454,173085.19038287105,234219169883.88895
1.0274920318619609e-09,709714288590.0454,173085.18992553678,231003965265.04022
1.0346178415995632e-09,709714288590.0454,173085.1894650308,227832896827.5653
1.0417930698852785e-09,709714288590.0454,173085.1890013312,224705358699.47824
1.0490180594440807e-09,709714288590.0454,173085.1885344157,221620753325.79276
1.05629315537778e-09,709714288590.0454,173085.18806426215,218578491354.36337
1.0636187051815227e-09,709714288590.0454,173085.187590848,215577991523.2746
1.0709950587603818e-09,709714288590.0454,173085.18711415067,212618680549.7875
1.0784225684460862e-09,709714288590.0454,173085.18663414737,209699993020.80002
1.085901589013825e-09,709714288590.0454,173085.18615081513,206821371284.8279
1.09343247769921e-09,709714288590.0454,173085.185664131,203982265345.4521
1.1010155942153308e-09,709714288590.0454,173085.18517407158,201182132756.2377
1.1086513007699543e-09,709714288590.0454,173085.18468061357,198420438517.08685
1.1163399620827979e-09,709714288590.0454,173085.18418373333,195696654972.03012
1.124081945402969e-09,709714288590.0454,173085.18368340714,193010261708.40472
1.1318776205264984e-09,709714288590.0454,173085.18317961114,190360745457.4261
1.1397273598140196e-09,709714288590.0454,173085.18267232127,187747599996.1158
1.1476315382085298e-09,709714288590.0454,173085.18216151325,185170326050.59033
1.1555905332533152e-09,709714288590.0454,173085.1816471627,182628431200.66266
1.1636047251099766e-09,709714288590.0454,173085.1811292451,180121429785.76212
1.171674496576606e-09,709714288590.0454,173085.18060773562,177648842812.13696
1.179800233106043e-09,709714288590.0454,173085.1800826094,175210197861.34583
1.1879823228243036e-09,709714288590.0454,173085.1795538414,172805028999.9903
1.1962211565491117e-09,709714288590.0454,173085.17902140628,170432876690.69516
1.204517127808584e-09,709714288590.0454,173085.17848527865,168093287704.30298
1.2128706328599988e-09,709714288590.0454,173085.17794543292,165785815033.28708
1.2212820707087419e-09,709714288590.0454,173085.17740184328,163510017806.33972
1.2297518431273562e-09,709714288590.0454,173085.17685448375,161265461204.14087
1.2382803546747514e-09,709714288590.0454,173085.17630332822,159051716376.27548
1.2468680127154986e-09,709714288590.0454,173085.17574835036,156868360359.3039
1.2555152274393074e-09,709714288590.0454,173085.17518952364,154714975995.94452
1.264222411880609e-09,709714288590.0454,173085.1746268214,152591151855.373
1.272989981938305e-09,709714288590.0454,173085.1740602167,150496482154.60846
1.2818183563956018e-09,709714288590.0454,173085.17348968255,148430566680.99115
1.2907079569400354e-09,709714288590.0454,173085.17291519162,146393010715.71173
1.2996592081836014e-09,709714288590.0454,173085.17233671655,144383424958.39792
1.3086725376830594e-09,709714288590.0454,173085.1717542297,142401425452.72882
1.3177483759603216e-09,709714288590.0454,173085.1711677032,140446633513.08292
1.3268871565230397e-09,709714288590.0454,173085.17057710906,138518675652.18015
1.3360893158852992e-09,709714288590.0454,173085.1699824191,136617183509.72552
1.3453552935884928e-09,709714288590.0454,173085.16938360484,134741793782.02394
1.3546855322222808e-09,709714288590.0454,173085.16878063773,132892148152.57422
1.3640804774457488e-09,709714288590.0454,173085.16817348896,131067893223.60425
1.3735405780087106e-09,709714288590.0454,173085.16756212953,129268680448.54694
1.3830662857731105e-09,709714288590.0454,173085.16694653025,127494166065.45256
1.3926580557346273e-09,709714288590.0454,173085.16632666168,125744011031.30452
1.4023163460443973e-09,709714288590.0454,173085.16570249424,124017880957.24286
1.41204161803092e-09,709714288590.0454,173085.16507399816,122315446044.67136
1.4218343362220582e-09,709714288590.0454,173085.1644411433,120636381022.25133
1.4316949683672522e-09,709714288590.0454,173085.16380389957,118980365083.75037
1.4416239854598461e-09,709714288590.0454,173085.16316223642,117347081826.75063
1.4516218617596121e-09,709714288590.0454,173085.16251612324,115736219192.19193
1.4616890748153653e-09,709714288590.0454,173085.16186552923,114147469404.75528
1.4718261054877994e-09,709714288590.0454,173085.16121042322,112580528914.05426
1.4820334379724419e-09,709714288590.0454,173085.160550774,111035098336.64018
1.492311559822807e-09,709714288590.0454,173085.15988655,109510882398.79729
1.5026609619736457e-09,709714288590.0454,173085.15921771948,108007589880.13268
1.5130821387644214e-09,709714288590.0454,173085.15854425056,106524933557.93138
1.5235755879629081e-09,709714288590.0454,173085.15786611105,105062630152.28056
1.5341418107889922e-09,709714288590.0454,173085.15718326854,103620400271.94203
1.5447813119385755e-09,709714288590.0454,173085.15649569043,102197968360.97624
1.5554945996077075e-09,709714288590.0454,173085.1558033439,100795062646.09036
1.5662821855168456e-09,709714288590.0454,173085.1551061958,99411415084.71451
1.5771445849353247e-09,709714288590.0454,173085.15440421292,98046761313.78539
1.5880823167059285e-09,709714288590.0454,173085.15369736167,96700840599.24156
1.5990959032697001e-09,709714288590.0454,173085.15298560832,95373395786.20354
1.6101858706908815e-09,709714288590.0454,173085.15226891884,94064173249.84283
1.6213527486820679e-09,709714288590.0454,173085.15154725907,92772922846.92076
1.632597070629471e-09,709714288590.0454,173085.15082059446,91499397867.99985
1.6439193736184205e-09,709714288590.0454,173085.15008889034,90243354990.30423
1.6553201984590067e-09,709714288590.0454,173085.14935211177,89004554231.23103
1.6668000897119383e-09,709714288590.0454,173085.14861022346,87782758902.49574
1.678359595714513e-09,709714288590.0454,173085.14786319016,86577735564.9148
1.6899992686068351e-09,709714288590.0454,173085.14711097602,85389253983.80072
1.7017196643581768e-09,709714288590.0454,173085.1463535452,84217087084.97456
1.7135213427935596e-09,709714288590.0454,173085.14559086147,83061010911.37779
1.7254048676204541e-09,709714288590.0454,173085.14482288843,81920804580.28671
1.7373708064557326e-09,709714288590.0454,173085.1440495894,80796250241.1073
1.749419730852768e-09,709714288590.0454,173085.14327092745,79687133033.75331
1.7615522163287615e-09,709714288590.0454,173085.14248686537,78593241047.59225
1.7737688423921906e-09,709714288590.0454,173085.1416973657,77514365280.96101
1.786070192570517e-09,709714288590.0454,173085.14090239076,76450299601.23088
1.7984568544380443e-09,709714288590.0454,173085.14010190254,75400840705.42465
1.8109294196440137e-09,709714288590.0454,173085.13929586284,74365788081.37064
1.8234884839408195e-09,709714288590.0454,173085.13848423318,73344943969.39595
1.8361346472124942e-09,709714288590.0454,173085.1376669747,72338113324.53966
1.8488685135033481e-09,709714288590.0454,173085.13684404845,71345103779.28818
1.861690691046851e-09,709714288590.0454,173085.1360154151,70365725606.81885
1.874601792294639e-09,709714288590.0454,173085.13518103506,69399791684.75365
1.887602433945792e-09,709714288590.0454,173085.13434086848,68447117459.405426
1.900693236976311e-09,709714288590.0454,173085.13349487525,67507520910.51499
1.9138748266687364e-09,709714288590.0454,173085.13264301495,66580822516.47721
1.927147832642042e-09,709714288590.0454,173085.13178524686,65666845220.03896
1.9405128888817045e-09,709714288590.0454,173085.13092153,64765414394.470634
1.9539706337699742e-09,709714288590.0454,173085.13005182322,63876357810.20225
1.9675217101164015e-09,709714288590.0454,173085.12917608488,62999505601.91455
1.9811667651884926e-09,709714288590.0454,173085.12829427316,62134690236.087364
1.9949064507426504e-09,709714288590.0454,173085.12740634597,61281746478.988655
2.008741423055329e-09,709714288590.0454,173085.1265122609,60440511365.10311
2.022672342954332e-09,709714288590.0454,173085.12561197524,59610824165.99853
2.036699875850411e-09,709714288590.0454,173085.12470544595,58792526359.61464
2.0508246917690318e-09,709714288590.0454,173085.12379262975,57985461599.97646
2.0650474653824104e-09,709714288590.0454,173085.12287348308,57189475687.320724
2.0793688760416905e-09,709714288590.0454,173085.12194796198,56404416538.63669
2.093789607809424e-09,709714288590.0454,173085.12101602228,55630134158.60716
2.1083103494922313e-09,709714288590.0454,173085.12007761947,54866480610.9507
2.122931794673733e-09,709714288590.0454,173085.1191327087,54113309990.15494
2.1376546417476307e-09,709714288590.0454,173085.11818124485,53370478393.60217
2.152479593951097e-09,709714288590.0454,173085.1172231825,52637843894.073204
2.1674073593983513e-09,709714288590.0454,173085.1162584758,51915266512.631165
2.1824386511145156e-09,709714288590.0454,173085.11528707878,51202608191.87523
2.197574187069622e-09,709714288590.0454,173085.114308945,50499732769.56549
2.2128146902129377e-09,709714288590.0454,173085.11332402768,49806505952.60587
2.2281608885074836e-09,709714288590.0454,173085.11233227988,49122795291.38649
2.2436135149648385e-09,709714288590.0454,173085.11133365415,48448470154.47597
2.2591733076800978e-09,709714288590.0454,173085.11032810286,47783401703.66511
2.2748410098671653e-09,709714288590.0454,173085.1093155779,47127462869.34905
2.2906173698942344e-09,709714288590.0454,173085.10829603096,46480528326.24996
2.306503141319571e-09,709714288590.0454,173085.10726941333,45842474469.47047
2.3224990829274503e-09,709714288590.0454,173085.10623567598,45213179390.879745
2.33860595876444e-09,709714288590.0454,173085.10519476954,44592522855.819885
2.354824538175874e-09,709714288590.0454,173085.1041466442,43980386280.13435
2.3711555958426384e-09,709714288590.0454,173085.10309125006,43376652707.509605
2.387599911818118e-09,709714288590.0454,173085.1020285366,42781206787.13119
2.4041582715654935e-09,709714288590.0454,173085.10095845308,42193934751.64317
2.420831465995239e-09,709714288590.0454,173085.0998809484,41614724395.412224
2.437620291502939e-09,709714288590.0454,173085.09879597108,41043465053.08788
2.454525550007272e-09,709714288590.0454,173085.09770346928,40480047578.460625
2.47154804898835e-09,709714288590.0454,173085.09660339088,39924364323.60686
2.4886886015262686e-09,709714288590.0454,173085.0954956833,39376309118.32199
2.5059480263399865e-09,709714288590.0454,173085.09438029357,38835777249.83408
2.5233271478263693e-09,709714288590.0454,173085.09325716848,38302665442.79908
2.5408267960996056e-09,709714288590.0454,173085.0921262544,37776871839.567535
2.558447807030841e-09,709714288590.0454,173085.09098749727,37258295980.72397
2.5761910222881416e-09,709714288590.0454,173085.0898408427,36746838785.891716
2.5940572893766348e-09,709714288590.0454,173085.08868623595,36242402534.804245
2.6120474616790337e-09,709714288590.0454,173085.08752362189,35744890848.63315
2.630162398496375e-09,709714288590.0454,173085.0863529449,35254208671.57448
2.6484029650891084e-09,709714288590.0454,173085.08517414914,34770262252.68597
2.666770032718361e-09,709714288590.0454,173085.08398717825,34292959127.97645
2.685264478687596e-09,709714288590.0454,173085.0827919756,33822208102.738377
2.7038871863844956e-09,709714288590.0454,173085.08158848406,33357919234.124413
2.7226390453231987e-09,709714288590.0454,173085.08037664616,32900003813.961746
2.7415209511867243e-09,709714288590.0454,173085.07915640398,32448374351.804855
2.7605338058697863e-09,709714288590.0454,173085.0779276993,32002944558.218567
2.779678517521906e-09,709714288590.0454,173085.0766904734,31563629328.2906
2.798956000590721e-09,709714288590.0454,173085.07544466713,31130344725.372856
2.818367175865713e-09,709714288590.0454,173085.0741902211,30703007965.04313
2.8379129705221615e-09,709714288590.0454,173085.07292707526,30281537399.288704
2.8575943181654797e-09,709714288590.0454,173085.0716551694,29865852500.90547
2.8774121588757387e-09,709714288590.0454,173085.0703744427,29455873848.113693
2.8973674392526155e-09,709714288590.0454,173085.069084834,29051523109.382477
2.9174611124605846e-09,709714288590.0454,173085.0677862817,28652723028.464092
2.9376941382744924e-09,709714288590.0454,173085.06647872375,28259397409.632236
2.9580674831253322e-09,709714288590.0454,173085.06516209774,27871471103.125313
2.9785821201464505e-09,709714288590.0454,173085.0638363408,27488869990.787193
2.999239029220006e-09,709714288590.0454,173085.06250138953,27111520971.906475
3.0200391970238224e-09,709714288590.0454,173085.06115718017,26739351949.248806
3.0409836170784435e-09,709714288590.0454,173085.0598036486,26372291815.28316
3.0620732897946383e-09,709714288590.0454,173085.05844073012,26010270438.594948
3.08330922252116e-09,709714288590.0454,173085.05706835963,25653218650.48697
3.1046924295929132e-09,709714288590.0454,173085.05568647158,25301068231.763042
3.1262239323793266e-09,709714288590.0454,173085.05429499995,24953751899.69518
3.1479047593331915e-09,709714288590.0454,173085.0528938783,24611203295.16748
3.169735946039758e-09,709714288590.0454,173085.05148303972,24273356969.997852
3.1917185352662533e-09,709714288590.0454,173085.05006241673,23940148374.432495
3.21385357701161e-09,709714288590.0454,173085.0486319416,23611513844.814137
3.2361421285566738e-09,709714288590.0454,173085.04719154595,23287390591.417385
3.2585852545146754e-09,709714288590.0454,173085.04574116095,22967716686.452473
3.281184026882136e-09,709714288590.0454,173085.04428071738,22652431052.232376
3.303939525089993e-09,709714288590.0454,173085.04281014545,22341473449.504295
3.3268528360552098e-09,709714288590.0454,173085.04132937492,22034784465.93947
3.3499250542326674e-09,709714288590.0454,173085.03983833507,21732305504.782036
3.373157281667494e-09,709714288590.0454,173085.03833695466,21433978773.652752
3.396550628047624e-09,709714288590.0454,173085.036825162,21139747273.50803
3.4201062107568557e-09,709714288590.0454,173085.03530288488,20849554787.74891
3.4438251549281963e-09,709714288590.0454,173085.03377005056,20563345871.4805
3.4677085934976587e-09,709714288590.0454,173085.0322265859,20281065840.91789
3.491757667258294e-09,709714288590.0454,173085.03067241705,20002660762.939106
3.515973524914735e-09,709714288590.0454,173085.02910746992,19728077444.779903
3.540357323138039e-09,709714288590.0454,173085.02753166965,19457263423.87089
3.564910226620991e-09,709714288590.0454,173085.02594494104,19190166957.813316
3.58963340813365e-09,709714288590.0454,173085.02434720827,18926737014.493984
3.6145280485794097e-09,709714288590.0454,173085.02273839503,18666923262.33444
3.6395953370514473e-09,709714288590.0454,173085.02111842445,18410676060.67405
3.6648364708894348e-09,709714288590.0454,173085.01948721922,18157946450.28648
3.690252655736786e-09,709714288590.0454,173085.01784470136,17908686144.024765
3.7158451055982317e-09,709714288590.0454,173085.01619079246,17662847517.59565
3.74161504289779e-09,709714288590.0454,173085.01452541348,17420383600.46049
3.767563698537216e-09,709714288590.0454,173085.0128484849,17181248066.860416
3.793692311954707e-09,709714288590.0454,173085.01115992665,16945395226.966022
3.820002131184147e-09,709714288590.0454,173085.00945965803,16712780018.147366
3.8464944129147665e-09,709714288590.0454,173085.00774759785,16483357996.36377
3.873170422551077e-09,709714288590.0454,173085.00602366435,16257085327.673061
3.90003143427337e-09,709714288590.0454,173085.00428777514,16033918779.856031
3.927078731098557e-09,709714288590.0454,173085.0025398473,15813815714.156574
3.9543136049415034e-09,709714288590.0454,173085.0007797974,15596734077.134619
3.9817373566766515e-09,709714288590.0454,173084.9990075414,15382632392.631973
4.009351296200217e-09,709714288590.0454,173084.99722299454,15171469753.847317
4.0371567424927225e-09,709714288590.0454,173084.99542607163,14963205815.520689
4.065155023682067e-09,709714288590.0454,173084.9936166869,14757800786.224562
4.093347477106862e-09,709714288590.0454,173084.99179475385,14555215420.761892
4.12173544938038e-09,709714288590.0454,173084.98996018546,14355411012.66737
4.150320296454838e-09,709714288590.0454,173084.98811289415,14158349386.812305
4.1791033836862336e-09,709714288590.0454,173084.98625279168,13963992892.110327
4.20808608589946e-09,709714288590.0454,173084.98437978915,13772304394.324364
4.2372697874540434e-09,709714288590.0454,173084.98249379714,13583247268.971252
4.266655882310229e-09,709714288590.0454,173084.98059472555,13396785394.324368
4.296245774095637e-09,709714288590.0454,173084.9786824837,13212883144.511696
4.326040876172201e-09,709714288590.0454,173084.9767569802,13031505382.70973
4.356042611703748e-09,709714288590.0454,173084.97481812316,12852617454.429697
4.386252413723936e-09,709714288590.0454,173084.97286581987,12676185180.896597
4.416671725204782e-09,709714288590.0454,173084.9708999772,12502174852.518532
4.447301999125471e-09,709714288590.0454,173084.96892050115,12330553222.44666
4.478144698541834e-09,709714288590.0454,173084.96692729715,12161287500.222582
4.509201296656193e-09,709714288590.0454,173084.96492027014,11994345345.513512
4.540473276887801e-09,709714288590.0454,173084.96289932416,11829694861.932854
4.5719621329435886e-09,709714288590.0454,173084.96086436266,11667304590.946604
4.603669368889586e-09,709714288590.0454,173084.95881528847,11507143505.8624
4.635596499222722e-09,709714288590.0454,173084.95675200375,11349181005.901697
4.667745048943246e-09,709714288590.0454,173084.9546744099,11193386910.352716
4.700116553627453e-09,709714288590.0454,173084.9525824077,11039731452.804613
4.732712559501107e-09,709714288590.0454,173084.95047589723,10888185275.45986
4.765534623513255e-09,709714288590.0454,173084.9483547779,10738719423.525267
4.798584313410679e-09,709714288590.0454,173084.94621894837,10591305339.679432
4.831863207812657e-09,709714288590.0454,173084.9440683066,10445914858.617065
4.865372896286445e-09,709714288590.0454,173084.9419027499,10302520201.667297
4.899114979423166e-09,709714288590.0454,173084.93972217484,10161093971.486372
4.933091068914337e-09,709714288590.0454,173084.9375264772,10021609146.822735
4.967302787628737e-09,709714288590.0454,173084.93531555223,9884039077.354786
5.001751769690001e-09,709714288590.0454,173084.9330892942,9748357478.598644
5.036439660554632e-09,709714288590.0454,173084.93084759687,9614538426.88637
5.071368117090681e-09,709714288590.0454,173084.92859035308,9482556354.412579
5.106538807656762e-09,709714288590.0454,173084.9263174551,9352386044.349897
5.141953412181825e-09,709714288590.0454,173084.92402879428,9224002626.030632
5.177613622245355e-09,709714288590.0454,173084.92172426137,9097381570.195093
5.2135211411582565e-09,709714288590.0454,173084.9194037463,8972498684.304663
5.249677684044083e-09,709714288590.0454,173084.91706713816,8849330107.919964
5.2860849779210224e-09,709714288590.0454,173084.91471432542,8727852308.141808
5.32274476178446e-09,709714288590.0454,173084.91234519568,8608042075.11471
5.359658786689901e-09,709714288590.0454,173084.90995963576,8489876517.592808
5.396828815836709e-09,709714288590.0454,173084.9075575317,8373333058.565906
5.43425662465229e-09,709714288590.0454,173084.90513876884,8258389430.945938
5.471944000876884e-09,709714288590.0454,173084.90270323158,8145023673.312625
5.509892744649041e-09,709714288590.0454,173084.9002508036,8033214125.717194
5.548104668591475e-09,709714288590.0454,173084.8977813678,7922939425.544401
5.5865815978976994e-09,709714288590.0454,173084.89529480616,7814178503.430723
5.625325370419294e-09,709714288590.0454,173084.892791,7706910579.238595
5.664337836753534e-09,709714288590.0454,173084.89026982966,7601115158.086508
5.703620860331891e-09,709714288590.0454,173084.88773117476,7496772026.432945
5.7431763175089855e-09,709714288590.0454,173084.885174914,7393861248.21444
5.783006097652303e-09,709714288590.0454,173084.8826009253,7292363161.036342
5.823112103232306e-09,709714288590.0454,173084.88000908575,7192258372.416394
5.8634962499133945e-09,709714288590.0454,173084.87739927153,7093527756.079337
5.9041604666453606e-09,709714288590.0454,173084.87477135795,6996152448.3027115
5.945106695755623e-09,709714288590.0454,173084.87212521958,6900113844.31248
5.986336893041856e-09,709714288590.0454,173084.8694607299,6805393594.728691
6.027853027865504e-09,709714288590.0454,173084.86677776175,6711973602.059389
6.069657083245804e-09,709714288590.0454,173084.86407618693,6619836017.242955
6.111751055954597e-09,709714288590.0454,173084.86135587643,6528963236.237619
6.154136956611561e-09,709714288590.0454,173084.85861670028,6439337896.658307
6.196816809780342e-09,709714288590.0454,173084.8558585277,6350942874.459132
6.239792654065213e-09,709714288590.0454,173084.8530812269,6263761280.661728
6.283066542208543e-09,709714288590.0454,173084.8502846652,6177776458.128203
6.326640541188701e-09,709714288590.0454,173084.84746870914,6092971978.378895
6.370516732318881e-09,709714288590.0454,173084.84463322413,6009331638.453289
6.414697211346467e-09,709714288590.0454,173084.8417780747,5926839457.814358
6.459184088553243e-09,709714288590.0454,173084.83890312456,5845479675.295074
6.503979488856028e-09,709714288590.0454,173084.83600823637,5765236746.087344
6.5490855519082846e-09,709714288590.0454,173084.83309327182,5686095338.771772
6.594504432202259e-09,709714288590.0454,173084.83015809173,5608040332.388512
6.640238299172005e-09,709714288590.0454,173084.8272025559,5531056813.548026
6.686289337296841e-09,709714288590.0454,173084.8242265231,5455130073.581972
6.7326597462058e-09,709714288590.0454,173084.82122985125,5380245605.732754
6.779351740782643e-09,709714288590.0454,173084.81821239722,5306389102.3819065
6.826367551271761e-09,709714288590.0454,173084.8151740168,5233546452.316272
6.873709423384537e-09,709714288590.0454,173084.81211456493,5161703738.03215
6.921379618406724e-09,709714288590.0454,173084.8090338955,5090847233.076001
6.969380413306399e-09,709714288590.0454,173084.80593186134,5020963399.421923
7.017714100842834e-09,709714288590.0454,173084.80280831424,4952038884.884878
7.066382989675846e-09,709714288590.0454,173084.7996631051,4884060520.569845
7.115389404476175e-09,709714288590.0454,173084.79649608364,4817015318.355564
7.164735686036469e-09,709714288590.0454,173084.79330709856,4750890468.413081
7.21442419138321e-09,709714288590.0454,173084.79009599757,4685673336.758114
7.264457293889116e-09,709714288590.0454,173084.7868626273,4621351462.83741
7.314837383386604e-09,709714288590.0454,173084.7836068333,4557912557.147871
7.365566866282017e-09,709714288590.0454,173084.78032846013,4495344498.888394
7.416648165670395e-09,709714288590.0454,173084.7770273511,4433635333.644263
7.468083721451332e-09,709714288590.0454,173084.77370334856,4372773271.102952
7.519875990445489e-09,709714288590.0454,173084.7703562938,4312746682.801489
7.572027446511911e-09,709714288590.0454,173084.7669860269,4253544099.9047127
7.624540580666314e-09,709714288590.0454,173084.7635923869,4195154211.0138874
7.677417901199886e-09,709714288590.0454,173084.7601752117,4137565860.0057154
7.730661933799187e-09,709714288590.0454,173084.7567343381,4080768043.9007196
7.784275221666882e-09,709714288590.0454,173084.75326960176,4024749910.76089
7.83826032564303e-09,709714288590.0454,173084.74978083713,3969500757.6164784
7.892619824327524e-09,709714288590.0454,173084.7462678776,3915010028.4209476
7.947356314203203e-09,709714288590.0454,173084.74273055544,3861267312.034148
8.002472409759995e-09,709714288590.0454,173084.7391687016,3808262340.2330327
8.057970743619602e-09,709714288590.0454,173084.73558214604,3755984985.749969
8.113853966661388e-09,709714288590.0454,173084.73197071737,3704425260.337666
8.17012474814892e-09,709714288590.0454,173084.72833424315,3653573312.8608685
8.226785775857607e-09,709714288590.0454,173084.72467254967,3603419427.4140425
8.283839756202878e-09,709714288590.0454,173084.72098546205,3553954021.465223
8.341289414369588e-09,709714288590.0454,173084.71727280415,3505167644.025022
8.39913749444212e-09,709714288590.0454,173084.71353439864,3457050973.840964
8.45738675953559e-09,709714288590.0454,173084.70977006704,3409594817.616428
8.51603999192763e-09,709714288590.0454,173084.70597962945,3362790108.2543235
8.575099993191408e-09,709714288590.0454,173084.70216290487,3316627903.124602
8.634569584329385e-09,709714288590.0454,173084.698319711,3271099382.355702
8.694451605908202e-09,709714288590.0454,173084.69444986424,3226195847.1492987
8.75474891819414e-09,709714288590.0454,173084.6905531798,3181908718.1184573
8.815464401289888e-09,709714288590.0454,173084.68662947154,3138229533.64832
8.87660095527204e-09,709714288590.0454,173084.68267855205,3095149948.279463
8.938161500329763e-09,709714288590.0454,173084.67870023262,3052661731.1132894
9.000148976904053e-09,709714288590.0454,173084.67469432327,3010756764.2395754
9.062566345828341e-09,709714288590.0454,173084.67066063258,2969427041.1853247
9.125416588469841e-09,709714288590.0454,173084.66659896792,2928664665.3850985
9.188702706872104e-09,709714288590.0454,173084.66250913535,2888461848.6721697
9.25242772389818e-09,709714288590.0454,173084.65839093944,2848810909.7906485
9.31659468337517e-09,709714288590.0454,173084.65424418353,2809704272.92778
9.38120665023952e-09,709714288590.0454,173084.65006866958,2771134466.266548
9.446266710683588e-09,709714288590.0454,173084.6458641981,2733094120.5579863
9.511777972302813e-09,709714288590.0454,173084.64163056828,2695575967.7133417
9.577743564244311e-09,709714288590.0454,173084.63736757796,2658572839.415317
9.64416663735626e-09,709714288590.0454,173084.63307502348,2622077665.748518
9.711050364338548e-09,709714288590.0454,173084.6287526998,2586083473.84858
9.7783979398941e-09,709714288590.0454,173084.62440040053,2550583386.5700326
9.846212580881612e-09,709714288590.0454,173084.62001791768,2515570621.17226
9.914497526469134e-09,709714288590.0454,173084.61560504208,2481038488.023612
9.983256038288953e-09,709714288590.0454,173084.61116156282,2446980389.3231807
1.0052491400593129e-08,709714288590.0454,173084.60668726775,2413389817.840339
1.0122206920410524e-08,709714288590.0454,173084.6021819431,2380260355.6713753
1.0192405927704778e-08,709714288590.0454,173084.59764537372,2347585673.013264
1.0263091775533321e-08,709714288590.0454,173084.59307734293,2315359526.954303
1.0334267840207492e-08,709714288590.0454,173084.58847763253,2283575760.28134
1.0405937521453851e-08,709714288590.0454,173084.58384602284,2252228300.3033476
1.0478104242576605e-08,709714288590.0454,173084.57918229257,2221311157.691135
1.0550771450621092e-08,709714288590.0454,173084.57448621906,2190818425.333035
1.0623942616538371e-08,709714288590.0454,173084.569757578,2160744277.206293
1.0697621235351062e-08,709714288590.0454,173084.56499614345,2131082967.2639172
1.0771810826320333e-08,709714288590.0454,173084.56020168806,2101828828.3368022
1.0846514933113948e-08,709714288590.0454,173084.55537398282,2072976271.0509682
1.0921737123975488e-08,709714288590.0454,173084.5505127971,2044519782.7596571
1.0997480991894836e-08,709714288590.0454,173084.5456178988,2016453926.490054
1.1073750154779834e-08,709714288590.0454,173084.54068905406,1988773339.9044712
1.1150548255629056e-08,709714288590.0454,173084.53572602748,1961472734.275822
1.1227878962705739e-08,709714288590.0454,173084.530728582,1934546893.4771686
1.1305745969713165e-08,709714288590.0454,173084.5256964789,1907990672.98506
1.1384152995970901e-08,709714288590.0454,173084.5206294779,1881798998.8966696
1.1463103786592646e-08,709714288590.0454,173084.51552733695,1855966866.9602997
1.154260211266492e-08,709714288590.0454,173084.51038981232,1830489341.6193194
1.1622651771427379e-08,709714288590.0454,173084.50521665867,1805361555.0691054
1.1703256586454014e-08,709714288590.0454,173084.50000762893,1780578706.327044
1.1784420407835956e-08,709714288590.0454,173084.49476247423,1756136060.3151872
1.1866147112365198e-08,709714288590.0454,173084.4894809441,1732028946.955614
1.1948440603719956e-08,709714288590.0454,173084.48416278625,1708252760.2780974
1.2031304812650935e-08,709714288590.0454,173084.4788077467,1684802957.540132
1.211474369716928e-08,709714288590.0454,173084.47341556964,1661675058.3589308
1.2198761242735432e-08,709714288590.0454,173084.4679859976,1638864643.8554475
1.2283361462449689e-08,709714288590.0454,173084.46251877112,1616367355.8100398
1.2368548397243697e-08,709714288590.0454,173084.45701362914,1594178895.8298318
1.2454326116073663e-08,709714288590.0454,173084.45147030873,1572295024.5273983
1.2540698716114505e-08,709714288590.0454,173084.4458885451,1550711560.7108312
1.2627670322955766e-08,709714288590.0454,173084.4402680717,1529424380.5848162
1.2715245090798455e-08,709714288590.0454,173084.43460861998,1508429416.9627824
1.2803427202653687e-08,709714288590.0454,173084.4289099197,1487722658.4897673
1.289222087054228e-08,709714288590.0454,173084.42317169867,1467300148.8760443
1.298163033569614e-08,709714288590.0454,173084.41739368276,1447157986.1411762
1.3071659868760644e-08,709714288590.0454,173084.4115755961,1427292321.8685427
1.3162313769998832e-08,709714288590.0454,173084.4057171607,1407699360.4700022
1.3253596369496604e-08,709714288590.0454,173084.3998180968,1388375358.4607465
1.3345512027369726e-08,709714288590.0454,173084.39387812262,1369316623.7440197
1.3438065133972013e-08,709714288590.0454,173084.38789695446,1350519514.9057152
1.3531260110104983e-08,709714288590.0454,173084.38187430662,1331980440.5186486
1.362510140722907e-08,709714288590.0454,173084.37580989147,1313695858.456359
1.3719593507676293e-08,709714288590.0454,173084.36970341933,1295662275.2163324
1.3814740924864323e-08,709714288590.0454,173084.36355459856,1277876245.2525332
1.3910548203511985e-08,709714288590.0454,173084.3573631355,1260334370.317103
1.400701991985641e-08,709714288590.0454,173084.35112873436,1243033298.811068
1.4104160681871665e-08,709714288590.0454,173084.3448510974,1225969725.1439693
1.4201975129488804e-08,709714288590.0454,173084.33852992483,1209140389.1022947
1.4300467934817434e-08,709714288590.0454,173084.33216491464,1192542075.2265856
1.4399643802368933e-08,709714288590.0454,173084.3257557629,1176171612.1970747
1.4499507469281223e-08,709714288590.0454,173084.31930216344,1160025872.2277532
1.4600063705544984e-08,709714288590.0454,173084.31280380805,1144101770.4687803
1.4701317314231425e-08,709714288590.0454,173084.30626038634,1128396264.4170933
1.4803273131721769e-08,709714288590.0454,173084.2996715858,1112906353.3350885
1.490593602793832e-08,709714288590.0454,173084.29303709164,1097629077.6772854
1.5009310906577023e-08,709714288590.0454,173084.28635658714,1082561518.524876
1.5113402705341604e-08,709714288590.0454,173084.27962975306,1067700797.0280409
1.5218216396179515e-08,709714288590.0454,173084.27285626825,1053044073.8558964
1.5323756985519456e-08,709714288590.0454,173084.26603580907,1038588548.653997
1.543002951451045e-08,709714288590.0454,173084.2591680498,1024331459.5093051
1.5537039059262582e-08,709714288590.0454,173084.25225266247,1010270082.4224968
1.5644790731089504e-08,709714288590.0454,173084.2452893167,996401730.7875016
1.575328967675266e-08,709714288590.0454,173084.23827767995,982723754.8781838
1.5862541078707043e-08,709714288590.0454,173084.2312174173,969233541.342089
1.597255015534864e-08,709714288590.0454,173084.22410819159,955928512.7011405
1.608332216126393e-08,709714288590.0454,173084.2169496632,942806126.859153
1.6194862387480588e-08,709714288590.0454,173084.2097414903,929863876.6161644
1.6307176161720485e-08,709714288590.0454,173084.20248332855,917099289.1893742
1.6420268848653907e-08,709714288590.0454,173084.19517483126,904509925.7407155
1.6534145850156055e-08,709714288590.0454,173084.1878156494,892093380.9108571
1.6648812605564794e-08,709714288590.0454,173084.18040543146,879847282.3596585
1.676427459194075e-08,709714288590.0454,173084.17294382356,867769290.3128738
1.688053732432864e-08,709714288590.0454,173084.16543046926,855857097.115139
1.699760635602097e-08,709714288590.0454,173084.1578650097,844108426.7890365
1.7115487278823008e-08,709714288590.0454,173084.1502470836,832521034.6002707
1.7234185723320172e-08,709714288590.0454,173084.14257632702,821092706.6287534
1.735370735914668e-08,709714288590.0454,173084.13485237365,809821259.3456354
1.747405789525665e-08,709714288590.0454,173084.12707485456,798704539.1960891
1.7595243080196498e-08,709714288590.0454,173084.1192433983,787740422.187871
1.7717268702379802e-08,709714288590.0454,173084.1113576308,776926813.485481
1.7840140590363516e-08,709714288590.0454,173084.1034171754,766261647.009942
1.796386461312663e-08,709714288590.0454,173084.0954216529,755742885.0440271
1.808844668035024e-08,709714288590.0454,173084.08737068134,745368517.8429503
1.82138927427001e-08,709714288590.0454,173084.07926387628,735136563.2503575
1.8340208792110568e-08,709714288590.0454,173084.07110085044,725045066.3196322
1.8467400862071108e-08,709714288590.0454,173084.062881214,715092098.9403571
1.859547502791417e-08,709714288590.0454,173084.05460457434,705275759.4699477
1.8724437407105693e-08,709714288590.0454,173084.0462705361,695594172.3702952
1.8854294159537e-08,709714288590.0454,173084.03787870135,686045487.8494449
1.8985051487819288e-08,709714288590.0454,173084.0294286692,676627881.5081512
1.911671563757978e-08,709714288590.0454,173084.02092003607,667339553.9913114
1.9249292897759977e-08,709714288590.0454,173084.01235239557,658178730.644181
1.9382789600916117e-08,709714288590.0454,173084.0037253385,649143661.1732998
1.9517212123521743e-08,709714288590.0454,173083.9950384528,640232619.3120693
1.9652566886272183e-08,709714288590.0454,173083.9862913236,631443902.4909348
1.9788860354391158e-08,709714288590.0454,173083.97748353306,622775831.5120925
1.9926099037939682e-08,709714288590.0454,173083.9686146606,614226750.228653
2.0064289492127082e-08,709714288590.0454,173083.95968428254,605795025.2282076
2.0203438317624034e-08,709714288590.0454,173083.9506919724,597479045.5207515
2.0343552160877775e-08,709714288590.0454,173083.94163730062,589277222.2308862
2.0484637714429626e-08,709714288590.0454,173083.93251983484,581187988.2942431
2.0626701717234767e-08,709714288590.0454,173083.92333913952,573209798.1580684
2.0769750954984027e-08,709714288590.0454,173083.9140947762,565341127.4859333
2.0913792260427924e-08,709714288590.0454,173083.9047863033,557580472.8664932
2.1058832513703122e-08,709714288590.0454,173083.89541327633,549926351.5262388
2.120487864266113e-08,709714288590.0454,173083.88597524754,542377301.0461876
2.1351937623199145e-08,709714288590.0454,173083.87647176618,534931879.0824769
2.1500016479593147e-08,709714288590.0454,173083.86690237833,527588663.09078914
2.1649122284833526e-08,709714288590.0454,173083.857266627,520346250.0545523
2.179926216096299e-08,709714288590.0454,173083.84756405192,513203256.2168724
2.195044327941667e-08,709714288590.0454,173083.83779418966,506158316.81615376
2.2102672861364537e-08,709714288590.0454,173083.82795657363,499210085.8253498
2.225595817805662e-08,709714288590.0454,173083.818050734,492357235.694774
2.2410306551169965e-08,709714288590.0454,173083.8080761976,485598457.09847075
2.2565725353158724e-08,709714288590.0454,173083.79803248806,478932458.6840358
2.272222200760592e-08,709714288590.0454,173083.7879191257,472357966.8259042
2.2879803989578425e-08,709714288590.0454,173083.7777356274,465873725.38199073
2.3038478825983604e-08,709714288590.0454,173083.7674815069,459478495.45370597
2.3198254095929246e-08,709714288590.0454,173083.75715627437,453171055.1492316
2.3359137431085178e-08,709714288590.0454,173083.74675943668,446950199.3500795
2.3521136516048185e-08,709714288590.0454,173083.73629049724,440814739.4808227
2.3684259088708677e-08,709714288590.0454,173083.72574895612,434763503.2820188
2.3848512940620682e-08,709714288590.0454,173083.71513430978,428795334.58621955
2.4013905917373606e-08,709714288590.0454,173083.70444605127,422909093.09708554
2.4180445918967387e-08,709714288590.0454,173083.6936836701,417103654.17150444
2.4348140900189432e-08,709714288590.0454,173083.68284665226,411377908.60472685
2.4516998870994983e-08,709714288590.0454,173083.67193448014,405730762.41842586
2.468702789688931e-08,709714288590.0454,173083.66094663256,400161136.65169156
2.4858236099313355e-08,709714288590.0454,173083.64988258475,394667967.15486985
2.503063165603126e-08,709714288590.0454,173083.63874180827,389250204.38625526
2.5204222801521374e-08,709714288590.0454,173083.62752377102,383906813.2115505
2.5379017827369184e-08,709714288590.0454,173083.61622793722,378636772.7061032
2.555502508266374e-08,709714288590.0454,173083.6048537674,373439075.95983434
2.573225297439607e-08,709714288590.0454,173083.59340071827,368312729.8848657
2.5910709967861138e-08,709714288590.0454,173083.5818682428,363256755.0257675
2.609040458706177e-08,709714288590.0454,173083.57025579028,358270185.37243253
2.6271345415116185e-08,709714288590.0454,173083.55856280605,353352068.17549706
2.645354109466779e-08,709714288590.0454,173083.5467887316,348501463.764311
2.663700032829791e-08,709714288590.0454,173083.53493300464,343717445.3674052
2.6821731878941552e-08,709714288590.0454,173083.52299505888,338999098.93541586
2.7007744570306093e-08,709714288590.0454,173083.51097432425,334345522.9664432
2.7195047287292633e-08,709714288590.0454,173083.49887022653,329755828.3338088
2.738364897642026e-08,709714288590.0454,173083.48668218768,325229138.1161813
2.7573558646253515e-08,709714288590.0454,173083.47440962557,320764587.43002576
2.7764785367832764e-08,709714288590.0454,173083.46205195406,316361323.2643544
2.79573382751074e-08,709714288590.0454,173083.44960858292,312018504.31775105
2.8151226565371987e-08,709714288590.0454,173083.4370789179,307735300.83763236
2.83464594997057e-08,709714288590.0454,173083.4244623605,303510894.4617102
2.8543046403414778e-08,709714288590.0454,173083.41175830824,299344478.0616314
2.8740996666477854e-08,709714288590.0454,173083.3989661543,295235255.5887676
2.8940319743994333e-08,709714288590.0454,173083.3860852877,291182441.9221232
2.9141025156636136e-08,709714288590.0454,173083.3731150933,287185262.71832514
2.934312249110258e-08,709714288590.0454,173083.36005495166,283242954.26367277
2.9546621400578158e-08,709714288590.0454,173083.34690423895,279354763.3282231
2.9751531605193523e-08,709714288590.0454,173083.33366232718,275519947.021879
2.995786289248986e-08,709714288590.0454,173083.3203285838,271737772.65244836
3.016562511788654e-08,709714288590.0454,173083.30690237207,268007517.58565176
3.037482820515173e-08,709714288590.0454,173083.2933830507,264328469.1070565
3.0585482146876255e-08,709714288590.0454,173083.27976997403,260699924.28590575
3.0797597004951076e-08,709714288590.0454,173083.26606249192,257121189.8408122
3.101118291104796e-08,709714288590.0454,173083.2522599497,253591582.00729617
3.1226250067103344e-08,709714288590.0454,173083.23836168813,250110426.40714583
3.144280874580539e-08,709714288590.0454,173083.2243670434,246677057.9195719
3.166086929108515e-08,709714288590.0454,173083.21027534717,243290820.55412054
3.1880442118610116e-08,709714288590.0454,173083.19608592644,239951067.3253467
3.2101537716282235e-08,709714288590.0454,173083.18179810347,236657160.12919074
3.232416664473835e-08,709714288590.0454,173083.1674111959,233408469.621069
3.2548339537855155e-08,709714288590.0454,173083.15292451662,230204375.09562168
3.277406710325658e-08,709714288590.0454,173083.13833737376,227044264.36812693
3.30013601228258e-08,709714288590.0454,173083.12364907062,223927533.65752754
3.323022945321967e-08,709714288590.0454,173083.10885890573,220853587.47107854
3.3460686026387846e-08,709714288590.0454,173083.09396617263,217821838.49056354
3.369274085009441e-08,709714288590.0454,173083.0789701601,214831707.4600872
3.392640500844417e-08,709714288590.0454,173083.06387015196,211882623.07539433
3.416168966241161e-08,709714288590.0454,173083.04866542702,208974021.8747216
3.4398606050374475e-08,709714288590.0454,173083.0333552591,206105348.13113427
3.463716548865007e-08,709714288590.0454,173083.017938917,203276053.7463545
3.487737937203629e-08,709714288590.0454,173083.0024156644,200485598.14603356
3.5119259174355404e-08,709714288590.0454,173082.98678476003,197733448.1764747
3.5362816449002595e-08,709714288590.0454,173082.97104545726,195019078.002761
3.560806282949728e-08,709714288590.0454,173082.95519700443,192341969.00829443
3.5855010030039344e-08,709714288590.0454,173082.9392386446,189701609.69570124
3.61036698460681e-08,709714288590.0454,173082.92316961568,187097495.58911023
3.635405415482628e-08,709714288590.0454,173082.9069891502,184529129.13775983
3.660617491592675e-08,709714288590.0454,173082.89069647528,181996019.62094134
3.6860044171924376e-08,709714288590.0454,173082.87429081296,179497683.05423403
3.7115674048890624e-08,709714288590.0454,173082.85777137964,177033642.09703994
3.7373076756993296e-08,709714288590.0454,173082.8411373864,174603425.9613769
3.76322645910795e-08,709714288590.0454,173082.82438803875,172206570.32193065
3.789324993126283e-08,709714288590.0454,173082.8075225368,169842617.22734088
3.815604524351473e-08,709714288590.0454,173082.79054007513,167511115.0127027
3.8420663080260235e-08,709714288590.0454,173082.77343984257,165211618.21326867
3.868711608097727e-08,709714288590.0454,173082.75622102252,162943687.47933877
3.895541697280026e-08,709714288590.0454,173082.73888279253,160706889.49231827
3.9225578571128205e-08,709714288590.0454,173082.72142432464,158500796.8819256
3.949761378023696e-08,709714288590.0454,173082.70384478502,156324988.14453614
3.9771535593895445e-08,709714288590.0454,173082.6861433341,154179047.56265032
4.004735709598614e-08,709714288590.0454,173082.6683191265,152062565.12546667
4.032509146113017e-08,709714288590.0454,173082.6503713109,149975136.45054275
4.06047519553168e-08,709714288590.0454,173082.6322990302,147916362.70653155
4.088635193653689e-08,709714288590.0454,173082.61410142126,145885850.5369811
4.11699048554208e-08,709714288590.0454,173082.595777615,143883211.98517963
4.145542425588097e-08,709714288590.0454,173082.57732673633,141908064.4200307
4.1742923775759086e-08,709714288590.0454,173082.55874790403,139960030.4629452
4.203241714747728e-08,709714288590.0454,173082.5400402308,138038737.91573966
4.23239181986939e-08,709714288590.0454,173082.52120282318,136143819.68952438
4.261744085296414e-08,709714288590.0454,173082.5022347816,134274913.73456526
4.291299913040532e-08,709714288590.0454,173082.48313520016,132431662.97110805
4.3210607148366324e-08,709714288590.0454,173082.46390316662,130613715.2211555
4.35102791221017e-08,709714288590.0454,173082.44453776258,128820723.1411806
4.381202936545125e-08,709714288590.0454,173082.42503806314,127052344.15575841
4.4115872291523013e-08,709714288590.0454,173082.4054031371,125308240.392117
4.442182241338244e-08,709714288590.0454,173082.38563204664,123588078.61557834
4.472989434474488e-08,709714288590.0454,173082.36572384756,121891530.1658938
4.504010280067433e-08,709714288590.0454,173082.34567758915,120218270.8944453
4.5352462598285566e-08,709714288590.0454,173082.32549231398,118567981.10231663
4.566698865745264e-08,709714288590.0454,173082.30516705808,116940345.47920704
4.5983696001520754e-08,709714288590.0454,173082.28470085075,115335053.04319088
4.6302599758024636e-08,709714288590.0454,173082.26409271453,113751797.08129695
4.662371515941031e-08,709714288590.0454,173082.24334166534,112190275.09091087
4.694705754376348e-08,709714288590.0454,173082.222446712,110650188.72197413
4.727264235554134e-08,709714288590.0454,173082.20140685677,109131243.71998467
4.760048514631109e-08,709714288590.0454,173082.18022109472,107633149.86977154
4.7930601575491975e-08,709714288590.0454,173082.15888841418,106155620.94004992
4.8263007411104006e-08,709714288590.0454,173082.13740779628,104698374.62872879
4.859771853052038e-08,709714288590.0454,173082.11577821517,103261132.50897749
4.893475092122661e-08,709714288590.0454,173082.09399863792,101843619.97602516
4.927412068158342e-08,709714288590.0454,173082.0720680244,100445566.19469722
4.9615844021596424e-08,709714288590.0454,173082.0499853272,99066704.04766577
4.9959937263689657e-08,709714288590.0454,173082.02774949177,97706770.08441664
5.030641684348598e-08,709714288590.0454,173082.00535945618,96365504.47091049
5.065529931059133e-08,709714288590.0454,173081.98281415115,95042650.93994154
5.100660132938603e-08,709714288590.0454,173081.9601125,93737956.7421712
5.136033967981994e-08,709714288590.0454,173081.93725341852,92451172.59784025
5.1716531258214664e-08,709714288590.0454,173081.91423581511,91182052.64913817
5.2075193078070325e-08,709714288590.0454,173081.89105859047,89930354.4132298
5.243634227087797e-08,709714288590.0454,173081.86772063776,88695838.7359269
5.279999608693809e-08,709714288590.0454,173081.84422084238,87478269.74599369
5.316617189618475e-08,709714288590.0454,173081.82055808214,86277414.81008026
5.353488718901515e-08,709714288590.0454,173081.79673122693,85093044.48827532
5.39061595771247e-08,709714288590.0454,173081.7727391389,83924932.49026991
5.4280006794348585e-08,709714288590.0454,173081.74858067228,82772855.63212076
5.465644669750896e-08,709714288590.0454,173081.7242546733,81636593.79360746
5.503549726726771e-08,709714288590.0454,173081.69975998026,80515929.87617657
5.5417176608985053e-08,709714288590.0454,173081.67509542342,79410649.76146273
5.580150295358455e-08,709714288590.0454,173081.65025982485,78320542.2703779
5.6188494658424166e-08,709714288590.0454,173081.62525199854,77245399.12276235
5.6578170208172866e-08,709714288590.0454,173081.6000707502,76185014.89759062
5.69705482156933e-08,709714288590.0454,173081.57471487726,75139186.99372397
5.73656474229311e-08,709714288590.0454,173081.54918316883,74107715.5912001
5.776348670181028e-08,709714288590.0454,173081.52347440567,73090403.61305445
5.816408505513447e-08,709714288590.0454,173081.49758735995,72087056.68766674
5.856746161749431e-08,709714288590.0454,173081.4715207955,71097483.11162437
5.897363565618168e-08,709714288590.0454,173081.44527346743,70121493.8130944
5.9382626572110236e-08,709714288590.0454,173081.4188441223,69158902.31569843
5.979445390074181e-08,709714288590.0454,173081.39223149797,68209524.70288451
6.020913731301937e-08,709714288590.0454,173081.36543432358,67273179.58278807
6.062669661630677e-08,709714288590.0454,173081.33845131937,66349688.05357397
6.104715175533509e-08,709714288590.0454,173081.31128119677,65438873.669254825
6.147052281315512e-08,709714288590.0454,173081.28392265827,64540562.405978955
6.18968300120962e-08,709714288590.0454,173081.25637439732,63654582.62878176
6.232609371473305e-08,709714288590.0454,173081.22863509844,62780765.05879103
6.27583344248573e-08,709714288590.0454,173081.20070343683,61918942.74088588
6.3193572788458e-08,709714288590.0454,173081.17257807872,61068951.01179595
6.363182959470664e-08,709714288590.0454,173081.14425768086,60230627.46864222
6.407312577695123e-08,709714288590.0454,173081.11574089093,59403811.937906094
6.451748241371512e-08,709714288590.0454,173081.08702634706,58588346.44482803
6.496492072970491e-08,709714288590.0454,173081.05811267803,57784075.18322251
6.541546209682312e-08,709714288590.0454,173081.02899850305,56990844.485711165
6.586912803519015e-08,709714288590.0454,173080.99968243178,56208502.79436084
6.632594021417108e-08,709714288590.0454,173080.97016306422,55436900.63172829
6.678592045341176e-08,709714288590.0454,173080.94043899077,54675890.57229888
6.724909072388005e-08,709714288590.0454,173080.91050879195,53925327.21432066
6.771547314891623e-08,709714288590.0454,173080.8803710384,53185067.15202187
6.818509000528868e-08,709714288590.0454,173080.85002429096,52454968.94821318
6.865796372425905e-08,709714288590.0454,173080.81946710052,51734893.10726252
6.913411689265253e-08,709714288590.0454,173080.78869800776,51024702.04844432
6.961357225393788e-08,709714288590.0454,173080.75771554332,50324260.079651326
7.009635270931264e-08,709714288590.0454,173080.7265182277,49633433.37147051
7.058248131879808e-08,709714288590.0454,173080.69510457115,48952089.93161171
7.107198130233961e-08,709714288590.0454,173080.66347307348,48280099.579690166
7.15648760409168e-08,709714288590.0454,173080.63162222423,47617333.922352776
7.206118907765984e-08,709714288590.0454,173080.59955050235,46963666.32874726
7.256094411897366e-08,709714288590.0454,173080.56725637635,46318971.90632833
7.306416503567066e-08,709714288590.0454,173080.53473830406,45683127.47699471
7.35708758641112e-08,709714288590.0454,173080.50199473262,45056011.55355415
7.408110080735129e-08,709714288590.0454,173080.46902409842,44437504.31651217
7.459486423629849e-08,709714288590.0454,173080.43582482703,43827487.5911792
7.511219069087618e-08,709714288590.0454,173080.40239533308,43225844.82509155
7.56331048811961e-08,709714288590.0454,173080.36873402022,42632461.06574212
7.615763168873822e-08,709714288590.0454,173080.33483928096,42047222.938617684
7.668579616753902e-08,709714288590.0454,173080.30070949678,41470018.62553751
7.72176235453884e-08,709714288590.0454,173080.2663430379,40900737.84328871
7.775313922503505e-08,709714288590.0454,173080.2317382632,40339271.82255491
7.82923687853995e-08,709714288590.0454,173080.19689352025,39785513.287134774
7.883533798279558e-08,709714288590.0454,173080.16180714508,39239356.43344585
7.938207275216097e-08,709714288590.0454,173080.1264774622,38700696.91030905
7.993259920829629e-08,709714288590.0454,173080.09090278466,38169431.799010806
8.04869436471122e-08,709714288590.0454,173080.0550814136,37645459.59363932
8.10451325468851e-08,709714288590.0454,173080.01901163848,37128680.18169092
8.160719256952212e-08,709714288590.0454,173079.98269173692,36618994.82494193
8.217315056183504e-08,709714288590.0454,173079.9461199745,36116306.14058318
8.274303355682226e-08,709714288590.0454,173079.90929460496,35620518.08261407
8.331686877495967e-08,709714288590.0454,173079.87221386976,35131535.92349202
8.389468362550123e-08,709714288590.0454,173079.83487599823,34649266.23603322
8.447650570778849e-08,709714288590.0454,173079.79727920744,34173616.87556194
8.50623628125685e-08,709714288590.0454,173079.75942170207,33704496.9623053
8.565228292332078e-08,709714288590.0454,173079.72130167438,33241816.864030022
8.624629421759509e-08,709714288590.0454,173079.68291730408,32785488.17891602
8.684442506835602e-08,709714288590.0454,173079.64426675832,32335423.71866714
8.744670404533957e-08,709714288590.0454,173079.60534819146,31891537.4918517
8.805315991641639e-08,709714288590.0454,173079.56615974504,31453744.687473696
8.866382164896728e-08,709714288590.0454,173079.52669954786,31021961.658767622
8.927871841126542e-08,709714288590.0454,173079.48696571557,30596105.907217577
8.989787957387103e-08,709714288590.0454,173079.44695635096,30176096.066793967
9.052133471103278e-08,709714288590.0454,173079.4066695435,29761851.88840832
9.114911360210189e-08,709714288590.0454,173079.36610336945,29353294.224579807
9.178124623295302e-08,709714288590.0454,173079.32525589183,28950345.014313996
9.241776279741815e-08,709714288590.0454,173079.28412516008,28552927.268187303
9.305869369872712e-08,709714288590.0454,173079.24270921023,28160965.05363818
9.370406955096149e-08,709714288590.0454,173079.20100606463,27774383.48045821
9.435392118051527e-08,709714288590.0454,173079.15901373205,27393108.686484322
9.500827962756881e-08,709714288590.0454,173079.11673020726,27017067.823485523
9.566717614756998e-08,709714288590.0454,173079.07415347124,26646189.04324522
9.633064221272858e-08,709714288590.0454,173079.03128149104,26280401.4838328
9.699870951351809e-08,709714288590.0454,173078.98811221946,25919635.25606535
9.76714099601909e-08,709714288590.0454,173078.94464359517,25563821.43015365
9.834877568430094e-08,709714288590.0454,173078.90087354268,25212892.022533026
9.903083904023984e-08,709714288590.0454,173078.8567999719,24866779.982873477
9.971763260678176e-08,709714288590.0454,173078.81242077838,24525419.18126914
1.0040918918863905e-07,709714288590.0454,173078.7677338431,24188744.395603567
1.0110554181802963e-07,709714288590.0454,173078.72273703222,23856691.2990879
1.0180672375625518e-07,709714288590.0454,173078.6774281973,23529196.447970275
1.0251276849528939e-07,709714288590.0454,173078.63180517475,23206197.269414213
1.0322370975937741e-07,709714288590.0454,173078.5858657863,22887632.049543492
1.0393958150664699e-07,709714288590.0454,173078.53960783826,22573439.92165067
1.0466041793073098e-07,709714288590.0454,173078.493029122,22263560.85456756
1.0538625346240012e-07,709714288590.0454,173078.44612741345,21957935.64119566
1.0611712277120726e-07,709714288590.0454,173078.39890047308,21656505.887194034
1.0685306076714374e-07,709714288590.0454,173078.35134604594,21359213.999822125
1.0759410260230728e-07,709714288590.0454,173078.30346186142,21066003.17693577
1.0834028367258065e-07,709714288590.0454,173078.25524563313,20776817.39613453
1.0909163961932185e-07,709714288590.0454,173078.20669505882,20491601.40405808
1.0984820633106698e-07,709714288590.0454,173078.1578078204,20210300.705829173
1.1061001994524496e-07,709714288590.0454,173078.10858158354,19932861.554641448
1.1137711684990311e-07,709714288590.0454,173078.0590139979,19659230.94149065
1.121495336854448e-07,709714288590.0454,173078.0091026967,19389356.585046653
1.1292730734638005e-07,709714288590.0454,173077.95884529687,19123186.921664312
1.1371047498308821e-07,709714288590.0454,173077.90823939873,18860671.09553137
1.144990740035921e-07,709714288590.0454,173077.85728258605,18601758.94895195
1.1529314207534417e-07,709714288590.0454,173077.80597242576,18346401.01276342
1.1609271712702631e-07,709714288590.0454,173077.754306468,18094548.49688451
1.168978373503619e-07,709714288590.0454,173077.70228224594,17846153.28099318
1.1770854120193958e-07,709714288590.0454,173077.64989727558,17601167.90533272
1.1852486740504966e-07,709714288590.0454,173077.5971490557,17359545.561644137
1.1934685495153425e-07,709714288590.0454,173077.54403506784,17121240.08422262
1.2017454310365014e-07,709714288590.0454,173077.49055277603,16886205.941096853
1.2100797139594364e-07,709714288590.0454,173077.43669962662,16654398.225329703
1.218471796371386e-07,709714288590.0454,173077.38247304846,16425772.646438248
1.2269220791203826e-07,709714288590.0454,173077.32787045243,16200285.521931391
1.2354309658344038e-07,709714288590.0454,173077.2728892315,15977893.768963575
1.2439988629406473e-07,709714288590.0454,173077.21752676056,15758554.89610342
1.2526261796849386e-07,709714288590.0454,173077.16178039642,15542226.995215278
1.261313328151284e-07,709714288590.0454,173077.10564747735,15328868.733451976
1.270060723281559e-07,709714288590.0454,173077.04912532333,15118439.345357524
1.2788687828953213e-07,709714288590.0454,173076.99221123577,14910898.6250785
1.2877379277097656e-07,709714288590.0454,173076.93490249728,14706206.91868224
1.2966685813598188e-07,709714288590.0454,173076.87719637173,14504325.116580423
1.3056611704183957e-07,709714288590.0454,173076.8190901039,14305214.646056212
1.3147161244167413e-07,709714288590.0454,173076.76058091965,14108837.463895164
1.3238338758649663e-07,709714288590.0454,173076.70166602547,13915156.049116142
1.333014860272708e-07,709714288590.0454,173076.64234260857,13724133.395802388
1.3422595161699286e-07,709714288590.0454,173076.58260783658,13535733.006031148
1.351568285127855e-07,709714288590.0454,173076.5224588576,13349918.88290039
1.3609416117800752e-07,709714288590.0454,173076.46189279982,13166655.523651002
1.3703799438437838e-07,709714288590.0454,173076.40090677177,12985907.912883408
1.37988373214116e-07,709714288590.0454,173076.33949786166,12807641.515867507
1.3894534306208964e-07,709714288590.0454,173076.2776631377,12631822.271944478
1.3990894963798867e-07,709714288590.0454,173076.2153996477,12458416.588018926
1.4087923896850654e-07,709714288590.0454,173076.1527044191,12287391.33214037
1.418562573995387e-07,709714288590.0454,173076.08957445857,12118713.82717303
1.4284005159839556e-07,709714288590.0454,173076.02600675225,11952351.844552571
1.4383066855603237e-07,709714288590.0454,173075.96199826518,11788273.598128242
1.4482815558929417e-07,709714288590.0454,173075.89754594152,11626447.738089662
1.4583256034317537e-07,709714288590.0454,173075.83264670422,11466843.34497709
1.4684393079309481e-07,709714288590.0454,173075.76729745482,11309429.923773969
1.478623152471881e-07,709714288590.0454,173075.70149507344,11154177.398080314
1.4888776234861543e-07,709714288590.0454,173075.6352364187,11001056.104366163
1.499203210778846e-07,709714288590.0454,173075.56851832714,10850036.786304018
1.5096004075518986e-07,709714288590.0454,173075.50133761374,10701090.589179156
1.5200697104276838e-07,709714288590.0454,173075.43369107114,10554189.054376425
1.5306116194727284e-07,709714288590.0454,173075.36557546988,10409304.113942789
1.541226638221595e-07,709714288590.0454,173075.2969875581,10266408.085224641
1.5519152737009282e-07,709714288590.0454,173075.22792406133,10125473.66557874
1.5626780364536756e-07,709714288590.0454,173075.1583816825,9986473.927155608
1.5735154405634834e-07,709714288590.0454,173075.0883571017,9849382.31175451
1.584428003679244e-07,709714288590.0454,173075.01784697588,9714172.625749223
1.5954162470398158e-07,709714288590.0454,173074.94684793893,9580819.035083493
1.606480695498925e-07,709714288590.0454,173074.87535660143,9449296.060335007
1.6176218775502432e-07,709714288590.0454,173074.80336955044,9319578.571847124
1.6288403253526246e-07,709714288590.0454,173074.73088334932,9191641.784927586
1.6401365747555167e-07,709714288590.0454,173074.65789453764,9065461.255113162
1.6515111653245628e-07,709714288590.0454,173074.584399631,8941012.873499116
1.6629646403673808e-07,709714288590.0454,173074.51039512095,8818272.862132806
1.6744975469595074e-07,709714288590.0454,173074.43587747446,8697217.769470656
1.6861104359705227e-07,709714288590.0454,173074.36084313435,8577824.465897502
1.6978038620903685e-07,709714288590.0454,173074.28528851856,8460070.139307292
1.7095783838558513e-07,709714288590.0454,173074.20921002026,8343932.2907444425
1.721434563677313e-07,709714288590.0454,173074.13260400767,8229388.730105198
1.733372967865488e-07,709714288590.0454,173074.0554668238,8116417.571897964
1.7453941666585588e-07,709714288590.0454,173073.97779478627,8004997.231061727
1.7574987342494021e-07,709714288590.0454,173073.89958418737,7895106.41884188
1.7696872488130078e-07,709714288590.0454,173073.82083129347,7786724.138722758
1.7819602925340872e-07,709714288590.0454,173073.74153234516,7679829.682416058
1.794318451634889e-07,709714288590.0454,173073.66168355703,7574402.625904164
1.8067623164032082e-07,709714288590.0454,173073.58128111737,7470422.825537799
1.8192924812205725e-07,709714288590.0454,173073.5003211881,7367870.414187371
1.8319095445906232e-07,709714288590.0454,173073.41879990447,7266725.797447177
1.844614109167724e-07,709714288590.0454,173073.33671337506,7166969.649891453
1.857406781785736e-07,709714288590.0454,173073.25405768136,7068582.911382068
1.870288173486996e-07,709714288590.0454,173073.17082887786,6971546.783426886
1.88325889955151e-07,709714288590.0454,173073.08702299156,6875842.725588006
1.8963195795263492e-07,709714288590.0454,173073.00263602202,6781452.451939291
1.9094708372552367e-07,709714288590.0454,173072.91766394104,6688357.9275726555
1.9227133009083358e-07,709714288590.0454,173072.8321026925,6596541.365152308
1.9360476030122638e-07,709714288590.0454,173072.74594819229,6505985.221516181
1.9494743804803112e-07,709714288590.0454,173072.65919632776,6416672.194324004
1.9629942746428572e-07,709714288590.0454,173072.57184295802,6328585.218751529
1.976607931277994e-07,709714288590.0454,173072.48388391334,6241707.464230106
1.990316000642381e-07,709714288590.0454,173072.39531499514,6156022.3312309105
2.0041191375023117e-07,709714288590.0454,173072.30613197573,6071513.448093338
2.0180180011649817e-07,709714288590.0454,173072.21633059817,5988164.66789702
2.0320132555099714e-07,709714288590.0454,173072.12590657594,5905960.065376778
2.0461055690209642e-07,709714288590.0454,173072.03485559294,5824883.9338798495
2.0602956148176857e-07,709714288590.0454,173071.94317330304,5744920.782364846
2.0745840706880467e-07,709714288590.0454,173071.85085533006,5666055.332442037
2.0889716191205095e-07,709714288590.0454,173071.75789726753,5588272.515454253
2.103458947336695e-07,709714288590.0454,173071.66429467834,5511557.469597757
2.1180467473242165e-07,709714288590.0454,173071.5700430948,5435895.537082651
2.1327357158697238e-07,709714288590.0454,173071.47513801814,5361272.261332347
2.1475265545921778e-07,709714288590.0454,173071.3795749184,5287673.384221482
2.1624199699763704e-07,709714288590.0454,173071.28334923435,5215084.843351665
2.177416673406679e-07,709714288590.0454,173071.18645637308,5143492.769364614
2.1925173812010373e-07,709714288590.0454,173071.08889170983,5072883.4832922695
2.2077228146451417e-07,709714288590.0454,173070.99065058795,5003243.493943286
2.2230337000269118e-07,709714288590.0454,173070.8917283183,4934559.495325294
2.2384507686711905e-07,709714288590.0454,173070.79212017942,4866818.364102584
2.2539747569746675e-07,709714288590.0454,173070.69182141707,4800007.157088737
2.2696064064410427e-07,709714288590.0454,173070.59082724413,4734113.108773707
2.2853464637164557e-07,709714288590.0454,173070.48913284027,4669123.628884731
2.3011956806251555e-07,709714288590.0454,173070.38673335177,4605026.299980761
2.317154814205405e-07,709714288590.0454,173070.28362389127,4541808.875079969
2.3332246267456307e-07,709714288590.0454,173070.17979953752,4479459.275319829
2.349405885820841e-07,709714288590.0454,173070.0752553353,4417965.587649253
2.3656993643293017e-07,709714288590.0454,173069.96998629498,4357316.062552387
2.3821058405294423e-07,709714288590.0454,173069.86398739228,4297499.111803748
2.398626098077021e-07,709714288590.0454,173069.75725356827,4238503.306254161
2.4152609260625635e-07,709714288590.0454,173069.6497797289,4180317.3736470356
2.4320111190490665e-07,709714288590.0454,173069.54156074478,4122930.196464591
2.448877477109939e-07,709714288590.0454,173069.43259145107,4066330.8098037513
2.4658608058672067e-07,709714288590.0454,173069.3228666471,4010508.3992811725
2.482961916530006e-07,709714288590.0454,173069.21238109627,3955452.298966968
2.5001816259333357e-07,709714288590.0454,173069.1011295255,3901151.989346803
2.5175207565770697e-07,709714288590.0454,173068.98910662532,3847597.095312025
2.5349801366652237e-07,709714288590.0454,173068.87630704953,3794777.3841774063
2.552560600145547e-07,709714288590.0454,173068.7627254148,3742682.7637259397
2.57026298674934e-07,709714288590.0454,173068.64835630052,3691303.280280639
2.588088142031554e-07,709714288590.0454,173068.53319424856,3640629.116802769
2.6060369174111903e-07,709714288590.0454,173068.417233763,3590650.591016135
2.6241101702119765e-07,709714288590.0454,173068.30046930976,3541358.153557118
2.642308763703308e-07,709714288590.0454,173068.18289531645,3492742.386150163
2.6606335671414707e-07,709714288590.0454,173068.06450617223,3444793.999808316
2.6790854558111726e-07,709714288590.0454,173067.94529622718,3397503.833058395
2.6976653110673613e-07,709714288590.0454,173067.82525979241,3350862.8501905426
2.716374020377312e-07,709714288590.0454,173067.7043911395,3304862.1395318448
2.735212477363006e-07,709714288590.0454,173067.5826845004,3259492.911743664
2.754181581843825e-07,709714288590.0454,173067.46013406717,3214746.4981422825
2.773282239879545e-07,709714288590.0454,173067.33673399154,3170614.349042592
2.7925153638135983e-07,709714288590.0454,173067.21247838475,3127088.032124594
2.8118818723166444e-07,709714288590.0454,173067.08736131733,3084159.2308223057
2.8313826904304606e-07,709714288590.0454,173066.96137681865,3041819.7427347307
2.851018749612137e-07,709714288590.0454,173066.8345188768,3000061.4780586553
2.8707909877785567e-07,709714288590.0454,173066.7067814382,2958876.458042998
2.890700349351184e-07,709714288590.0454,173066.57815840724,2918256.8134643813
2.9107477853011874e-07,709714288590.0454,173066.44864364623,2878194.783123575
2.930934253194871e-07,709714288590.0454,173066.31823097495,2838682.712362594
2.951260717239406e-07,709714288590.0454,173066.1869141703,2799713.051602176
2.97172814832887e-07,709714288590.0454,173066.05468696618,2761278.3548993627
2.992337524090635e-07,709714288590.0454,173065.92154305303,2723371.278524815
3.013089828932077e-07,709714288590.0454,173065.78747607753,2685984.5795596666
3.0339860540875814e-07,709714288590.0454,173065.65247964248,2649111.1145116836
3.055027197665882e-07,709714288590.0454,173065.51654730635,2612743.8379504182
3.0762142646977414e-07,709714288590.0454,173065.3796725829,2576875.8011610596
3.097548267183975e-07,709714288590.0454,173065.2418489411,2541500.1508167526
3.119030224143772e-07,709714288590.0454,173065.10306980458,2506610.127669202
3.140661161663359e-07,709714288590.0454,173064.9633285515,2472199.065257233
3.1624421129450235e-07,709714288590.0454,173064.8226185141,2438260.3886330496
3.1843741183564757e-07,709714288590.0454,173064.68093297852,2404787.6131059784
3.206458225480532e-07,709714288590.0454,173064.5382651843,2371774.3430034886
3.228695489165136e-07,709714288590.0454,173064.39460832428,2339214.270449232
3.251086971573761e-07,709714288590.0454,173064.24995554407,2307101.174157805
3.2736337422361516e-07,709714288590.0454,173064.1042999419,2275428.9182460704
3.2963368780994026e-07,709714288590.0454,173063.95763456807,2244191.451060819
3.3191974635793823e-07,709714288590.0454,173063.8099524249,2213382.8040225394
3.342216590612544e-07,709714288590.0454,173063.66124646613,2182997.090485006
3.3653953587080967e-07,709714288590.0454,173063.5115095968,2153028.5046105413
3.388734875000507e-07,709714288590.0454,173063.36073467278,2123471.320260736
3.412236254302371e-07,709714288590.0454,173063.20891450046,2094319.8899024094
3.4359006191576764e-07,709714288590.0454,173063.05604183645,2065568.6435285432
3.4597290998954326e-07,709714288590.0454,173062.90210938713,2037212.0875940353
3.4837228346836487e-07,709714288590.0454,173062.74710980846,2009244.803966097
3.507882969583684e-07,709714288590.0454,173062.59103570555,1981661.4488890516
3.5322106586050033e-07,709714288590.0454,173062.4338796322,1954456.7519633155
3.556707063760313e-07,709714288590.0454,173062.27563409077,1927625.5151383958
3.5813733551210497e-07,709714288590.0454,173062.11629153165,1901162.6117197433
3.606210710873247e-07,709714288590.0454,173061.95584435292,1875062.9853892422
3.631220317373856e-07,709714288590.0454,173061.79428490013,1849321.6492390812
3.6564033692073893e-07,709714288590.0454,173061.63160546572,1823933.6848189544
3.6817610692429655e-07,709714288590.0454,173061.46779828885,1798894.2411963337
3.707294628691778e-07,709714288590.0454,173061.30285555485,1774198.534029609
3.733005267164967e-07,709714288590.0454,173061.1367693951,1749841.8446539561
3.7588942127318547e-07,709714288590.0454,173060.9695318863,1725819.51917978
3.784962701978592e-07,709714288590.0454,173060.80113505045,1702126.9676035347
3.811211980067238e-07,709714288590.0454,173060.63157085425,1678759.6629307198
3.837643300795252e-07,709714288590.0454,173060.4608312088,1655713.1403109154
3.8642579266553627e-07,709714288590.0454,173060.2889079692,1632982.9961847237
3.89105712889586e-07,709714288590.0454,173060.11579293408,1610564.8874424116
3.918042187581327e-07,709714288590.0454,173059.94147784548,1588454.5305940865
3.9452143916538027e-07,709714288590.0454,173059.76595438807,1566647.700951253
3.9725750389943283e-07,709714288590.0454,173059.5892141891,1545140.2318196397
4.0001254364849293e-07,709714288590.0454,173059.41124881775,1523928.0137031006
4.027866900071049e-07,709714288590.0454,173059.23204978486,1503006.9935184224
4.0558007548244256e-07,709714288590.0454,173059.05160854256,1482373.173820908
4.083928335006367e-07,709714288590.0454,173058.8699164838,1462022.6120406191
4.112250984131463e-07,709714288590.0454,173058.68696494185,1441951.4197290991
4.140770055031778e-07,709714288590.0454,173058.50274519008,1422155.7618164148
4.1694869099214843e-07,709714288590.0454,173058.3172484414,1402631.855878395
4.19840292046191e-07,709714288590.0454,173058.130465848,1383375.9714139567
4.227519467827043e-07,709714288590.0454,173057.94238850064,1364384.4291323437
4.256837942769517e-07,709714288590.0454,173057.75300742858,1345653.6002501326
4.286359745687059e-07,709714288590.0454,173057.56231359887,1327179.9057978862
4.3160862866893615e-07,709714288590.0454,173057.37029791612,1308959.8159363512
4.34601898566542e-07,709714288590.0454,173057.17695122192,1290989.8492820363
4.3761592723513716e-07,709714288590.0454,173056.9822642945,1273266.5722420302
4.406508586398802e-07,709714288590.0454,173056.78622784826,1255786.5983579515
4.4370683774434953e-07,709714288590.0454,173056.5888325333,1238546.587658925
4.4678401051746574e-07,709714288590.0454,173056.39006893506,1221543.2460234384
4.4988252394046534e-07,709714288590.0454,173056.18992757375,1204773.3245499404
4.530025260139236e-07,709714288590.0454,173055.98839890407,1188233.6189360772
4.561441657648216e-07,709714288590.0454,173055.78547331452,1171920.968866471
4.593075932536628e-07,709714288590.0454,173055.58114112722,1155832.2574089053
4.624929595816427e-07,709714288590.0454,173055.37539259717,1139964.4104187733
4.657004168978676e-07,709714288590.0454,173055.16821791203,1124314.3959517095
4.689301184066206e-07,709714288590.0454,173054.95960719153,1108879.2236842967
4.7218221837467744e-07,709714288590.0454,173054.74955048697,1093655.9443427278
4.7545687213867664e-07,709714288590.0454,173054.53803778093,1078641.6491392946
4.787542361125414e-07,709714288590.0454,173054.32505898646,1063833.4692166052
4.820744677949487e-07,709714288590.0454,173054.11060394702,1049228.5750994585
4.854177257768502e-07,709714288590.0454,173053.89466243563,1034824.176154233
4.887841697490495e-07,709714288590.0454,173053.6772241546,1020617.5200556864
4.921739605098314e-07,709714288590.0454,173053.458278735,1006605.8922610721
4.955872599726406e-07,709714288590.0454,173053.2378157361,992786.6154914921
4.99024231173813e-07,709714288590.0454,173053.01582464497,979157.0492203716
5.024850382803683e-07,709714288590.0454,173052.79229487584,965714.5891689222
5.059698465978491e-07,709714288590.0454,173052.5672157698,952456.6668085651
5.094788225782141e-07,709714288590.0454,173052.3405765942,939380.7488701824
5.130121338277915e-07,709714288590.0454,173052.112366542,926484.3368600847
5.16569949115286e-07,709714288590.0454,173051.88257473143,913764.9665826305
5.201524383798381e-07,709714288590.0454,173051.65119020556,901220.2076694102
5.237597727391402e-07,709714288590.0454,173051.41820193143,888847.6631148888
5.273921244976103e-07,709714288590.0454,173051.18359879992,876644.9688184187
5.310496671546259e-07,709714288590.0454,173050.94736962498,864609.7931325291
5.347325754128082e-07,709714288590.0454,173050.70950314315,852739.8364174366
5.384410251863649e-07,709714288590.0454,173050.46998801304,841032.8306016688
5.421751936094947e-07,709714288590.0454,173050.22881281486,829486.5387487075
5.459352590448507e-07,709714288590.0454,173049.98596604975,818098.7546295766
5.497214010920573e-07,709714288590.0454,173049.7414361393,806867.302301317
5.535338005962866e-07,709714288590.0454,173049.49521142506,795790.0356912419
5.573726396568993e-07,709714288590.0454,173049.24728016788,784864.8381868893
5.612381016361437e-07,709714288590.0454,173048.99763054738,774089.6222316033
5.651303711679133e-07,709714288590.0454,173048.74625066144,763462.328925678
5.690496341665622e-07,709714288590.0454,173048.4931285256,752980.9276329797
5.729960778357884e-07,709714288590.0454,173048.23825207248,742643.4155929525
5.769698906775774e-07,709714288590.0454,173047.9816091513,732447.8175379544
5.809712625012044e-07,709714288590.0454,173047.72318752712,722392.1853158548
5.850003844322973e-07,709714288590.0454,173047.4629748804,712474.5975178159
5.890574489219687e-07,709714288590.0454,173047.2009588065,702693.1591111695
5.931426497560109e-07,709714288590.0454,173046.9371268148,693046.0010773338
5.972561820641489e-07,709714288590.0454,173046.67146632838,683531.2800547148
6.013982423293596e-07,709714288590.0454,173046.40396468336,674147.1779865046
6.055690283972577e-07,709714288590.0454,173046.13460912817,664891.9017733096
6.097687394855496e-07,709714288590.0454,173045.86338682316,655763.6829305403
6.13997576193546e-07,709714288590.0454,173045.5902848398,646760.7772505224
6.18255740511741e-07,709714288590.0454,173045.31529016013,637881.4644692399
6.225434358314627e-07,709714288590.0454,173045.03838967622,629124.0479376464
6.268608669545907e-07,709714288590.0454,173044.75957018955,620486.8542974868
6.312082401033365e-07,709714288590.0454,173044.47881841008,611968.2331615781
6.355857629300901e-07,709714288590.0454,173044.1961209561,603566.5567984845
6.39993644527342e-07,709714288590.0454,173043.9114643533,595280.2198215033
6.444320954376727e-07,709714288590.0454,173043.6248350341,587107.6388819257
6.489013276638066e-07,709714288590.0454,173043.3362193372,579047.2523665174
6.53401554678736e-07,709714288590.0454,173043.0456035068,571097.52009915
6.579329914359198e-07,709714288590.0454,173042.75297369194,563256.9230465202
6.624958543795542e-07,709714288590.0454,173042.45831594593,555523.963027908
6.670903614549076e-07,709714288590.0454,173042.16161622567,547897.1624289296
6.717167321187287e-07,709714288590.0454,173041.86286039086,540375.0639192185
6.763751873497311e-07,709714288590.0454,173041.56203420355,532956.2301739736
6.810659496591516e-07,709714288590.0454,173041.25912332724,525639.2435993283
6.857892431013751e-07,709714288590.0454,173040.95411332638,518422.70606150286
6.905452932846346e-07,709714288590.0454,173040.6469896656,511305.23861966806
6.953343273817879e-07,709714288590.0454,173040.33773770896,504285.48126247444
7.001565741411788e-07,709714288590.0454,173040.02634271947,497362.09264818527
7.050122638975464e-07,709714288590.0454,173039.71278985814,490533.7498484139
7.09901628583037e-07,709714288590.0454,173039.39706418346,483799.1480953421
7.148249017382831e-07,709714288590.0454,173039.07915065053,477157.0005324193
7.197823185235566e-07,709714288590.0454,173038.7590341106,470606.0379684916
7.247741157299978e-07,709714288590.0454,173038.43669931008,464145.0086353037
7.298005317909287e-07,709714288590.0454,173038.11213089002,457772.6779483244
7.348618067932445e-07,709714288590.0454,173037.7853133852,451487.828270853
7.39958182488879e-07,709714288590.0454,173037.45623122354,445289.2586813736
7.450899023063483e-07,709714288590.0454,173037.12486872534,439175.78474410134
7.502572113623814e-07,709714288590.0454,173036.7912101026,433146.2382826722
7.554603564736314e-07,709714288590.0454,173036.45523945795,427199.4671569383
7.606995861684614e-07,709714288590.0454,173036.11694078444,421334.33504283614
7.659751506988124e-07,709714288590.0454,173035.7762979643,415549.7212152749
7.7128730205216e-07,709714288590.0454,173035.4332947684,409844.5203339985
7.766362939635533e-07,709714288590.0454,173035.08791485542,404217.6422323888
7.820223819277318e-07,709714288590.0454,173034.7401417712,398668.0117091723
7.874458232113254e-07,709714288590.0454,173034.38995894784,393194.56832298846
7.929068768651465e-07,709714288590.0454,173034.03734970282,387796.26618976943
7.984058037365667e-07,709714288590.0454,173033.68229723844,382472.0737829027
8.039428664819726e-07,709714288590.0454,173033.32478464095,377220.9737361431
8.095183295793086e-07,709714288590.0454,173032.96479487966,372041.96264922986
8.15132459340713e-07,709714288590.0454,173032.60231080616,366934.05089616607
8.207855239252416e-07,709714288590.0454,173032.23731515367,361896.26243612997
8.264777933516728e-07,709714288590.0454,173031.86979053603,356927.6346269881
8.322095395114023e-07,709714288590.0454,173031.49971944687,352027.21804136824
8.379810361814328e-07,709714288590.0454,173031.12708425903,347194.07628525153
8.437925590374545e-07,709714288590.0454,173030.75186722344,342427.2858190542
8.496443856670096e-07,709714288590.0454,173030.3740504684,337725.9357811722
8.555367955827476e-07,709714288590.0454,173029.99361599883,333089.1278139473
8.614700702357795e-07,709714288590.0454,173029.61054569518,328515.9758920167
8.674444930291253e-07,709714288590.0454,173029.2248213129,324005.6061530194
8.734603493312469e-07,709714288590.0454,173028.8364244813,319557.15673063137
8.795179264896753e-07,709714288590.0454,173028.44533670277,315169.7775898931
8.856175138447391e-07,709714288590.0454,173028.05153935196,310842.6303647925
8.91759402743389e-07,709714288590.0454,173027.65501367484,306574.88819807675
8.979438865531097e-07,709714288590.0454,173027.25574078783,302365.7355832692
9.041712606759294e-07,709714288590.0454,173026.85370167697,298214.36820885434
9.104418225625334e-07,709714288590.0454,173026.44887719688,294119.99280459597
9.167558717264749e-07,709714288590.0454,173026.04124807002,290081.8269899673
9.231137097584786e-07,709714288590.0454,173025.63079488566,286099.09912466374
9.295156403408413e-07,709714288590.0454,173025.21749809902,282171.0481611704
9.359619692619423e-07,709714288590.0454,173024.80133803035,278296.9234993462
9.424530044308517e-07,709714288590.0454,173024.382294864,274475.9848430066
9.489890558920355e-07,709714288590.0454,173023.96034864738,270707.50205847766
9.555704358401595e-07,709714288590.0454,173023.5354792903,266990.7550350937
9.621974586350064e-07,709714288590.0454,173023.10766656362,263325.0335476028
9.68870440816494e-07,709714288590.0454,173022.67689009864,259709.63712046435
9.755897011197923e-07,709714288590.0454,173022.243129386,256143.87489401133
9.823555604905401e-07,709714288590.0454,173021.80636377473,252627.06549245203
9.891683421001883e-07,709714288590.0454,173021.36657247116,249158.53689367385
9.960283713614298e-07,709714288590.0454,173020.92373453823,245737.6263008442
1.0029359759437386e-06,705572154905.1257,173020.47782889422,243786.50085133858
1.0098914857890254e-06,695895272901.9912,173020.02883431182,243782.80630886627
1.0168952331274007e-06,686351168398.039,173019.57672941725,243779.08626516603
1.0239475524930405e-06,676938019127.1006,173019.12149268916,243775.34054526198
1.0310487807401606e-06,667654027835.0167,173018.66310245762,243771.5689729909
1.0381992570591109e-06,658497421936.3005,173018.20153690307,243767.7713709947
1.0453993229925808e-06,649466453175.5183,173017.7367740554,243763.94756071252
1.0526493224519093e-06,640559397293.3268,173017.2687917927,243760.09736237238
1.0599496017335067e-06,631774553697.0964,173016.79756784064,243756.22059498375
1.0673005095354008e-06,623110245136.0424,173016.32307977087,243752.3170763289
1.0747023969738961e-06,614564817380.8184,173015.84530500034,243748.38662295524
1.082155617600341e-06,606136638907.5175,173015.36422079016,243744.42905016683
1.08966052741801e-06,597824100586.011,173014.8798042445,243740.44417201652
1.097217484899114e-06,589625615372.5533,173014.39203230946,243736.43180129712
1.1048268510019254e-06,581539618006.6119,173013.9008817721,243732.3917495335
1.1124889891880167e-06,573564564711.8611,173013.4063292593,243728.32382697435
1.1202042654396154e-06,565698932901.2863,173012.90835123655,243724.22784258318
1.1279730482770898e-06,557941220886.3251,173012.40692400708,243720.10360403036
1.1357957087765567e-06,550289947589.9987,173011.90202371049,243715.9509176842
1.1436726205876005e-06,542743652263.99365,173011.3936263218,243711.76958860282
1.1516041599511166e-06,535300894209.6249,173010.88170765026,243707.55942052518
1.1595907057172867e-06,527960252502.6217,173010.3662433382,243703.32021586222
1.1676326393636793e-06,520720325721.69,173009.84720885995,243699.0517756886
1.1757303450134666e-06,513579731680.8105,173009.32457952062,243694.7538997335
1.1838842094537674e-06,506537107165.21106,173008.79833045483,243690.42638637195
1.192094622154126e-06,499591107670.9555,173008.2684366259,243686.06903261575
1.2003619752851215e-06,492740407148.1051,173007.73487282422,243681.6816341047
1.2086866637370933e-06,485983697747.4167,173007.19761366642,243677.26398509752
1.2170690851389995e-06,479319689570.5166,173006.656633594,243672.81587846257
1.2255096398774142e-06,472747110423.49396,173006.11190687216,243668.33710566905
1.2340087311156562e-06,466264705573.88007,173005.5634075887,243663.8274567776
1.2425667648130423e-06,459871237510.9689,173005.0111096525,243659.28672043086
1.251184149744272e-06,453565485709.4281,173004.4549867927,243654.71468384482
1.2598612975189581e-06,447346246396.1481,173003.89501255713,243650.1111327985
1.2685986226012925e-06,441212332320.2902,173003.33116031133,243645.47585162547
1.2773965423298376e-06,435162572526.50055,173002.76340323707,243640.8086232037
1.2862554769374555e-06,429195812131.2351,173002.19171433125,243636.10922894638
1.2951758495713854e-06,423310912102.1496,173001.6160664045,243631.3774487921
1.3041580863134612e-06,417506749040.51556,173001.03643208003,243626.61306119536
1.3132026162004566e-06,411782214966.63336,173000.45278379234,243621.81584311684
1.322309871244575e-06,406136217108.187,172999.86509378583,243616.9855700136
1.331480286454087e-06,400567677691.5007,172999.27333411353,243612.12201582908
1.3407142998541171e-06,395075533735.65814,172998.6774766358,243607.22495298338
1.3500123525075577e-06,389658736849.457,172998.0774930191,243602.29415236338
1.3593748885361331e-06,384316253031.14813,172997.4733547345,243597.3293833127
1.368802355141615e-06,379047062470.9208,172996.86503305644,243592.33041362115
1.3782952026272016e-06,373850159356.0886,172996.25249906135,243587.2970095154
1.3878538844189947e-06,368724551678.98004,172995.63572362633,243582.2289356481
1.397478857087676e-06,363669261047.4354,172995.01467742774,243577.1259550881
1.4071705803703182e-06,358683322497.9161,172994.38933093988,243571.98782930974
1.4169295171923387e-06,353765784311.18225,172993.7596544335,243566.8143181826
1.426756133689606e-06,348915707830.50146,172993.12561797455,243561.6051799611
1.4366508992307096e-06,344132167282.346,172992.4871914227,243556.36017127425
1.446614286439386e-06,339414249599.5526,172991.84434442988,243551.0790471143
1.4566467712170872e-06,334761054246.9148,172991.19704643902,243545.76156082697
1.466748832765707e-06,330171693049.16864,172990.5452666823,243540.4074641001
1.4769209536104745e-06,325645290021.335,172989.88897418015,243535.01650695357
1.4871636196230099e-06,321180981201.3913,172989.2281377395,243529.58843772733
1.4974773200445245e-06,316777914485.243,172988.56272595227,243524.12300307187
1.5078625475091843e-06,312435249463.9634,172987.8927071942,243518.61994793633
1.5183197980676461e-06,308152157263.26044,172987.218049623,243513.07901555763
1.5288495712107581e-06,303927820385.1476,172986.53872117726,243507.49994744977
1.5394523698934115e-06,299761432551.79376,172985.85468957457,243501.882483392
1.550128700558558e-06,295652198551.5155,172985.1659223102,243496.2263614183
1.5608790731614063e-06,291599334086.8796,172984.47238665563,243490.5313178055
1.5717040011937867e-06,287602065624.8889,172983.77404965687,243484.79708706244
1.5826040017086715e-06,283659630249.23224,172983.07087813303,243479.02340191795
1.5935795953448653e-06,279771275514.5596,172982.36283867477,243473.20999331004
1.604631306351881e-06,275936259302.75433,172981.6498976426,243467.35659037335
1.6157596626149847e-06,272153849681.17822,172980.93202116547,243461.46292042878
1.6269651956804069e-06,268423324762.86676,172980.20917513917,243455.52870897093
1.6382484407807223e-06,264743972568.64386,172979.4813252246,243449.55367965612
1.6496099368604234e-06,261115090891.12384,172978.74843684628,243443.5375542914
1.661050226601669e-06,257535987160.58118,172978.01047519076,243437.4800528222
1.6725698564502e-06,254005978312.66574,172977.2674052049,243431.38089332008
1.6841693766414322e-06,250524390657.93347,172976.5191915943,243425.23979197082
1.695849341226746e-06,247090559753.16324,172975.76579882164,243419.05646306288
1.7076103080999565e-06,243703830274.4418,172975.00719110493,243412.83061897417
1.7194528390239566e-06,240363555891.99274,172974.24333241602,243406.56197016078
1.7313774996575399e-06,237069099146.72577,172973.47418647876,243400.25022514383
1.7433848595824287e-06,233819831328.47488,172972.6997167674,243393.89509049765
1.7554754923304852e-06,230615132355.9088,172971.91988650485,243387.49627083715
1.7676499754111008e-06,227454390658.09393,172971.1346586609,243381.05346880475
1.7799088903387731e-06,224337003057.68192,172970.34399595068,243374.5663850587
1.792252822660889e-06,221262374655.69827,172969.54786083268,243368.0347182594
1.8046823619857002e-06,218229918717.91125,172968.74621550716,243361.45816505747
1.81719810201048e-06,215239056562.76553,172967.93902191435,243354.83642008
1.8298006405498722e-06,212289217450.85233,172967.1262417327,243348.16917591883
1.8424905795644545e-06,209379838475.89526,172966.30783637703,243341.45612311608
1.8552685251894975e-06,206510364457.2307,172965.4837669968,243334.69695015237
1.8681350877639103e-06,203680247833.76904,172964.65399447424,243327.89134343292
1.8810908818593852e-06,200888948559.41013,172963.81847942257,243321.03898727466
1.8941365263097603e-06,198135933999.89233,172962.9771821841,243314.13956389247
1.907272644240586e-06,195420678831.05594,172962.13006282857,243307.1927533868
1.9204998630988806e-06,192742664938.5082,172961.277081151,243300.1982337288
1.9338188146830896e-06,190101381318.66443,172960.4181966701,243293.15568074805
1.9472301351732855e-06,187496323981.142,172959.55336862616,243286.0647681182
1.9607344651615445e-06,184926995852.50015,172958.68255597932,243278.9251673435
1.9743324496825355e-06,182392906681.30093,172957.8057174076,243271.73654774536
1.9880247382443394e-06,179893572944.46967,172956.92281130492,243264.49857644772
2.001811984859479e-06,177428517754.9415,172956.03379577928,243257.2109183642
2.0156948480761516e-06,174997270770.57837,172955.13862865066,243249.8732361828
2.0296739910096765e-06,172599368104.3356,172954.23726744932,243242.4851903531
2.0437500813741746e-06,170234352235.6597,172953.32966941342,243235.04643907127
2.0579237915144724e-06,167901771923.10175,172952.41579148747,243227.55663826625
2.0721957984382083e-06,165601182118.13315,172951.49559032003,243220.01544158498
2.08656678384816e-06,163332143880.14478,172950.56902226183,243212.42250037857
2.101037434174815e-06,161094224292.60962,172949.63604336372,243204.77746368744
2.1156084406091664e-06,158886996380.39667,172948.6966093745,243197.0799782267
2.1302804991357204e-06,156710039028.22217,172947.7506757392,243189.3296883721
2.1450543105657296e-06,154562936900.22046,172946.7981975966,243181.52623614436
2.1599305805706773e-06,152445280360.616,172945.83912977742,243173.66926119514
2.1749100197159908e-06,150356665395.48456,172944.87342680214,243165.75840079194
2.189993343494976e-06,148296693535.59073,172943.9010428789,243157.7932898028
2.2051812723629806e-06,146264971780.28458,172942.92193190136,243149.77356068182
2.2204745317718175e-06,144261112522.44058,172941.93604744665,243141.69884345363
2.2358738522044247e-06,142284733474.4268,172940.94334277298,243133.56876569806
2.2513799692097476e-06,140335457595.0926,172939.9437708178,243125.3829525354
2.2669936234378643e-06,138412913017.75876,172938.9372841954,243117.1410266103
2.28271556067537e-06,136516732979.19342,172937.92383519473,243108.842608077
2.2985465318810113e-06,134646555749.5632,172936.9033757773,243100.4873145831
2.314487293221543e-06,132802024563.34799,172935.87585757487,243092.07476125448
2.3305386061078417e-06,130982787551.20396,172934.8412318872,243083.6045606792
2.34670123723128e-06,129188497672.75972,172933.79944967982,243075.0763228919
2.362975958600358e-06,127418812650.33505,172932.75046158177,243066.48965535776
2.3793635475775702e-06,125673394903.57143,172931.69421788337,243057.84416295667
2.3958647869165262e-06,123951911484.95985,172930.6306685338,243049.139447967
2.4124804647993467e-06,122254034016.2517,172929.55976313882,243040.37511004956
2.4292113748743234e-06,120579438625.74216,172928.48145095853,243031.5507462313
2.4460583162938164e-06,118927805886.41699,172927.39568090494,243022.66595088912
2.463022093752415e-06,117298820754.94797,172926.30240153958,243013.72031573305
2.4801035175253863e-06,115692172511.52365,172925.2015610713,243004.71342979037
2.4973034035073862e-06,114107554700.50636,172924.0931073536,242995.64487938842
2.5146225732514206e-06,112544665071.90562,172922.97698788243,242986.5142481383
2.5320618540080788e-06,111003205523.65459,172921.85314979378,242977.321116918
2.5496220787650537e-06,109482882044.67743,172920.72153986106,242968.0650638553
2.567304086286943e-06,107983404658.73775,172919.58210449282,242958.74566431146
2.5851087211553016e-06,106504487369.06004,172918.43478973012,242949.36249086316
2.603036833808971e-06,105045848103.71078,172917.27954124426,242939.91511328676
2.6210892805847143e-06,103607208661.72786,172916.11630433408,242930.40309853965
2.6392669237581257e-06,102188294659.98933,172914.9450239234,242920.8260107438
2.65757063158481e-06,100788835480.81313,172913.76564455885,242911.18341116855
2.6760012783418367e-06,99408564220.27654,172912.57811040673,242901.47485821208
2.694559744369533e-06,98047217637.2413,172911.38236525102,242891.6999073851
2.7132469161135173e-06,96704536103.082,172910.1783524903,242881.85811129218
2.7320636861670284e-06,95380263552.1043,172908.96601513558,242871.94901961467
2.7510109533135714e-06,94074147432.64186,172907.74529580734,242861.97217909255
2.7700896225698607e-06,92785938658.82477,172906.516136733,242851.92713350648
2.7893006052290344e-06,91515391563.01176,172905.27847974442,242841.8134236595
2.8086448189041745e-06,90262263848.87447,172904.03226627494,242831.63058735992
2.8281231875721432e-06,89026316545.12529,172902.77743735685,242821.37815940197
2.8477366416177336e-06,87807313959.87965,172901.5139336188,242811.05567154786
2.8674861178780932e-06,86605023635.64644,172900.24169528263,242800.66265250964
2.8873725596874644e-06,85419216304.93619,172898.96066216126,242790.19862793054
2.907396916922251e-06,84249665846.47713,172897.67077365538,242779.6631203663
2.927560146046403e-06,83096149242.03233,172896.37196875093,242769.05564926664
2.947863210157091e-06,81958446533.81093,172895.06418601627,242758.37573095638
2.9683070790306935e-06,80836340782.46394,172893.7473635993,242747.62287861656
2.9888927291691327e-06,79729618025.65517,172892.4214392247,242736.79660226568
3.00962114384653e-06,78638067237.20096,172891.08635019095,242725.89640874008
3.030493313156157e-06,77561480286.77197,172889.7420333676,242714.92180167598
3.051510234057718e-06,76499651900.14827,172888.38842519227,242703.8722814888
3.07267291042498e-06,75452379620.01843,172887.0254616678,242692.74734535482
3.0939823530937367e-06,74419463767.31697,172885.65307835932,242681.54648719143
3.115439579910078e-06,73400707403.09358,172884.27121039128,242670.26919763762
3.137045615778994e-06,72395916290.90572,172882.87979244435,242658.9149640344
3.158801492713344e-06,71404898859.72635,172881.4787587527,242647.48327040486
3.180708249883162e-06,70427466167.36061,172880.06804310073,242635.97359743476
3.2027669336652807e-06,69463431864.36597,172878.64757882027,242624.38542245247
3.2249785976932984e-06,68512612158.467575,172877.21729878732,242612.71821940885
3.2473443029079183e-06,67574825779.46085,172875.77713541908,242600.97145885724
3.269865117607638e-06,66649893944.59592,172874.3270206709,242589.14460793327
3.2925421174997647e-06,65737640324.43813,172872.8668860331,242577.23713033463
3.3153763857517814e-06,64837891009.19736,172871.39666252787,242565.24848630096
3.3383690130430985e-06,63950474475.518394,172869.91628070612,242553.17813259255
3.3615210976171627e-06,63075221553.727036,172868.42567064427,242541.02552247042
3.384833745333904e-06,62211965395.526665,172866.92476194116,242528.7901056761
3.4083080697225386e-06,61360541442.1389,172865.41348371474,242516.47132840962
3.431945192034776e-06,60520787392.87963,172863.89176459887,242504.06863330957
3.4557462412983844e-06,59692543174.166916,172862.35953274005,242491.58145943232
3.479712354371109e-06,58875650908.95535,172860.8167157942,242479.00924223004
3.5038446759949556e-06,58069954886.589645,172859.26324092332,242466.3514135303
3.5281443588508886e-06,57275301533.07106,172857.6990347921,242453.607401515
3.552612563613898e-06,56491539381.73239,172856.12402356477,242440.77663069798
3.5772504590084284e-06,55718519044.3158,172854.5381329016,242427.858521905
3.6020592218641866e-06,54956093182.448135,172852.94128795544,242414.85249225094
3.627040037172369e-06,54204116479.50648,172851.33341336861,242401.75795511916
3.6521940981422756e-06,53462445612.870186,172849.7144332691,242388.57432013925
3.6775226062582904e-06,52730939226.5545,172848.08427126743,242375.30099316532
3.703026771337255e-06,52009457904.21989,172846.442850453,242361.93737625403
3.72870781158627e-06,51297864142.55081,172844.79009339065,242348.48286764277
3.754566953660899e-06,50596022325.0001,172843.12592211718,242334.9368617276
3.780605432723743e-06,49903798695.89447,172841.45025813772,242321.29874904072
3.8068244925034167e-06,49221061334.89573,172839.7630224223,242307.5679162284
3.8332253853540005e-06,48547680131.81049,172838.06413540215,242293.74374602851
3.859809372314835e-06,47883526761.74769,172836.3535169661,242279.82561724857
3.886577723170742e-06,47228474660.6168,172834.63108645706,242265.81290474214
3.913531716512689e-06,46582399000.96153,172832.8967626682,242251.704979387
3.9406726397988755e-06,45945176668.12531,172831.1504638395,242237.50120806217
3.968001789416217e-06,45316686236.7446,172829.3921076537,242223.2009536248
3.995520470742248e-06,44696807947.5649,172827.62161123296,242208.80357488748
4.0232299982074905e-06,44085423684.57423,172825.83889113486,242194.30842659523
4.051131695358251e-06,43482416952.45048,172824.04386334872,242179.71485940207
4.07922689491983e-06,42887672854.31898,172822.23644329174,242165.02221984798
4.1075169388601555e-06,42301078069.81546,172820.41654580535,242150.2298503358
4.136003178453904e-06,41722520833.44938,172818.5840851511,242135.3370891071
4.1646869743470596e-06,41151890913.264084,172816.73897500688,242120.34327021937
4.193569696621888e-06,40589079589.79081,172814.8811284633,242105.24772352216
4.222652724862361e-06,40033979635.29142,172813.01045801936,242090.04977463337
4.251937448220071e-06,39486485293.285324,172811.1268755787,242074.74874491518
4.281425265480599e-06,38946492258.35755,172809.23029244563,242059.34395145075
4.311117585130312e-06,38413897656.2445,172807.3206193211,242043.83470701968
4.341015825423621e-06,37888600024.193115,172805.39776629876,242028.22032007427
4.3711214144507455e-06,37370499291.58889,172803.46164286076,242012.50009471507
4.401435790205934e-06,36859496760.84998,172801.5121578738,241996.673330667
4.431960400656144e-06,36355495088.58391,172799.54921958502,241980.7393232546
4.462696703810178e-06,35858398267.00313,172797.57273561775,241964.69736337775
4.493646167788347e-06,35368111605.59487,172795.58261296758,241948.5467374874
4.524810270892611e-06,34884541713.04286,172793.57875799804,241932.28672756048
4.5561905016771764e-06,34407596479.397415,172791.56107643628,241915.91661107546
4.587788359019572e-06,33937185058.49058,172789.52947336913,241899.43566098736
4.619605352192267e-06,33473217850.59177,172787.48385323858,241882.8431457033
4.651643000934778e-06,33015606485.30174,172785.42411983764,241866.1383290569
4.683902835526238e-06,32564263804.68175,172783.350176306,241849.32047028374
4.7163863968584785e-06,32119103846.6143,172781.2619251257,241832.38882399595
4.74909523650964e-06,31680041828.391716,172779.1592681166,241815.34264015683
4.782030916818311e-06,31246994130.530037,172777.04210643226,241798.18116405574
4.815195010958125e-06,30819878280.805565,172774.91034055536,241780.90363628286
4.848589103012894e-06,30398612938.51048,172772.76387029327,241763.50929270318
4.8822147880522826e-06,29983117878.92407,172770.6025947735,241745.99736443133
4.916073672208022e-06,29573313977.997154,172768.42641243938,241728.36707780583
4.950167372750604e-06,29169123197.24714,172766.2352210453,241710.61765436304
4.984497518166511e-06,28770468568.86045,172764.02891765226,241692.7483108116
5.019065748236024e-06,28377274180.998882,172761.80739862344,241674.75825900672
5.0538737141115595e-06,27989465163.30773,172759.57055961917,241656.64670592363
5.088923078396525e-06,27606967672.62324,172757.31829559276,241638.4128536319
5.124215515224706e-06,27229708878.87622,172755.05050078535,241620.0558992689
5.159752710340255e-06,26857616951.188675,172752.76706872165,241601.5750350142
5.1955363611782315e-06,26490621044.161316,172750.46789220476,241582.96944806227
5.23156817694566e-06,26128651284.34966,172748.1528633118,241564.23832059724
5.267849878703136e-06,25771638756.925926,172745.8218733889,241545.3808297653
5.3043831994471e-06,25419515492.522938,172743.47481304634,241526.3961476489
5.341169884192575e-06,25072214454.2597,172741.11157215384,241507.28344123965
5.3782116900565076e-06,24729669524.944744,172738.73203983554,241488.04187241194
5.415510386341705e-06,24391815494.454906,172736.33610446518,241468.67059789598
5.453067754621378e-06,24058588047.287193,172733.92365366107,241449.16876925083
5.49088558882421e-06,23729923750.281982,172731.4945742811,241429.53553283768
5.528965695320024e-06,23405760040.51468,172729.04875241782,241409.77002979242
5.567309893006087e-06,23086035213.35315,172726.58607339338,241389.8713959995
5.605920013394009e-06,22770688410.679207,172724.10642175438,241369.8387620635
5.6447979006972065e-06,22459659609.271935,172721.60968126677,241349.67125328284
5.683945411918968e-06,22152889609.350624,172719.09573491078,241329.3679896219
5.72336441694117e-06,21850320023.274498,172716.56446487582,241308.92808568428
5.763056798613628e-06,21551893264.39754,172714.01575255493,241288.35065068462
5.803024452843996e-06,21257552536.076702,172711.44947854005,241267.63478842197
5.843269288688305e-06,20967241820.83098,172708.86552261637,241246.7795972511
5.883793228442175e-06,20680905869.64878,172706.2637637572,241225.78417005617
5.924598207732654e-06,20398490191.4423,172703.6440801185,241204.6475942217
5.965686175610652e-06,20119941042.646717,172701.00634903382,241183.36895160627
6.007059094644011e-06,19845205416.962406,172698.35044700847,241161.9473185132
6.048718941011272e-06,19574231035.237335,172695.67624971448,241140.38176566386
6.090667704596093e-06,19306966335.48853,172692.98363198488,241118.67135816897
6.132907389082271e-06,19043360463.060753,172690.2724678083,241096.81515550098
6.175440012049422e-06,18783363260.92019,172687.5426303235,241074.81221146643
6.218267605069374e-06,18526925260.081196,172684.7939918137,241052.66157417654
6.261392213803236e-06,18273997670.164227,172682.02642370097,241030.36228602057
6.3048158980990775e-06,18024532370.08388,172679.23979654073,241007.9133836364
6.3485407320902965e-06,17778481898.86456,172676.43398001592,240985.31389788334
6.392568804294713e-06,17535799446.58204,172673.60884293146,240962.56285381288
6.436902217714353e-06,17296438845.42926,172670.76425320836,240939.65927064078
6.481543089935877e-06,17060354560.905075,172667.90007787803,240916.60216171882
6.526493553231692e-06,16827501683.123955,172665.01618307646,240893.3905345058
6.5717557546618365e-06,16597835918.244577,172662.11243403846,240870.02339053986
6.617331856176549e-06,16371313580.016224,172659.18869509152,240846.49972540903
6.66322403471952e-06,16147891581.441298,172656.2448296502,240822.8185287235
6.709434482331838e-06,15927527426.552446,172653.28070021005,240798.9787840862
6.75596540625672e-06,15710179202.30211,172650.29616834156,240774.97946906483
6.802819029044971e-06,15495805570.563503,172647.2910946843,240750.81955516286
6.849997588661118e-06,15284365760.241577,172644.26533894066,240726.4980077908
6.897503338590273e-06,15075819559.492313,172641.21875986995,240702.0137862374
6.945338547945804e-06,14870127308.04845,172638.15121528215,240677.3658436412
6.993505501577744e-06,14667249889.650679,172635.06256203173,240652.5531269611
7.0420065001819e-06,14467148724.582829,172631.9526560115,240627.57457694836
7.0908438604097185e-06,14269785762.309616,172628.82135214642,240602.42912811672
7.140019914978965e-06,14075123474.215107,172625.66850438717,240577.1157087144
7.189537012785182e-06,13883124846.44088,172622.49396570394,240551.6332406949
7.239397519013847e-06,13693753372.82277,172619.29758808005,240525.98063968768
7.2896038152533234e-06,13506973047.92445,172616.0792225055,240500.1568149694
7.340158299608642e-06,13322748360.166437,172612.83871897068,240474.16066943566
7.391063386816078e-06,13141044285.049448,172609.5759264597,240447.99109957108
7.442321508358461e-06,12961826278.470942,172606.2906929441,240421.6469954205
7.493935112581269e-06,12785060270.133402,172602.9828653761,240395.12724056048
7.545906664809667e-06,12610712657.042696,172599.65228968213,240368.4307120696
7.598238647466213e-06,12438750297.09606,172596.29881075615,240341.55628049994
7.650933560189406e-06,12269140502.758083,172592.92227245306,240314.50280984794
7.703993919953104e-06,12101851034.823254,172589.5225175819,240287.26915752547
7.757422261186792e-06,11936850096.264124,172586.09938789916,240259.85417433022
7.81122113589659e-06,11774106326.1641,172582.65272410194,240232.25670441755
7.865393113787135e-06,11613588793.733503,172579.1823658213,240204.47558527105
7.919940782384343e-06,11455266992.40755,172575.68815161506,240176.50964767337
7.974866747159041e-06,11299110834.025354,172572.16991896127,240148.35771567753
8.030173631651379e-06,11145090643.089,172568.62750425097,240120.01860657783
8.085864077596117e-06,10993177151.101397,172565.0607427814,240091.49113088078
8.14194074504884e-06,10843341621.920115,172561.4694687489,240062.77119340512
8.198406312513045e-06,10695555700.158371,172557.8535152417,240033.8548733793
8.255263477068044e-06,10549791048.030811,172554.21271423317,240004.7465803789
8.312514954497766e-06,10406019970.172462,172550.54689657417,239975.44509750165
8.370163479420505e-06,10264215151.04855,172546.85589198637,239945.9492009138
8.428211805419564e-06,10124349649.74282,172543.13952905466,239916.2576598204
8.486662705174768e-06,9986396894.81748,172539.39763521994,239886.36923643734
8.545518970594845e-06,9850330679.243782,172535.6300367719,239856.2826859622
8.604783412950825e-06,9716125155.401943,172531.83655884163,239825.9967565456
8.664458863010359e-06,9583754830.149706,172528.01702539413,239795.5101892625
8.724548171172884e-06,9453194559.958778,172524.17125922092,239764.82171808364
8.785054207605755e-06,9324419546.11793,172520.29908193255,239733.9300698471
8.845979862381358e-06,9197405330.001862,172516.40031395108,239702.83396422953
8.907328045615193e-06,9072127788.40495,172512.47477450242,239671.53211371804
8.969101687604846e-06,8948563128.939205,172508.52228160886,239640.02322358137
9.03130373896992e-06,8826687885.495358,172504.54265208126,239608.30599184197
9.093937170792993e-06,8706478913.766132,172500.5357015114,239576.3791092474
9.157004974761585e-06,8587913386.830918,172496.50124426425,239544.2412592426
9.220510163311015e-06,8470968790.801209,172492.43909347008,239511.89111794095
9.284455769768243e-06,8355622920.525794,172488.34906101672,239479.327354097
9.348844848496808e-06,8241853875.354723,172484.23095754173,239446.54862907843
9.41368047504275e-06,8129640054.961461,172480.0845924242,239413.55359683745
9.478965746281474e-06,8018960155.222471,172475.90977377706,239380.34090388377
9.544703780565644e-06,7909793164.153357,172471.70630843888,239346.90918925634
9.610897717874153e-06,7802118357.900639,172467.47400196604,239313.25708449655
9.677550719962162e-06,7695915296.788554,172463.21265862416,239279.38321361932
9.744665970512068e-06,7591163821.420221,172458.92208138047,239245.28619308706
9.81224667528552e-06,7487844048.83235,172454.6020718953,239210.9646317816
9.880296062276678e-06,7385936368.702406,172450.2524305138,239176.41713097686
9.948817381866243e-06,7285421439.608288,172445.87295625784,239141.64228431243
1.0017813906976867e-05,7186280185.338859,172441.4634468176,239106.638677766
1.0087288933229327e-05,7088493791.255574,172437.02369854302,239071.40488962652
1.0157245779100098e-05,6992043700.70358,172432.5535064356,239035.93949046783
1.0227687786079706e-05,6896911611.472524,172428.0526641397,239000.24104312147
1.0298618318832484e-05,6803079472.305478,172423.52096393416,238964.30810265086
1.0370040765357135e-05,6710529479.456226,172418.95819672378,238928.13921632446
1.0441958537148714e-05,6619244073.2933445,172414.3641520304,238891.7329235898
1.0514375069361421e-05,6529205934.951327,172409.7386179846,238855.0877560473
1.0587293820972846e-05,6440397983.027241,172405.08138131668,238818.2022374242
1.066071827494901e-05,6352803370.32314,172400.39222734806,238781.07488354936
1.0734651938410909e-05,6266405480.632756,172395.67093998237,238743.70420232695
1.0809098342801863e-05,6181187925.5727,172390.91730169673,238706.08869371167
1.0884061044056355e-05,6097134541.456754,172386.13109353257,238668.22684968304
1.0959543622769717e-05,6014229386.213457,172381.312095087,238630.11715422018
1.1035549684369328e-05,5932456736.345575,172376.46008450355,238591.75808327773
1.1112082859286655e-05,5851801083.931718,172371.57483846313,238553.1481047598
1.1189146803130832e-05,5772247133.668687,172366.65613217515,238514.28567849685
1.1266745196863096e-05,5693779799.954821,172361.703739368,238475.16925622014
1.1344881746972788e-05,5616384204.012974,172356.71743228022,238435.79728153808
1.142356018565421e-05,5540045671.053333,172351.69698165092,238396.16818991277
1.1502784270985082e-05,5464749727.474844,172346.64215671067,238356.28040863498
1.158255778710585e-05,5390482098.105364,172341.5527251721,238316.13235680197
1.1662884544400634e-05,5317228703.47935,172336.4284532204,238275.72244529304
1.1743768379679039e-05,5244975657.153248,172331.26910550403,238235.04907674756
1.1825213156359611e-05,5173709263.05739,172326.0744451251,238194.11064554082
1.1907222764654176e-05,5103416012.884555,172320.8442336298,238152.9055377625
1.1989801121753855e-05,5034082583.514037,172315.57823099883,238111.4321311938
1.2072952172015978e-05,4965695834.471401,172310.27619563777,238069.6887952851
1.215667988715267e-05,4898242805.422751,172304.9378843673,238027.67389113447
1.2240988266420374e-05,4831710713.70374,172299.5630524135,237985.38577146572
1.2325881336811042e-05,4766086951.882142,172294.15145339802,237942.82278060724
1.2411363153244418e-05,4701359085.3541155,172288.70283932812,237899.9832544705
1.2497437798761633e-05,4637514849.973423,172283.21696058696,237856.86552052997
1.2584109384720423e-05,4574542149.713007,172277.6935659234,237813.46789780154
1.2671382050991293e-05,4512429054.358921,172272.13240244222,237769.78869682335
1.2759259966155471e-05,4451163797.235638,172266.53321559375,237725.82621963441
1.2847747327703807e-05,4390734772.962831,172260.8957491641,237681.5787597564
1.293684836223748e-05,4331130535.242668,172255.2197452647,237637.0446021736
1.302656732566967e-05,4272339794.6777554,172249.50494432217,237592.22202331357
1.3116908503429052e-05,4214351416.6187434,172243.75108506807,237547.10929102864
1.3207876210664277e-05,4157154419.0417275,172237.9579045285,237501.7046645776
1.3299474792450304e-05,4100737970.454525,172232.12513801386,237456.00639460748
1.3391708623995717e-05,4045091387.8319426,172226.25251910818,237410.01272313585
1.3484582110851937e-05,3990204134.579105,172220.33977965885,237363.7218835334
1.3578099689123423e-05,3936065818.5230126,172214.38664976595,237317.1321005066
1.367226582567979e-05,3882666189.9313707,172208.39285777163,237270.2415900813
1.3767085018368943e-05,3829995139.5588875,172202.3581302496,237223.04855958655
1.3862561796232143e-05,3778042696.7201204,172196.2821919943,237175.55120763794
1.3958700719720113e-05,3726799027.389005,172190.16476601025,237127.7477241225
1.405550638091109e-05,3676254432.324227,172184.00557350094,237079.63629018355
1.4152983403729945e-05,3626399345.2205577,172177.80433385854,237031.21507820583
1.4251136444169261e-05,3577224330.885329,172171.56076465236,236982.48225180036
1.4349970190511516e-05,3528720083.440136,172165.2745816183,236933.43596579155
1.4449489363553227e-05,3480877424.5470166,172158.94549864763,236884.07436620313
1.4549698716830228e-05,3433687301.659182,172152.57322777595,236834.39559024433
1.4650603036844944e-05,3387140786.2955275,172146.15747917208,236784.39776629812
1.4752207143294785e-05,3341229072.339045,172139.6979611269,236734.07901390843
1.4854515889302596e-05,3295943474.3583636,172133.19438004197,236683.437443768
1.4957534161648237e-05,3251275425.952533,172126.64644041838,236632.47115770745
1.5061266881002222e-05,3207216478.118319,172120.05384484542,236581.1782486841
1.516571900216053e-05,3163758297.6400933,172113.41629398896,236529.55680077162
1.5270895514281508e-05,3120892665.5016294,172106.73348658023,236477.6048891495
1.5376801441123928e-05,3078611475.319882,172100.00511940414,236425.32058009403
1.5483441841287205e-05,3036906731.800057,172093.23088728785,236372.70193096923
1.5590821808452766e-05,2995770549.212081,172086.41048308898,236319.746990218
1.5698946471627595e-05,2955195149.8877883,172079.5435976841,236266.4537973542
1.5807820995388982e-05,2915172862.7389035,172072.62991995687,236212.82038295525
1.5917450580131444e-05,2875696121.7951875,172065.66913678637,236158.84476865502
1.602784046231489e-05,2836757464.7628093,172058.660933035,236104.5249671373
1.6138995914714978e-05,2798349531.602338,172051.604991537,236049.85898213004
1.6250922246674714e-05,2760465063.1264105,172044.50099308614,235994.8448083999
1.6363624804358326e-05,2723096899.6164646,172037.34861642387,235939.48043174733
1.6477108971006343e-05,2686237979.4586353,172030.14753822715,235883.76382900224
1.6591380167193008e-05,2649881337.798185,172022.89743309648,235827.69296802089
1.670644385108491e-05,2614020105.2125783,172015.59797354366,235771.26580768204
1.682230551870197e-05,2578647506.402582,172008.24882997945,235714.4802978849
1.6938970704179688e-05,2543756858.901505,172000.8496707015,235657.3343795472
1.705644498003375e-05,2509341571.801968,171993.40016188184,235599.82598460378
1.7174733957425935e-05,2475395144.500319,171985.89996755458,235541.9530360062
1.729384328643235e-05,2441911165.458123,171978.34874960332,235483.7134477221
1.741377865631324e-05,2408883310.9807377,171970.7461677489,235425.10512473652
1.7534545795784587e-05,2376305344.012653,171963.0918795366,235366.12596305297
1.7656150473292025e-05,2344171112.949264,171955.38554032365,235306.7738496949
1.7778598497286068e-05,2312474550.4650855,171947.6268032665,235247.04666270904
1.7901895716499836e-05,2281209672.3579006,171939.81531930817,235186.9422711678
1.802604802022814e-05,2250370576.4089046,171931.95073716537,235126.4585351741
1.815106133860907e-05,2219951441.2583566,171924.0327033158,235065.5933058654
1.8276941642906962e-05,2189946525.296788,171916.06086198514,235004.3444254194
1.8403694945797892e-05,2160350165.571297,171908.03485513412,234942.7097270597
1.85313273016566e-05,2131156776.7069714,171899.95432244567,234880.68703506334
1.865984480684595e-05,2102360849.8429873,171891.81890131158,234818.27416476738
1.878925360000786e-05,2073956951.5834296,171883.6282268197,234755.468922578
1.8919559862356768e-05,2045939722.9623837,171875.38193174065,234692.26910597933
1.9050769817974607e-05,2018303878.4233482,171867.0796465145,234628.67250354288
1.91828897341084e-05,1991044204.8125257,171858.72099923764,234564.67689493857
1.9315925921469306e-05,1964155560.386053,171850.3056156495,234500.2800509461
1.9449884734534342e-05,1937632873.830727,171841.83311911896,234435.47973346678
1.9584772571849625e-05,1911471143.2982867,171833.30313063113,234370.2736955368
1.9720595876336295e-05,1885665435.4528234,171824.71526877375,234304.6596813411
1.985736113559794e-05,1860210884.531387,171816.06914972363,234238.63542622753
1.9995074882230812e-05,1835102691.4173515,171807.36438723325,234172.1986567231
2.0133743694135512e-05,1810336122.726619,171798.60059261674,234105.3470905496
2.0273374194831537e-05,1785906509.9062402,171789.77737473664,234038.07843664117
2.04139730537733e-05,1761809248.3455188,171780.89433998978,233970.39039516228
2.0555546986669038e-05,1738039796.4991972,171771.95109229366,233902.28065752657
2.0698102755801254e-05,1714593675.0227814,171762.94723307248,233833.74690641699
2.0841647170350054e-05,1691466465.91962,171753.8823612433,233764.7868158061
2.098618708671805e-05,1668653811.6997964,171744.7560732022,233695.39805097823
2.1131729408858188e-05,1646151414.5504475,171735.56796280993,233625.57826855173
2.127828108860319e-05,1623955035.5175738,171726.31762137808,233555.3251165025
2.1425849125997938e-05,1602060493.6989717,171717.00463765505,233484.6362341889
2.1574440569633483e-05,1580463665.4483383,171707.62859781153,233413.50925237662
2.172406251698409e-05,1559160483.590193,171698.18908542668,233341.94179326546
2.1874722114745876e-05,1538146936.6456742,171688.68568147355,233269.93147051663
2.2026426559178532e-05,1517419068.068854,171679.11796430487,233197.47588928122
2.217918309644871e-05,1496972975.4936273,171669.48550963873,233124.5726462297
2.2332999022976472e-05,1476804809.9908435,171659.78789054404,233051.2193295816
2.2487881685783458e-05,1456910775.3357105,171650.0246774261,232977.41351913867
2.264383848284418e-05,1437287127.285173,171640.19543801204,232903.15278631516
2.2800876863439015e-05,1417930172.8652816,171630.29973733638,232828.43469417322
2.2959004328510388e-05,1398836269.6682544,171620.3371377262,232753.25679745653
2.311822843102069e-05,1380001825.159271,171610.30719878656,232677.6166426264
2.3278556776313408e-05,1361423295.992687,171600.20947738583,232601.51176789837
2.3439997022476037e-05,1343097187.337714,171590.04352764087,232524.93970328043
2.3602556880706227e-05,1325020052.2132714,171579.8089009021,232447.89797061114
2.376624411567974e-05,1307188490.8320367,171569.5051457388,232370.38408360098
2.3931066545921658e-05,1289599149.9534261,171559.1318079241,232292.39554787276
2.40970320441797e-05,1272248722.245497,171548.68843042004,232213.9298610043
2.4264148537800112e-05,1255133945.6556056,171538.17455336254,232134.984512572
2.443242400910665e-05,1238251602.7896469,171527.58971404636,232055.55698419575
2.4601866495781485e-05,1221598520.2998872,171516.93344690997,231975.6447495842
2.4772484091249504e-05,1205171568.2811108,171506.20528352045,231895.2452745827
2.4944284945064482e-05,1188967659.675134,171495.4047525582,231814.35601722123
2.511727726329878e-05,1172983749.6834056,171484.5313798019,231732.97442776398
2.529146930893487e-05,1157216835.1877456,171473.5846881129,231651.09794876023
2.5466869402260453e-05,1141663954.178951,171462.56419742017,231568.72401509603
2.564348592126544e-05,1126322185.1933174,171451.46942470493,231485.85005404826
2.5821327302042564e-05,1111188646.756815,171440.299883985,231402.47348533812
2.6000402039189895e-05,1096260496.8369606,171429.05508629946,231318.59172118796
2.6180718686217018e-05,1081534932.3021407,171417.73453969328,231234.20216637762
2.6362285855953165e-05,1067009188.3884169,171406.33774920166,231149.30221830343
2.6545112220959024e-05,1052680538.1735784,171394.86421683442,231063.88926703786
2.6729206513940573e-05,1038546292.0584791,171383.31344156043,230977.96069539015
2.6914577528166607e-05,1024603797.2554185,171371.68491929185,230891.5138789691
2.710123411788834e-05,1010850437.2836081,171359.9781428687,230804.54618624703
2.728918519876274e-05,997283631.4714938,171348.19260204272,230717.05497862448
2.7478439748277967e-05,983900834.4659709,171336.3277834619,230629.03761049677
2.766900680618261e-05,970699535.7482607,171324.3831706545,230540.49142932237
2.786089547491704e-05,957677259.1565003,171312.35824401342,230451.4137756919
2.805411492004862e-05,944831562.4148127,171300.2524807799,230361.8019833982
2.8248674370709053e-05,932160036.668896,171288.065355028,230271.65337950992
2.8444583120035687e-05,919660306.0279286,171275.7963376484,230180.96528444364
2.8641850525614905e-05,907330027.1128128,171263.4448963325,230089.7350120398
2.884048600992959e-05,895166888.6105573,171251.01049555643,229997.95986963893
2.9040499060808693e-05,883168610.8348293,171238.49259656473,229905.6371581595
2.9241899231880913e-05,871332945.2924792,171225.8906573546,229812.76417217753
2.9444696143030544e-05,859657674.2560652,171213.2041326596,229719.33820000713
2.9648899480857437e-05,848140610.3421849,171200.43247393344,229625.3565237838
2.9854518999139217e-05,836779596.0956471,171187.5751293339,229530.81641954763
3.0061564519297647e-05,825572503.5792943,171174.63154370652,229435.71515732876
3.0270045930867257e-05,814517233.9694998,171161.60115856846,229340.05000123524
3.0479973191968222e-05,803611717.1571648,171148.48341209203,229243.8182095406
3.06913563297815e-05,792853911.3542389,171135.27773908866,229147.0170347748
3.090420544102829e-05,782241802.7055832,171121.98357099234,229049.64372381548
3.111853069245181e-05,771773404.9062117,171108.60033584334,228951.6955179817
3.133434232130339e-05,761446758.8237303,171095.12745827186,228853.16965312848
3.1551650635830975e-05,751259932.126004,171081.5643594816,228754.06335974345
3.177046601577198e-05,741211018.9138807,171067.91045723332,228654.37386304536
3.19907989128486e-05,731298139.3590032,171054.1651658284,228554.0983830831
3.221265985126752e-05,721519439.346538,171040.32789609238,228453.23413483822
3.24360594282221e-05,711873090.1228538,171026.39805535847,228351.77832832685
3.266100831439909e-05,702357287.9479829,171012.375047451,228249.72816870533
3.2887517254487735e-05,692970253.752898,170998.25827266893,228147.08085637633
3.311559706769361e-05,683710232.8014404,170984.04712776936,228043.833587097
3.334525864825477e-05,674575494.3569342,170969.74100595084,227939.9835520886
3.357651296596266e-05,665564331.3533261,170955.33929683687,227835.52793814844
3.380937106668585e-05,656675060.0708663,170940.8413864593,227730.46392776264
3.4043844072897446e-05,647906019.8162363,170926.24665724172,227624.78869922145
3.427994318420681e-05,639255572.6070366,170911.55448798288,227518.4994267359
3.451767967789402e-05,630722102.8606397,170896.76425384003,227411.59328055635
3.4757064909449004e-05,622304017.087273,170881.8753263123,227304.06742709206
3.4998110313113434e-05,613999743.5873454,170866.8870732239,227195.9190290341
3.524082740242744e-05,605807732.152889,170851.7988587078,227087.14524547858
3.548522777077895e-05,597726453.7731342,170836.61004318882,226977.7432320524
3.573132309195807e-05,589754400.3440828,170821.31998336696,226867.71014104004
3.5979125120714064e-05,581890084.3821003,170805.92803220093,226757.0431215138
3.622864569331744e-05,574132038.7414032,170790.4335388912,226645.73931946344
3.647989672812468e-05,566478816.3354521,170774.8358488636,226533.79587793007
3.673289022614815e-05,558928989.862133,170759.13430375245,226421.20993713994
3.698763827162871e-05,551481151.532741,170743.3282413841,226307.97863464162
3.7244153032613536e-05,544133912.8046452,170727.41699575997,226194.0991054435
3.750244676153671e-05,536885904.1176567,170711.3998970401,226079.5684821544
3.776253179580506e-05,529735774.6339737,170695.2762715266,225964.3838951259
3.8024420558386856e-05,522682191.9817306,170679.04544164668,225848.54247259526
3.828812555840582e-05,515723842.00202626,170662.70672593615,225732.04134083202
3.855365939173797e-05,508859428.4994583,170646.259439023,225614.8776242854
3.882103474161393e-05,502087672.99604213,170629.70289161045,225497.04844573356
3.909026437922408e-05,495407314.48853886,170613.0363904605,225378.55092643533
3.9361361164329215e-05,488817109.2090779,170596.25923837736,225259.38218628344
3.963433804587418e-05,482315830.38909364,170579.37073419086,225139.5393439597
3.990920806260698e-05,475902268.02646786,170562.3701727398,225019.0195170923
4.0185984343700946e-05,469575228.65589684,170545.2568448555,224897.81982241466
4.046468010938252e-05,463333535.122375,170528.0300373453,224775.93737592665
4.074530867156202e-05,457176026.35781604,170510.68903297605,224653.3692930576
4.102788343447019e-05,451101557.16070676,170493.23311045748,224530.11268883073
4.131241789529777e-05,445108997.9788111,170475.66154442597,224406.1646780304
4.1598925644840844e-05,439197234.69482625,170457.97360542807,224281.52237537078
4.1887420368149355e-05,433365168.4150033,170440.16855990395,224156.18289566666
4.217791584518144e-05,427611715.26064175,170422.24567017134,224030.14335400582
4.247042595146093e-05,421935806.16246784,170404.20419440887,223903.40086592388
4.276496465874085e-05,416336386.65780544,170386.04338664009,223775.9525475811
4.3061546035670035e-05,410812416.69055617,170367.76249671695,223647.79551594058
4.336018424846585e-05,405362870.4138934,170349.36077030373,223518.9268889489
4.36608935615901e-05,399986735.9956893,170330.83744886087,223389.34378571901
4.3963688338431155e-05,394683015.42658263,170312.19176962873,223259.04332671416
4.426858304198921e-05,389450724.3307049,170293.4229656116,223128.02263393466
4.457559223556789e-05,384288891.7789742,170274.5302655616,222996.27883110652
4.488473058346915e-05,379196560.10497576,170255.5128939627,222863.80904387153
4.519601285169438e-05,374172784.723342,170236.37007101488,222730.61039997978
4.5509453908649044e-05,369216633.9506449,170217.10101261793,222596.68002948412
4.582506872585357e-05,364327188.8287225,170197.70493035598,222462.01506493666
4.6142872378657716e-05,359503542.9504498,170178.18103148148,222326.6126415868
4.646288004696142e-05,354744802.28787506,170158.52851889958,222190.46989758188
4.678510701593909e-05,350050085.0227356,170138.74659115242,222053.58397416945
4.7109568676770386e-05,345418521.3792756,170118.83444240352,221915.95201590142
4.7436280527375056e-05,340849253.4593705,170098.7912624223,221777.5711708405
4.776525817315296e-05,336341435.07991016,170078.61623656863,221638.43859076855
4.809651732773011e-05,331894231.6123995,170058.3085457773,221498.5514313966
4.843007381370843e-05,327506819.82477725,170037.86736654284,221357.90685257726
4.8765943563422347e-05,323178387.72538215,170017.29187090416,221216.50201851878
4.9104142619699006e-05,318908134.40907866,169996.58122642955,221074.33409800148
4.944468713662532e-05,314695269.90547246,169975.7345962014,220931.40026459546
4.9787593380318795e-05,310539015.029226,169954.75113880128,220787.69769688117
5.0132877729705284e-05,306438601.23240644,169933.63000829497,220643.22357867085
5.048055667730052e-05,302393270.4588767,169912.3703542178,220497.97509923342
5.083064682999868e-05,298402275.00066495,169890.9713215595,220351.94945351916
5.118316490986481e-05,294464877.356319,169869.4320507501,220205.14384238908
5.1538127754934365e-05,290580350.0911866,169847.75167764485,220057.55547284352
5.189555232001667e-05,286747975.69962746,169825.9293335101,219909.18155825452
5.225545567750559e-05,282967046.46909666,169803.96414500885,219760.01931859925
5.261785501819413e-05,279236864.34610885,169781.85523418643,219610.06598069597
5.298276765209645e-05,275556740.8040218,169759.60171845628,219459.31877844082
5.335021100927379e-05,271925996.71265,169737.20271058625,219307.77495304807
5.372020264066787e-05,268343962.2096484,169714.65731868427,219155.4317532904
5.4092760218938375e-05,264809976.57367504,169691.9646461848,219002.28643574342
5.4467901539307934e-05,261323388.099277,169669.1237918349,218848.3362650291
5.4845644520411265e-05,257883553.97350636,169646.13384968092,218693.57851406376
5.52260072051519e-05,254489840.1542115,169622.99390905493,218538.01046430686
5.5609007761563143e-05,251141621.25001314,169599.70305456128,218381.6294060106
5.599466448367677e-05,247838280.40190864,169576.26036606357,218224.43263847323
5.6382995792395905e-05,244579209.1665152,169552.66491867154,218066.4174702932
5.677402023637585e-05,241363807.4008979,169528.91578272806,217907.5812196247
5.716775649290911e-05,238191483.14899144,169505.0120237965,217747.92121443574
5.756422336881845e-05,235061652.52956286,169480.95270264795,217587.43479276804
5.7963439801354285e-05,231973739.62572592,169456.7368752487,217426.11930299757
5.836542485910012e-05,228927176.37595367,169432.36359274804,217263.97210409853
5.877019774288247e-05,225921402.46659976,169407.83190146598,217100.99056590768
5.9177777786688895e-05,222955865.22587836,169383.14084288114,216937.17206939106
5.958818445859054e-05,220030019.51931176,169358.289453619,216772.51400691218
6.0001437361673025e-05,217143327.64659557,169333.27676544004,216607.0137825015
6.041755623497175e-05,214295259.23989215,169308.1018052283,216440.6688121292
6.083656095441578e-05,211485291.16350392,169282.76359497994,216273.47652397712
6.125847153377619e-05,208712907.41493478,169257.2611517921,216105.43435871444
6.168330812562304e-05,205977599.0272945,169231.59348785164,215936.53976977358
6.21110910222869e-05,203278863.9730532,169205.75961042463,215766.7902236291
6.254184065682926e-05,200616207.069102,169179.75852184542,215596.18320007625
6.297557760401734e-05,197989139.88312766,169153.5892195062,215424.7161925131
6.341232258130795e-05,195397180.6412569,169127.25069584686,215252.38670822294
6.385209644983606e-05,192839854.13697955,169100.74193834467,215079.19226865814
6.429492021541216e-05,190316691.6413069,169074.06192950456,214905.13040972652
6.474081502952471e-05,187827230.814173,169047.20964684937,214730.19868207804
6.518980219035137e-05,185371015.61703882,169020.1840629103,214554.39465139355
6.564190314377525e-05,182947596.22670522,168992.98414521775,214377.71589867506
6.609713948441031e-05,180556528.95029578,168965.6088562922,214200.16002053666
6.655553295663235e-05,178197376.14141202,168938.05715363537,214021.7246294977
6.701710545561719e-05,175869706.11743754,168910.3279897216,213842.40735427712
6.748187902838755e-05,173573093.07796782,168882.4203119895,213662.20584008802
6.794987587486494e-05,171307117.02436832,168854.33306283367,213481.11774893553
6.842111834893119e-05,169071363.68042377,168826.065179597,213299.14075991383
6.889562895949504e-05,166865424.41408524,168797.61559456275,213116.27256950605
6.937343037156845e-05,164688896.16027898,168768.9832349473,212932.51089188422
6.985454540734797e-05,162541381.34478328,168740.16702289286,212747.8534592114
7.033899704730613e-05,160422487.80913746,168711.1658754605,212562.2980219436
7.082680843128782e-05,158331828.73659047,168681.97870462353,212375.8423491345
7.131800285961674e-05,156269022.57905367,168652.6044172612,212188.48422874007
7.181260379420728e-05,154233692.98506403,168623.04191515225,212000.22146792425
7.231063485968623e-05,152225468.7287249,168593.29009496936,211811.0518933663
7.28121198445201e-05,150243983.63962936,168563.34784827326,211620.97335156891
7.331708270215252e-05,148288876.5337347,168533.2140615077,211429.9837091668
7.382554755214721e-05,146359791.14519265,168502.88761599408,211238.0808532369
7.433753868134128e-05,144456376.05910453,168472.367387927,211045.26269160866
7.485308054500403e-05,142578284.6452065,168441.65224836956,210851.52715317637
7.537219776800629e-05,140725174.99245462,168410.74106324947,210656.87218821087
7.589491514599539e-05,138896709.8445145,168379.63269335488,210461.29576867298
7.642125764658083e-05,137092556.5361254,168348.32599433113,210264.79588852788
7.695125041052553e-05,135312386.9303461,168316.81981667734,210067.37056405912
7.748491875294793e-05,133555877.35665049,168285.11300574348,209869.01783418388
7.802228816452999e-05,131822708.54987958,168253.20440172806,209669.73576077
7.856338431273596e-05,130112565.59002247,168221.09283967543,209469.52242895088
7.910823304303709e-05,128425137.84282917,168188.77714947425,209268.3759474439
7.96568603801475e-05,126760118.90122926,168156.25615585566,209066.29444886727
8.020929252926588e-05,125117206.52756107,168123.52867839212,208863.2760900583
8.076555587732855e-05,123496102.59658386,168090.5935314966,208659.31905239183
8.132567699426844e-05,121896513.03927843,168057.44952442189,208454.42154209947
8.188968263428562e-05,120318147.78740996,168024.0954612605,208248.5817905878
8.245759973712383e-05,118760720.71885729,167990.53014094484,208041.7980547591
8.302945542935858e-05,117223949.60368386,167956.7523572478,207834.06861733025
8.360527702569157e-05,115707556.05095443,167922.76089878366,207625.391787153
8.418509203025663e-05,114211265.45627286,167888.55454900928,207415.76589953387
8.476892813793223e-05,112734806.95004539,167854.13208622613,207205.18931655513
8.535681323566556e-05,111277913.34644586,167819.49228358208,206993.66042739403
8.594877540380328e-05,109840321.09308612,167784.63390907395,206781.1776486441
8.654484291743408e-05,108421770.22136948,167749.55572555045,206567.73942463475
8.714504424773791e-05,107022004.2975301,167714.25649071555,206353.3442277522
8.774940806334728e-05,105640770.37433684,167678.73495713214,206137.99055875925
8.835796323171521e-05,104277818.94346432,167642.98987222603,205921.67694711537
8.89707388204955e-05,102932903.8885106,167607.01997829071,205704.40195129625
8.958776409892973e-05,101605782.43866359,167570.8240124924,205486.16415911404
9.020906853924672e-05,100296215.12299627,167534.40070687523,205266.96218803572
9.08346818180689e-05,99003965.72539376,167497.7487883673,205046.79468550242
9.146463381783114e-05,97728801.24009125,167460.86697878697,204825.66032924803
9.209895462820672e-05,96470491.82782719,167423.75399484974,204603.55782761666
9.273767454754586e-05,95228810.77259052,167386.40854817527,204380.48591988062
9.33808240843223e-05,94003534.43896462,167348.8293452953,204156.44337655703
9.402843395859001e-05,92794442.23005463,167311.0150876618,203931.42899972436
9.468053510345187e-05,91601316.54598747,167272.96447165558,203705.4416233377
9.533715866653564e-05,90423942.7429854,167234.67618859548,203478.4801135441
9.599833601148327e-05,89262109.09299394,167196.148924748,203250.54336899667
9.666409871944746e-05,88115606.74386874,167157.38136133752,203021.6303211674
9.733447859060167e-05,86984229.68010114,167118.3721745569,202791.73993466017
9.800950764565747e-05,85867774.68408753,167079.12003557858,202560.87120752185
9.868921812739567e-05,84766041.29792313,167039.62361056634,202329.02317155284
9.937364250220466e-05,83678831.78572437,166999.88156068747,202096.19489261668
0.00010006281346163295,82605951.09646143,166959.89254212557,201862.3854709483
0.00010075676392394892,81547206.82730518,166919.65520609365,201627.59404146127
0.00010145552703571486,80502409.18747056,166879.1681988482,201391.81977405323
0.00010215913617336858,79471370.96255963,166838.43016170332,201155.06187391165
0.00010286762494481926,78453907.47938825,166797.43973104563,200917.31958181586
0.00010358102719105106,77449836.57129876,166756.19553835006,200678.59217444021
0.00010429937698774126,76458978.54394263,166714.69621019543,200438.87896465362
0.00010502270864688618,75481156.14153627,166672.94036828153,200198.17930181941
0.00010575105671844174,74516194.5135741,166630.92662944598,199956.49257209216
0.00010648445599197208,73563921.18200178,166588.65360568214,199713.81819871344
0.00010722294149831305,72624166.00883381,166546.11990415756,199470.15564230678
0.0001079665485112436,71696761.16421951,166503.32412723295,199225.50440116937
0.0001087153125491725,70781541.09494102,166460.26487248164,198979.8640115625
0.00010946926937683307,69878342.49334696,166416.94073270995,198733.23404800112
0.00011022845500699321,68987004.26670709,166373.35029597796,198485.61412354003
0.00011099290570217387,68107367.50699048,166329.49214562098,198237.00389005893
0.00011176265797638284,67239275.46105286,166285.36486027163,197987.4030385454
0.00011253774859685705,66382573.50123662,166240.96701388256,197736.8112993754
0.00011331821458582062,65537109.09636836,166196.29717574987,197485.22844259202
0.00011410409322225135,64702731.78315792,166151.3539105372,197232.65427818193
0.0001148954220436632,63879293.13798443,166106.13577830035,196979.08865634922
0.00011569223884789748,63066646.7490725,166060.64133451262,196724.53146778748
0.00011649458169493002,62264648.18904518,166014.86913009096,196468.98264394887
0.0001173024889086873,61473154.98785641,165968.81771142266,196212.44215731154
0.00011811599907887888,60692026.60608989,165922.48562039275,195954.9100216432
0.00011893515106283871,59921124.40862698,165875.87139441218,195696.38629226436
0.00011975998398738313,59160311.638671525,165828.97356644648,195436.87106630573
0.00012059053725067773,58409453.39213318,165781.7906650456,195176.3644829667
0.00012142685052412121,57668416.592358105,165734.32121437372,194914.8667237672
0.00012226896375423836,56937069.96520851,165686.5637342406,194652.3780128004
0.00012311691716459003,56215284.01447987,165638.51674013314,194388.89861697957
0.0001239707512576924,55502930.997657895,165590.17874324767,194124.42884628382
0.00012483050681695362,54799884.90200349,165541.54825052348,193858.96905400025
0.00012569622490861987,54106021.42096856,165492.62376467645,193592.519636963
0.00012656794688373883,53421217.93093083,165443.40378423376,193325.08103578916
0.0001274457143801328,52745353.468250364,165393.8868035696,193056.65373511187
0.00012832956932438958,52078308.70663664,165344.0713129411,192787.2382638099
0.00012921955393386305,51419965.93482829,165293.95579852545,192516.8351952339
0.00013011571071869154,50770209.03457535,165243.53874245784,192245.44514742945
0.00013101808248382738,50128923.45892456,165192.8186228698,191973.06878335678
0.00013192671233108093,49495996.2108015,165141.79391392868,191699.70681110694
0.000132841643661181,48871315.82188403,165090.4630858779,191425.35998411415
0.0001337629201758458,48254772.33176726,165038.82460507794,191150.0291013655
0.00013469058587987264,47646257.267410636,164986.8769340481,190873.7150076057
0.0001356246850832374,47045663.62286898,164934.6185315092,190596.41859353942
0.00013656526240321334,46452885.83929782,164882.0478524269,190318.14079602895
0.00013751236276650014,45867819.785235055,164829.16334805646,190038.88259828882
0.0001384660314113718,45290362.737149425,164775.9634659873,189758.64503007568
0.00013942631388983543,44720413.360257715,164722.44665018952,189477.42916787538
0.00014039325606980912,44157871.68960167,164668.61134106058,189195.23613508494
0.00014136690413731068,43602639.11138613,164614.45597547299,188912.06710219174
0.00014234730459866595,43054618.34456992,164559.97898682306,188627.9232869472
0.00014333450428272794,42513713.422710925,164505.17880508033,188342.8059545378
0.00014432855034311577,41979829.67605691,164450.05385683803,188056.71641775072
0.0001453294902604648,41452873.71388358,164394.60256536418,187769.6560371365
0.00014633737184469682,40932753.40707189,164338.82335065398,187481.62622116573
0.00014735224323730132,40419377.87092573,164282.71462948286,187192.62842638354
0.00014837415291363735,39912657.44822237,164226.2748154602,186902.66415755724
0.0001494031496852466,39412503.69249667,164169.5023190847,186611.73496782253
0.00015043928270218722,38918829.351551905,164112.39554779982,186319.84245882192
0.00015148260145537914,38431548.351197824,164054.95290605086,186026.98828084176
0.00015253315577897034,37950575.77920919,163997.1727953423,185733.174132942
0.00015359099585271477,37475827.869505554,163939.05361429683,185438.40176308356
0.00015465617220437173,37007221.98654511,163880.5937587147,185142.67296824954
0.00015572873571211671,36544676.60993419,163821.79162163436,184845.9895945624
0.00015680873760697423,36088111.319244824,163762.6455933939,184548.3535373961
0.0001578962294752622,35637446.77904206,163703.15406169373,184249.76674148394
0.0001589912632610587,35192604.72411367,163643.31541165969,183950.2312010208
0.0001600938912686803,34753507.94490403,163583.12802590782,183649.74895976132
0.00016120416616518312,34320080.27314485,163522.5902846095,183348.32211111204
0.00016232214098287583,33892246.56768433,163461.70056555807,183045.95279822042
0.00016344786912185535,33469932.700508058,163400.45724423605,182742.64321405665
0.00016458140435255482,33053065.542952932,163338.85869388367,182438.39560149214
0.00016572280081831472,32641572.952107377,163276.9032855682,182133.21225337195
0.00016687211303796626,32235383.75739949,163214.58938825433,181827.09551258277
0.00016802939590843815,31834427.747366503,163151.91536887566,181520.0477721151
0.00016919470470737617,31438635.656606898,163088.87959240712,181212.0714751208
0.00017036809509578607,31047939.15290897,163025.48042193853,180903.1691149651
0.00017154962312068958,30662270.82455709,162961.71621874894,180593.34323527355
0.00017273934521780425,30281564.16780958,162897.58534238228,180282.5964299732
0.0001739373182142363,29905753.57454954,162833.08615072392,179970.9313433295
0.00017514359933119776,29534774.32010251,162768.2170000783,179658.35066997632
0.00017635824618673684,29168562.551222418,162702.97624524764,179344.8571549425
0.00017758131679849294,28807055.27423988,162637.36223961154,179030.45359367074
0.0001788128695864649,28450190.343374148,162571.37333520802,178715.14283203354
0.0001800529633758044,28097906.44920303,162505.0078828149,178398.927766341
0.00018130165739962286,27750143.10729194,162438.26423203349,178081.81134334614
0.0001825590113018231,27406840.64697688,162371.14073137162,177763.79656024132
0.00018382508513994737,27067940.200301427,162303.63572832954,177444.88646465234
0.00018509993938804477,26733383.69110504,162235.7475694855,177125.0841546249
0.00018638363493956233,26403113.824259352,162167.47460058334,176804.39277860604
0.0001876762331102507,26077074.075052913,162098.81516662054,176482.81553542035
0.00018897779564109593,25755208.678719364,162029.76761193763,176160.35567423995
0.00019028838470126538,25437462.620110273,161960.3302803089,175837.0164945495
0.00019160806289108035,25123781.623507366,161890.5015150337,175512.80134610456
0.00019293689324500313,24814112.14257543,161820.27965902936,175187.71362888606
0.00019427493923465097,24508401.350451007,161749.66305492463,174861.7567930463
0.00019562226477182453,24206597.129967816,161678.65004515497,174534.93433885262
0.00019697893421156395,23908648.064014252,161607.2389720582,174207.24981662215
0.00019834501235521952,23614503.426023968,161535.42817797177,173878.70682665348
0.00019972056445355014,23324113.170594905,161463.21600533082,173549.30901915036
0.0002011056562098367,23037427.92423783,161390.6007967676,173219.0600941417
0.00020250035378302378,22754398.97624974,161317.58089521187,172887.96380139416
0.0002039047237908765,22474978.269713305,161244.15464399237,172556.0239403201
0.00020531883331316556,22199118.392617907,161170.32038693945,172223.24435987856
0.0002067427498948683,21926772.56910301,161096.07646848905,171889.62895847263
0.0002081765415493981,21657894.650820058,161021.4212337872,171555.18168383813
0.00020962027676184978,21392439.108413354,160946.35302879647,171219.90653292925
0.00021107402449227418,21130361.023116086,160870.87020040269,170883.80755179646
0.0002125378541789686,20871616.07846231,160794.97109652346,170546.88883545992
0.000214011835741797,20616160.552110802,160718.65406621728,170209.15452777594
0.00021549603958552615,20363951.30778178,160641.91745979435,169870.60882129936
0.00021699053660319216,20114945.787302386,160564.7596289278,169531.25595713817
0.00021849539817948307,19869102.002762113,160487.17892676673,169191.10022480405
0.00022001069619415208,19626378.528773922,160409.1737080498,168850.14596205574
0.00022153650302544743,19386734.494842242,160330.74232922037,168508.3975547385
0.00022307289155357296,19150129.57783403,160251.88314854246,168165.8594366155
0.0002246199351641658,18916523.994553585,160172.59452621802,167822.53608919572
0.00022617770775180515,18685878.49441769,160092.87482450512,167478.43204155442
0.00022774628372353826,18458154.35223178,160012.7224078376,167133.5518701492
0.0002293257380024382,18233313.361063536,159932.13564294524,166787.9001986294
0.00023091614603117867,18011317.82521493,159851.11289897587,166441.4816976406
0.00023251758377564153,17792130.55328895,159769.65254761765,166094.30108462268
0.00023413012772854135,17575714.851352103,159687.75296322323,165746.36312360317
0.00023575385491308293,17362034.516189102,159605.41252293458,165397.67262498403
0.0002373888428866365,17151053.828650624,159522.6296068092,165048.23444532393
0.00023903516974444614,16942737.54709083,159439.402597947,164698.05348711344
0.00024069291412335606,16737050.900895378,159355.7298826187,164347.1346985466
0.00024236215520557063,16533959.584096827,159271.6098503953,163995.48307328473
0.00024404297272243256,16333429.74907797,159187.0408942782,163643.10365021718
0.00024573544695823525,16135428.000360224,159102.02141083105,163290.00151321452
0.00024743965875405365,15939921.388477655,159016.54980031186,162936.18179087737
0.00024915568951160947,15746877.403933635,158930.62446680714,162581.64965627942
0.0002508836211971555,15556263.971240819,158844.24381836632,162226.4103267056
0.0002526235363453946,15368049.443041565,158757.40626713753,161870.46906338388
0.00025437551806341816,15182202.59430936,158670.11022950461,161513.83117121304
0.000256139650034679,14998692.616628602,158582.35412622467,161156.5019984836
0.00025791601652298704,14817489.112552851,158494.13638256738,160798.486936595
0.0002597047023765329,14638562.090040037,158405.4554284547,160439.791419767
0.00026150579303194386,14461881.956963068,158316.30969860186,160080.42092474495
0.00026331937451836096,14287419.51569602,158226.69763265955,159720.38097050172
0.000265145533461552,14115145.957773384,158136.61767535668,159359.67711793265
0.0002669843570880455,13945032.858622862,158046.06827664466,158998.31496954703
0.00026883593322930073,13777052.17236929,157955.04789184226,158636.30016915328
0.0002707003503258993,13611176.2267101,157863.55498178175,158273.63840154
0.0002725776974317733,13447377.717859922,157771.5880129559,157910.33539215144
0.00027446806421845503,13285629.705564851,157679.1454576659,157546.39690675878
0.00027637154097936436,13125905.608183948,157586.22579417028,157181.82875112563
0.0002782882186341171,12968179.197838528,157492.82750683505,156816.63677066975
0.00028021818873287253,12812424.59562681,157398.94908628424,156450.82685011878
0.00028216154346070137,12658616.266904574,157304.5890295519,156084.40491316258
0.00028411837564199394,12506729.016629377,157209.7458402347,155717.37692209965
0.0002860887787448891,12356737.984768981,157114.41802864574,155349.74887748004
0.00028807284688574356,12208618.641771602,157018.60411196883,154981.5268177427
0.0002900706748336224,12062346.784098689,156922.3026144142,154612.71681884906
0.00029208235801483077,11917898.529817756,156825.51206737448,154243.32499391143
0.0002941079925174669,11775250.314256104,156728.2310095823,153873.35749281792
0.0002961476750960168,11634378.885712974,156630.4579872679,153502.8205018517
0.0002982015031759706,11495261.301230878,156532.19155431836,153131.7202433076
0.00030026957485848116,11357874.92242385,156433.43027243702,152760.06297510242
0.00030235198892504506,11222197.411363203,156334.1727113044,152387.8549903833
0.00030444884484222555,11088206.726518692,156234.41744873903,152015.1026171298
0.00030656024276639877,10955881.118755646,156134.16307086006,151641.81221775353
0.0003086862835485428,10825199.127385942,156033.40817224988,151267.99018869264
0.00031082706873904957,10696139.576273467,155932.15135611792,150893.64296000326
0.00031298270059258075,10568681.569991963,155830.3912344649,150518.77699494592
0.0003151532820729466,10442804.49003587,155728.1264282483,150143.39878956956
0.00031733891685802924,10318487.991082132,155625.35556754775,149767.51487228993
0.0003195397093447298,10195711.997303566,155522.07729173213,149391.13180346636
0.00032175576465395985,10074456.698731808,155418.29024962633,149014.25617497278
0.0003239871886356577,9954702.547670398,155313.99309967956,148636.89460976692
0.0003262340878738491,9836430.25515616,155209.18451013358,148259.05376145427
0.0003284965696917333,9719620.7874693,155103.86315919217,147880.74031385058
0.0003307747421568146,9604255.362690497,154998.02773519073,147501.9609805386
0.0003330687140860586,9490315.447305428,154891.6769367668,147122.72250442393
0.00033537859505109564,9377782.752854973,154784.80947303103,146743.031657285
0.0003377044953834486,9266639.232631572,154677.42406373873,146362.89523932248
0.00034004652617980886,9156867.078420019,154569.51943946187,145982.32007870314
0.0003424047993073369,9048448.7172832,154461.09434176184,145601.31303110256
0.0003447794274090113,8941366.808391007,154352.1475233623,145219.8809792432
0.0003471705239090039,8835604.239892969,154242.67774832313,144838.03083243113
0.00034957820301810246,8731144.125832964,154132.6837922141,144455.76952608823
0.0003520025797391609,8627969.803106384,154022.16444228962,144073.10402128298
0.0003544437698725971,8526064.828458298,153911.11849766347,143690.04130425758
0.00035690189002192196,8425412.975522744,153799.54476948414,143306.5883859527
0.00035937705759930697,8325998.231902337,153687.44208111067,142922.7523015301
0.0003618693908311972,8227804.796287316,153574.80926828829,142538.5401098915
0.000364379008763953,8130817.0756142335,153461.64517932525,142153.9588931967
0.00036690603126954155,8035019.682262862,153347.94867526903,141769.01575637716
0.0003694505790512571,7940397.431291673,153233.7186300836,141383.7178266497
0.00037201277364949214,7846935.337710502,153118.9539308264,140998.07225302557
0.00037459273744753683,7754618.613790769,153003.65347782598,140612.08620581933
0.0003771905936774306,7663432.666411825,152887.81618485934,140225.766876154
0.0003798064664258423,7573363.094443872,152771.44097933013,139839.1214754656
0.0003824404806400033,7484395.6861660285,152654.52680244631,139452.1572350042
0.0003850927621336696,7396516.416719945,152537.07260939854,139064.8814053348
0.00038776343759313724,7309711.445597649,152419.0773695381,138677.30125583455
0.00039045263458328746,7223967.114163957,152300.5400665557,138289.42407419012
0.000393160481553686,7139269.943212183,152181.45969865916,137901.25716589123
0.00039588710784471237,7055606.630553486,152061.83527875252,137512.80785372498
0.0003986326436937437,6972964.048638615,151941.66583461393,137124.08347726616
0.00040139722024136974,6891329.242212369,151820.95040907443,136735.09139236846
0.00040418096953766285,6810689.425999559,151699.68806019585,136345.83897065232
0.00040698402454847886,6731031.9824228585,151577.8778614495,135956.33359899258
0.00040980651916181496,6652344.459351239,151455.51890189396,135566.58267900447
0.0004126485881941981,6574614.567879436,151332.61028635342,135176.59362652892
0.00041551036739713123,6497830.180137214,151209.1511355952,134786.37387111547
0.00041839199346357074,6421979.327128785,151085.14058650765,134395.93085550607
0.0004212936040344624,6347050.1966012,150960.57779227747,134005.27203511613
0.0004242153377053088,6273031.130942137,150835.4619225669,133614.40487751577
0.0004271573340327965,6199910.625105829,150709.79216369055,133223.3368619094
0.00043011973354145487,6127677.324567581,150583.5677187922,132832.07547861576
0.0004331026777303752,6056320.023305704,150456.7878080207,132440.62822854586
0.00043610630907996265,5985827.661811243,150329.45166870617,132049.00262268144
0.0004391307710587484,5916189.325124378,150201.5585555352,131657.20618155197
0.00044217620813023583,5847394.240897857,150073.10774072606,131265.24643471235
0.0004452427657598076,5779431.777486401,149944.098514203,130873.1309202183
0.00044833059042166695,5712291.44206238,149814.53018377072,130480.86718410412
0.00045143982960584093,5645962.878756781,149684.40207528745,130088.4627798572
0.0004545706318252182,5580435.866825733,149553.71353283813,129695.92526789483
0.0004577231466226501,5515700.318841597,149422.4639189067,129303.26221503927
0.00046089752457808604,5451746.278908988,149290.65261454802,128910.48119399369
0.00046409391731577353,5388563.92090465,149158.27901955857,128517.58978281733
0.00046731247751149297,5326143.5467415815,149025.34255264723,128124.5955644017
0.0004705533588998577,5264475.584656402,148891.84265160453,127731.50612594571
0.0004738167162816496,5203550.587520279,148757.77877347195,127338.32905843273
0.00047710270553122093,5143359.231172488,148623.15039470952,126945.07195610547
0.00048041148360393156,5083892.312776888,148487.95701136367,126551.742415944
0.0004837432085436543,5025140.749200391,148352.19813923296,126158.34803714174
0.0004870980394903156,4967095.57541377,148215.87331403422,125764.8964205837
0.0004904761366875047,4909747.942913845,148078.9820915666,125371.39516832397
0.0004938776614901204,4853089.118167375,147941.52404787546,124977.85188306487
0.0004973027763720841,4797110.481075807,147803.49877941483,124584.27416763593
0.0005007516449340983,4741803.523461024,147664.90590320903,124190.66962447383
0.0005042244319114577,4687159.847571632,147525.74505701332,123797.04585510404
0.0005077213031819246,4633171.164609341,147386.01589947278,123403.41045962118
0.0005112424257736441,4579829.293275588,147245.71811028122,123009.77103617319
0.0005147879678731303,4527126.15833761,147104.8513903377,122616.13518044353
0.0005183580988332919,4475053.789214208,146963.41546190268,122222.51048513685
0.0005219529891815293,4423604.318580452,146821.4100687526,121828.90453946406
0.0005255728106278711,4372769.980991552,146678.83497633308,121435.32492862977
0.0005292177360731853,4322543.1115251165,146535.68997191096,121041.77923331974
0.000532887939617428,4272916.1444421,146391.97486472523,120648.27502919131
0.0005365835965679697,4223881.611865621,146247.6894861358,120254.81988636292
0.0005403048834479581,4175432.1424779585,146102.8336897719,119861.42136890758
0.0005440519780047603,4127560.460234948,145957.4073516779,119468.08703434505
0.000547825059218443,4080259.3830980402,145811.4103704587,119074.8244331384
0.0005516243073103306,4033521.821783322,145664.84266742278,118681.64110818942
0.0005554499037516051,3987340.7785276817,145517.7041867242,118288.54459433818
0.0005593020312719821,3941709.3458715077,145369.99489550252,117895.54241786168
0.0005631808738684305,3896620.705458062,145221.7147840217,117502.64209597693
0.0005670866168139701,3852068.1268489133,145072.86386580655,117109.85113634319
0.0005710194466665121,3808044.966355622,144923.44217777843,116717.17703656865
0.000574979551277779,3764544.665887042,144773.4497803882,116324.62728371646
0.0005789671198022683,3721560.751812432,144622.88675774826,115932.20935381495
0.0005829823427062964,3679086.8338397485,144471.75321776196,115539.93071136804
0.0005870254117770876,3637116.603909337,144320.04929225205,115147.79880886931
0.0005910965201319436,3595643.8351023914,144167.77513708634,114755.8210863164
0.0005951958622274586,3554662.380564381,144014.9309323023,114364.00497072973
0.0005993236338688165,3514166.172442861,143861.51688222893,113972.35787567095
0.0006034800322191349,3474149.220839832,143707.53321560723,113580.88720076613
0.0006076652558088916,3434605.6127781007,143552.9801857083,113189.60033122894
0.0006118795045453976,3395529.5111817964,143397.85807044964,112798.50463738843
0.0006161229797223562,3356915.1538704997,143242.16717250893,112407.6074742168
0.0006203958840294669,3318756.852567158,143085.90781943634,112016.91618086207
0.0006246984215621175,3281048.991919231,142929.080363764,111626.43808018103
0.0006290307978311228,3243786.0285332506,142771.68518311385,111236.18047827663
0.0006333932197725506,3206962.4900222607,142613.72268030274,110846.15066403616
0.0006377858957575957,3170572.974066308,142455.19328344575,110456.35590867377
0.0006422090356025434,3134612.1474854443,142296.09744605684,110066.8034652741
0.0006466628505787809,3099074.745325452,142136.43564714756,109677.50056834002
0.0006511475534228989,3063955.569955731,141976.20839132287,109288.45443334176
0.000655663358346843,3029249.4901795494,141815.4162088752,108899.6722562702
0.0006602104810481552,2994951.440356157,141654.05965587538,108511.16121319152
0.0006647891387202672,2961056.4195349007,141492.13931426214,108122.92845980656
0.0006693995500628844,2927559.490600888,141329.65579192762,107734.98113101076
0.0006740419352924218,2894455.7794323424,141166.60972280218,107347.3263404597
0.0006787165161525334,2861740.474069168,141003.0017669349,106959.9711801349
0.0006834235159246928,2829408.8238929072,140838.832610573,106572.92271991535
0.0006881631594388693,2797456.138817606,140674.10296623746,106186.18800714955
0.000692935673084256,2765877.7884917483,140508.81357279693,105799.77406623292
0.0006977412848200925,2734669.2015108187,140342.96519553833,105413.68789818652
0.0007025802241865499,2703825.8646405907,140176.55862623506,105027.93648023995
0.0007074527223156901,2673343.322050875,140009.5946832126,104642.52676541773
0.0007123590119425159,2643217.174559526,139842.07421141103,104257.46568212759
0.0007172993274160759,2613443.0788867716,139673.99808244506,103872.76013375365
0.0007222739047106703,2584016.7469194517,139505.3671946609,103488.41699825141
0.0007272829814371099,2554933.9449853213,139336.1824731911,103104.4431277477
0.0007323267968540777,2526190.493136993,139166.44487000527,102720.84534814206
0.0007374055918795456,2497782.2644456644,138996.15536395935,102337.63045871358
0.0007425196091022929,2469705.184304231,138825.3149608406,101954.80523172935
0.0007476690927934823,2441955.2297399137,138653.92469341098,101572.37641205805
0.0007528542889183394,2414528.4287360236,138481.98562144637,101190.3507167852
0.0007580754451478887,2387420.8595629814,138309.49883177376,100808.73483483394
0.0007633328108707966,2360628.6501182173,138136.46543830473,100427.5354265874
0.0007686266372052704,2334147.9772750884,137962.88658206668,100046.75912351663
0.000773957177011066,2307975.0662404294,137788.76343123007,99666.41252781008
0.0007793246849015524,2282106.1899208804,137614.09718113343,99286.50221200858
0.0007847294172558871,2256537.6682976075,137438.88905430477,98907.03471864245
0.0007901716322312483,2231265.8678095634,137263.1403004803,98528.0165598739
0.0007956515897751789,2206287.200744927,137086.85219661947,98149.45421714112
0.0008011695516379904,2181598.124640834,136910.02604691757,97771.35414080831
0.0008067257813852781,2157195.141691069,136732.66318281443,97393.72274981764
0.0008123205444104971,2133074.798161837,136554.76496300063,97016.56643134626
0.000817954107947652,2109233.6838152655,136376.33277341985,96639.89154046605
0.0008236267410840484,2085668.4313407738,136197.36802726876,96263.70439980843
0.0008293387147731592,2062375.7157939614,136017.87216499285,95888.01129923174
0.0008350903018475526,2039352.2540431519,135837.84665427983,95512.81849549379
0.0008408817770319383,2016594.8042232604,135657.29299004897,95138.13221192661
0.0008467134169562757,1994100.16519709,135476.21269443815,94763.95863811737
0.0008525855001690009,1971865.1760237683,135294.60731678634,94390.30392959081
0.0008584983071503181,1949886.7154344125,135112.47843361422,94017.17420749774
0.0008644521203256096,1928161.7013147324,134929.82764860024,93644.57555830586
0.0008704472240789134,1906687.0901946747,134746.65659255435,93272.51403349599
0.0008764839047665198,1885459.876744808,134562.96692338746,92900.99564926072
0.000882562450730635,1864477.0932795717,134378.7603260786,92530.02638620893
0.000888683152313169,1843735.8092670708,134194.03851263766,92159.61218907248
0.0008948463018695884,1823233.1308455523,134008.80322206594,91789.7589664188
0.0009010521937828957,1802966.2003462554,133823.05622031188,91420.47259036558
0.0009073011244776758,1782932.1958227607,133636.79930022525,91051.75889630163
0.0009135933924342697,1763128.330586533,133450.03428150597,90683.6236826098
0.0009199292982030163,1743551.852748796,133262.7630106514,90316.07271039595
0.0009263091444186233,1724200.0447684336,133074.98736089884,89949.11170322019
0.000932733235814607,1705070.2230060406,132886.70923216548,89582.74634683413
0.0009392018792378643,1686159.7372838517,132697.9305509845,89216.98228892038
0.0009457153836633125,1667465.9704516449,132508.65327043843,88851.82513883822
0.0009522740602086638,1648986.337958365,132318.8793700878,88487.28046737114
0.0009588782221492701,1630718.287429563,132128.6108558983,88123.35380648111
0.0009655281849331023,1612659.2982503935,131937.84976016253,87760.05064906478
0.0009722242661958017,1594806.88115428,131746.59814142023,87397.37644871572
