{
  "params": {
    "H0": 67.4,
    "Om0": 0.315,
    "Obh2": 0.02237,
    "ns": 0.9649,
    "alpha": 0.0005,
    "Rmax": 1000000000.0,
    "eps0": 0.7,
    "n_eps": 0.0,
    "k_sat": 0.9762,
    "Neff": 3.046,
    "Tcmb": 2.7255,
    "recomb_method": "PLANCK18"
  },
  "results": {
    "bao": {
      "chi2": 275.5600310558655,
      "predictions": {
        "DV_over_rs": "[ 4.32878984  5.37406254  9.17971594 10.62541421 11.51655619]"
      },
      "observations": {
        "redshift": "[0.106 0.15  0.38  0.51  0.61 ]",
        "DV_over_rs": "[ 4.47  4.47 10.23 13.36 16.69]"
      },
      "covariance": "[[0.0289 0.     0.     0.     0.    ]\n [0.     0.0289 0.     0.     0.    ]\n [0.     0.     0.0289 0.     0.    ]\n [0.     0.     0.     0.0441 0.    ]\n [0.     0.     0.     0.     0.6889]]"
    }
  },
  "metrics": {
    "chi2": 0.0,
    "chi2_reduced": 0.0,
    "aic": 18.0,
    "bic": 20.723265836946414,
    "dof": 1,
    "n_params": 9,
    "n_data": 10,
    "p_value": 1.0
  },
  "chi2_breakdown": {
    "bao": 275.5600310558655
  },
  "datasets": [
    "bao"
  ],
  "model": "pbuf",
  "_execution_time": 0.0005903244018554688
}