a,H,c_s,integrand
9.722054556408574e-10,709843167183.6234,173085.1859739641,257977235853.19156
9.789478447669334e-10,709843167183.6234,173085.187417626,254435899137.81784
9.857369933622756e-10,709843167183.6234,173085.18883166372,250943175450.6853
9.925732257107512e-10,709843167183.6234,173085.19021668515,247498397467.1216
9.994568683451726e-10,709843167183.6234,173085.1915732858,244100907022.96393
1.0063882500629087e-09,709843167183.6234,173085.19126574724,240750052712.81714
1.0133677019415836e-09,709843167183.6234,173085.19081453583,237445196496.79422
1.0203955573549065e-09,709843167183.6234,173085.1903601952,234185707139.32733
1.0274721519885693e-09,709843167183.6234,173085.18990270369,230970961874.51776
1.0345978238562992e-09,709843167183.6234,173085.18944203938,227800346485.37805
1.041772913315994e-09,709843167183.6234,173085.18897818032,224673255186.48264
1.0489977630859968e-09,709843167183.6234,173085.18851110432,221589090508.2175
1.0562727182614403e-09,709843167183.6234,173085.18804078907,218547263182.6375
1.0635981263307483e-09,709843167183.6234,173085.18756721212,215547192030.87155
1.0709743371922229e-09,709843167183.6234,173085.18709035087,212588303852.0854
1.0784017031707765e-09,709843167183.6234,173085.1866101825,209670033313.95694
1.0858805790347343e-09,709843167183.6234,173085.1861266841,206791822844.67328
1.093411322012796e-09,709843167183.6234,173085.18563983258,203953122526.39273
1.100994291811092e-09,709843167183.6234,173085.18514960466,201153389990.17947
1.1086298506303802e-09,709843167183.6234,173085.18465597698,198392090312.37085
1.1163183631833223e-09,709843167183.6234,173085.18415892587,195668695912.38293
1.12406019671192e-09,709843167183.6234,173085.18365842765,192982686451.90414
1.131855721005049e-09,709843167183.6234,173085.1831544584,190333548735.48013
1.1397053084161387e-09,709843167183.6234,173085.1826469941,187720776612.45627
1.147609333880932e-09,709843167183.6234,173085.18213601044,185143870880.27975
1.15556817493541e-09,709843167183.6234,173085.18162148303,182602339189.11542
1.1635822117338185e-09,709843167183.6234,173085.18110338732,180095695947.77847
1.1716518270668428e-09,709843167183.6234,173085.1805816985,177623462230.95074
1.1797774063798648e-09,709843167183.6234,173085.18005639172,175185165687.68494
1.1879593377913918e-09,709843167183.6234,173085.17952744188,172780340451.15
1.1961980121115852e-09,709843167183.6234,173085.1789948237,170408527049.6248
1.2044938228609482e-09,709843167183.6234,173085.1784585117,168069272318.70413
1.2128471662890922e-09,709843167183.6234,173085.17791848036,165762129314.72507
1.2212584413936834e-09,709843167183.6234,173085.17737470378,163486657229.3668
1.2297280499394908e-09,709843167183.6234,173085.17682715604,161242421305.4316
1.2382563964775969e-09,709843167183.6234,173085.176275811,159028992753.77405
1.246843888364691e-09,709843167183.6234,173085.1757206423,156845948671.38287
1.2554909357825465e-09,709843167183.6234,173085.1751616234,154692871960.57544
1.264197951757603e-09,709843167183.6234,173085.17459872764,152569351249.3082
1.2729653521807157e-09,709843167183.6234,173085.17403192815,150474980812.57428
1.2817935558269883e-09,709843167183.6234,173085.17346119782,148409360494.89194
1.2906829843757976e-09,709843167183.6234,173085.17288650936,146372095633.84503
1.2996340624309245e-09,709843167183.6234,173085.1723078354,144362796984.68027
1.3086472175408554e-09,709843167183.6234,173085.17172514822,142381080645.9324
1.3177228802191736e-09,709843167183.6234,173085.17113842003,140426567986.0824
1.3268614839651429e-09,709843167183.6234,173085.17054762284,138498885571.21014
1.3360634652844032e-09,709843167183.6234,173085.16995272835,136597665093.64775
1.345329263709843e-09,709843167183.6234,173085.1693537082,134722543301.60535
1.3546593218225591e-09,709843167183.6234,173085.16875053372,132873161929.77406
1.3640540852730148e-09,709843167183.6234,173085.16814317615,131049167630.8714
1.3735140028023419e-09,709843167183.6234,173085.16753160654,129250211908.12694
1.3830395262637414e-09,709843167183.6234,173085.16691579556,127475951048.70389
1.3926311106440893e-09,709843167183.6234,173085.16629571386,125726046058.02449
1.4022892140856573e-09,709843167183.6234,173085.16567133178,124000162595.00278
1.4120142979080192e-09,709843167183.6234,173085.16504261957,122297970908.16049
1.4218068266300505e-09,709843167183.6234,173085.16440954714,120619145772.63028
1.431667267992141e-09,709843167183.6234,173085.16377208426,118963366428.0131
1.4415960929785223e-09,709843167183.6234,173085.16313020047,117330316517.09523
1.4515937758397905e-09,709843167183.6234,173085.16248386513,115719684025.40019
1.4616607941155214e-09,709843167183.6234,173085.1618330474,114131161221.58052
1.4717976286571048e-09,709843167183.6234,173085.16117771613,112564444598.61794
1.4820047636507002e-09,709843167183.6234,173085.16051784006,111019234815.83638
1.492282686640388e-09,709843167183.6234,173085.15985338765,109495236641.70567
1.5026318885514216e-09,709843167183.6234,173085.1591843272,107992158897.43935
1.513052863713699e-09,709843167183.6234,173085.1585106267,106509714401.3577
1.5235461098853642e-09,709843167183.6234,173085.157832254,105047619914.0199
1.5341121282766053e-09,709843167183.6234,173085.15714917667,103605596084.10417
1.54475142357356e-09,709843167183.6234,173085.15646136214,102183367395.03944
1.5554645039624446e-09,709843167183.6234,173085.1557687775,100780662112.36095
1.5662518811538162e-09,709843167183.6234,173085.1550713897,99397212231.79382
1.57711407040704e-09,709843167183.6234,173085.1543691654,98032753428.04414
1.5880515905548613e-09,709843167183.6234,173085.1536620711,96687025004.30138
1.599064964028215e-09,709843167183.6234,173085.152950073,95359769842.42555
1.6101547168811647e-09,709843167183.6234,173085.1522331371,94050734353.82335
1.621321378816057e-09,709843167183.6234,173085.15151122917,92759668430.99384
1.6325654832087833e-09,709843167183.6234,173085.1507843147,91486325399.74684
1.6438875671342823e-09,709843167183.6234,173085.15005235895,90230461972.06973
1.6552881713921806e-09,709843167183.6234,173085.14931532703,88991838199.64578
1.6667678405326505e-09,709843167183.6234,173085.1485731837,87770217428.0061
1.6783271228823803e-09,709843167183.6234,173085.14782589345,86565366251.31824
1.6899665705707924e-09,709843167183.6234,173085.14707342064,85377054467.7882
1.7016867395564011e-09,709843167183.6234,173085.14631572936,84205055035.67905
1.7134881896533969e-09,709843167183.6234,173085.1455527834,83049144029.9288
1.725371484558344e-09,709843167183.6234,173085.1447845463,81909100599.3711
1.7373371918771321e-09,709843167183.6234,173085.14401098134,80784706924.536
1.7493858831520759e-09,709843167183.6234,173085.14323205163,79675748176.03429
1.7615181338892416e-09,709843167183.6234,173085.14244771996,78582012473.50894
1.7737345235858942e-09,709843167183.6234,173085.1416579488,77503290845.15672
1.7860356357582054e-09,709843167183.6234,173085.1408627005,76439377187.79898
1.7984220579691107e-09,709843167183.6234,173085.14006193704,75390068227.50424
1.8108943818564036e-09,709843167183.6234,173085.13925562016,74355163480.74783
1.8234532031609521e-09,709843167183.6234,173085.1384437114,73334465216.11066
1.8360991217551822e-09,709843167183.6234,173085.1376261719,72327778416.49771
1.8488327416717173e-09,709843167183.6234,173085.13680296266,71334910741.87885
1.8616546711322587e-09,709843167183.6234,173085.1359740444,70355672492.53749
1.874565522576593e-09,709843167183.6234,173085.13513937744,69389876572.82968
1.887565912691868e-09,709843167183.6234,173085.13429892197,68437338455.435326
1.9006564624420707e-09,709843167183.6234,173085.13345263785,67497876146.10033
1.9138377970976435e-09,709843167183.6234,173085.13260048456,66571310148.86759
1.927110546265378e-09,709843167183.6234,173085.13174242157,65657463431.78016
1.9404753439184842e-09,709843167183.6234,173085.1308784077,64756161393.05717
1.9539328284268614e-09,709843167183.6234,173085.13000840187,63867231827.73496
1.967483642587623e-09,709843167183.6234,173085.12913236237,62990504894.76278
1.981128433655753e-09,709843167183.6234,173085.12825024745,62125813084.55584
1.994867853375042e-09,709843167183.6234,173085.12736201496,61272991186.98901
2.0087025580092473e-09,709843167183.6234,173085.1264676224,60431876259.82964
2.0226332083733875e-09,709843167183.6234,173085.12556702716,59602307597.60874
2.0366604698653397e-09,709843167183.6234,173085.12466018615,58784126700.91393
2.0507850124976057e-09,709843167183.6234,173085.12374705612,57977177246.10733
2.0650075109293477e-09,709843167183.6234,173085.12282759335,57181305055.45602
2.0793286444985658e-09,709843167183.6234,173085.12190175406,56396358067.67729
2.093749097254577e-09,709843167183.6234,173085.12096949387,55622186308.8836
2.108269557990674e-09,709843167183.6234,173085.12003076836,54858641863.92911
2.1228907202770586e-09,709843167183.6234,173085.1190855327,54105578848.146866
2.1376132824939187e-09,709843167183.6234,173085.11813374163,53362853379.47843
2.152437947864822e-09,709843167183.6234,173085.11717534985,52630323550.98163
2.167365424490287e-09,709843167183.6234,173085.11621031148,51907849403.71827
2.1823964253816404e-09,709843167183.6234,173085.1152385804,51195292900.01169
2.197531668495022e-09,709843167183.6234,173085.11426011028,50492517897.075424
2.2127718767657127e-09,709843167183.6234,173085.11327485432,49799390120.999695
2.228117778142648e-09,709843167183.6234,173085.11228276548,49115777141.09765
2.2435701056232242e-09,709843167183.6234,173085.11128379634,48441548344.60108
2.259129597288257e-09,709843167183.6234,173085.11027789928,47776574911.70785
2.27479699633727e-09,709843167183.6234,173085.10926502614,47120729790.96741
2.2905730511239763e-09,709843167183.6234,173085.10824512862,46473887675.007095
2.3064585151920635e-09,709843167183.6234,173085.107218158,45835924976.588844
2.3224541473111254e-09,709843167183.6234,173085.1061840652,45206719804.99877
2.338560711512947e-09,709843167183.6234,173085.10514280078,44586151942.756775
2.354778977127976e-09,709843167183.6234,173085.1040943151,43974102822.64843
2.3711097188221114e-09,709843167183.6234,173085.103038558,43370455505.069565
2.387553716633645e-09,709843167183.6234,173085.1019754791,42775094655.68584
2.40411175601056e-09,709843167183.6234,173085.10090502765,42187906523.39525
2.420784627848028e-09,709843167183.6234,173085.09982715244,41608778918.595116
2.4375731285262263e-09,709843167183.6234,173085.09874180204,41037601191.74568
2.4544780599483157e-09,709843167183.6234,173085.0976489246,40474264212.2311
2.4715002295787864e-09,709843167183.6234,173085.09654846787,39918660347.50731
2.4886404504820026e-09,709843167183.6234,173085.09544037937,39370683442.53819
2.505899541361082e-09,709843167183.6234,173085.09432460612,38830228799.51207
2.52327832659694e-09,709843167183.6234,173085.09320109486,38297193157.83975
2.5407776362877046e-09,709843167183.6234,173085.0920697919,37771474674.42409
2.5583983062883483e-09,709843167183.6234,173085.0909306432,37252972904.2022
2.576141178250653e-09,709843167183.6234,173085.08978359436,36741588780.952965
2.5940070996633488e-09,709843167183.6234,173085.0886285906,36237224598.37103
2.6119969238926367e-09,709843167183.6234,173085.0874655767,35739783991.39761
2.6301115102229285e-09,709843167183.6234,173085.0862944972,35249171917.8093
2.648351723897933e-09,709843167183.6234,173085.0851152961,34765294640.05795
2.66671843616192e-09,709843167183.6234,173085.08392791706,34288059707.362663
2.6852125243013786e-09,709843167183.6234,173085.08273230342,33817375938.044807
2.7038348716868985e-09,709843167183.6234,173085.08152839806,33353153402.10714
2.7225863678154093e-09,709843167183.6234,173085.08031614343,32895303404.050495
2.7414679083526004e-09,709843167183.6234,173085.07909548166,32443738465.929054
2.7604803951757355e-09,709843167183.6234,173085.07786635446,31998372310.635746
2.7796247364167644e-09,709843167183.6234,173085.0766287031,31559119845.41721
2.798901846505634e-09,709843167183.6234,173085.0753824685,31125897145.617268
2.818312646214008e-09,709843167183.6234,173085.07412759107,30698621438.641087
2.837858062699229e-09,709843167183.6234,173085.07286401093,30277211088.140938
2.857539029548646e-09,709843167183.6234,173085.07159166769,29861585578.41757
2.8773564868241417e-09,709843167183.6234,173085.0703105006,29451665499.03818
2.897311381107078e-09,709843167183.6234,173085.06902044846,29047372529.663055
2.9174046655434873e-09,709843167183.6234,173085.0677214496,28648629425.082012
2.9376372998896477e-09,709843167183.6234,173085.06641344208,28255360000.454773
2.958010250557853e-09,709843167183.6234,173085.0650963633,27867489116.756313
2.9785244906626214e-09,709843167183.6234,173085.06377015047,27484942666.41974
2.9991810000671533e-09,709843167183.6234,173085.06243474016,27107647559.177483
3.019980765430182e-09,709843167183.6234,173085.06109006863,26735531708.095676
3.0409247802530292e-09,709843167183.6234,173085.05973607162,26368524015.802376
3.0620140449271076e-09,709843167183.6234,173085.0583726845,26006554360.9026
3.08324956678168e-09,709843167183.6234,173085.05699984205,25649553584.581245
3.104632360132026e-09,709843167183.6234,173085.05561747885,25297453477.388577
3.126163446327813e-09,709843167183.6234,173085.05422552876,24950186766.20921
3.1478438538019336e-09,709843167183.6234,173085.0528239253,24607687101.407932
3.1696746181196015e-09,709843167183.6234,173085.05141260158,24269889044.153194
3.1916567820278683e-09,709843167183.6234,173085.04999149012,23936728053.91338
3.213791395505352e-09,709843167183.6234,173085.04856052308,23608140476.126766
3.236079515812441e-09,709843167183.6234,173085.04711963213,23284063530.038727
3.2585222075417683e-09,709843167183.6234,173085.0456687484,22964435296.707054
3.2811205426691144e-09,709843167183.6234,173085.04420780268,22649194707.170853
3.303875600604532e-09,709843167183.6234,173085.04273672504,22338281530.783638
3.3267884682439546e-09,709843167183.6234,173085.04125544534,22031636363.704876
3.349860240021088e-09,709843167183.6234,173085.03976389277,21729200617.55038
3.373092017959738e-09,709843167183.6234,173085.0382619961,21430916508.197636
3.3964849117263685e-09,709843167183.6234,173085.03674968358,21136727044.7465
3.420040038683159e-09,709843167183.6234,173085.03522688302,20846576018.629627
3.4437585239413474e-09,709843167183.6234,173085.03369352163,20560407992.873493
3.467641500415027e-09,709843167183.6234,173085.0321495262,20278168291.50583
3.491690108875176e-09,709843167183.6234,173085.03059482298,19999802989.110046
3.5159054980042038e-09,709843167183.6234,173085.0290293377,19725258900.5215
3.540288824450787e-09,709843167183.6234,173085.0274529956,19454483570.66611
3.5648412528851765e-09,709843167183.6234,173085.02586572134,19187425264.53751
3.589563956054741e-09,709843167183.6234,173085.02426743918,18924032957.313427
3.6144581148400253e-09,709843167183.6234,173085.02265807273,18664256324.60625
3.639524918311201e-09,709843167183.6234,173085.0210375451,18408045732.847473
3.6647655637847736e-09,709843167183.6234,173085.01940577893,18155352229.80551
3.69018125688083e-09,709843167183.6234,173085.0177626963,17906127535.23218
3.715773211580613e-09,709843167183.6234,173085.0161082187,17660324031.63826
3.741542650284488e-09,709843167183.6234,173085.01444226707,17417894755.195763
3.767490803870398e-09,709843167183.6234,173085.01276476186,17178793386.764315
3.793618911752556e-09,709843167183.6234,173085.01107562298,16942974243.042223
3.8199282219407e-09,709843167183.6234,173085.0093747697,16710392267.837587
3.846419991099747e-09,709843167183.6234,173085.0076621208,16481003023.459435
3.873095484609724e-09,709843167183.6234,173085.00593759448,16254762682.228111
3.8999559766262724e-09,709843167183.6234,173085.0042011084,16031628018.100962
3.927002750141477e-09,709843167183.6234,173085.00245257953,15811556398.413656
3.95423709704521e-09,709843167183.6234,173085.00069192442,15594505775.734255
3.981660318186742e-09,709843167183.6234,173084.99891905897,15380434679.830252
4.009273723436946e-09,709843167183.6234,173084.9971338985,15169302209.74464
4.037078631750825e-09,709843167183.6234,173084.9953363577,14961068025.981573
4.065076371230581e-09,709843167183.6234,173084.99352635077,14755692342.798483
4.093268279188952e-09,709843167183.6234,173084.99170379125,14553135920.605265
4.1216557022131555e-09,709843167183.6234,173084.98986859203,14353360058.466572
4.1502399962291734e-09,709843167183.6234,173084.9880206655,14156326586.707766
4.179022526566586e-09,709843167183.6234,173084.9861599234,13961997859.62167
4.2080046680236875e-09,709843167183.6234,173084.98428627683,13770336748.27655
4.237187804933218e-09,709843167183.6234,173084.9823996363,13581306633.421757
4.266573331228454e-09,709843167183.6234,173084.9804999117,13394871398.491354
4.296162650509858e-09,709843167183.6234,173084.97858701227,13210995422.703163
4.325957176112018e-09,709843167183.6234,173084.9766608467,13029643574.253664
4.355958331171225e-09,709843167183.6234,173084.97472132294,12850781203.605131
4.386167548693411e-09,709843167183.6234,173084.97276834838,12674374136.86568
4.416586271622675e-09,709843167183.6234,173084.97080182968,12500388669.259455
4.4472159529100895e-09,709843167183.6234,173084.96882167296,12328791558.687592
4.478058055583179e-09,709843167183.6234,173084.96682778362,12159550019.376429
4.50911405281576e-09,709843167183.6234,173084.96482006647,11992631715.613625
4.5403854279983854e-09,709843167183.6234,173084.96279842552,11828004755.5696
4.571873674809088e-09,709843167183.6234,173084.9607627643,11665637685.204802
4.6035802972847925e-09,709843167183.6234,173084.95871298554,11505499482.259644
4.63550680989313e-09,709843167183.6234,173084.95664899133,11347559550.32748
4.6676547376048424e-09,709843167183.6234,173084.95457068307,11191787713.008429
4.700025615966514e-09,709843167183.6234,173084.95247796152,11038154208.144363
4.732620991173992e-09,709843167183.6234,173084.9503707267,10886629682.13208
4.765442420146202e-09,709843167183.6234,173084.948248878,10737185184.315134
4.798491470599591e-09,709843167183.6234,173084.946112314,10589792161.452093
4.831769721122894e-09,709843167183.6234,173084.94396093275,10444422452.261633
4.865278761252614e-09,709843167183.6234,173084.9417946314,10301048282.041586
4.899020191548904e-09,709843167183.6234,173084.93961330652,10159642257.362448
4.932995623672099e-09,709843167183.6234,173084.9374168539,10020177360.833172
4.967206680459578e-09,709843167183.6234,173084.93520516864,9882626945.939665
5.00165499600336e-09,709843167183.6234,173084.9329781451,9746964731.953299
5.036342215728112e-09,709843167183.6234,173084.93073567693,9613164798.909826
5.071269996469826e-09,709843167183.6234,173084.92847765697,9481201582.656723
5.106440006554839e-09,709843167183.6234,173084.9262039774,9351049869.969318
5.1418539258795966e-09,709843167183.6234,173084.92391452965,9222684793.733185
5.1775134459908554e-09,709843167183.6234,173084.92160920426,9096081828.193098
5.213420270166564e-09,709843167183.6234,173084.91928789124,8971216784.26682
5.2495761134970916e-09,709843167183.6234,173084.91695047967,8848065804.9239
5.285982702967214e-09,709843167183.6234,173084.91459685788,8726605360.627275
5.322641777538667e-09,709843167183.6234,173084.9122269135,8606812244.837437
5.35955508823308e-09,709843167183.6234,173084.90984053325,8488663569.57898
5.396724398215698e-09,709843167183.6234,173084.90743760322,8372136761.067276
5.43415148287958e-09,709843167183.6234,173084.90501800863,8257209555.395534
5.4718381299303755e-09,709843167183.6234,173084.9025816339,8143859994.281092
5.509786139471806e-09,709843167183.6234,173084.90012836264,8032066420.869719
5.547997324091513e-09,709843167183.6234,173084.8976580777,7921807475.598237
5.5864735089476995e-09,709843167183.6234,173084.89517066104,7813062092.113281
5.6252165318563825e-09,709843167183.6234,173084.89266599392,7705809493.246138
5.6642282433790365e-09,709843167183.6234,173084.89014395664,7600029187.043385
5.703510506911076e-09,709843167183.6234,173084.8876044288,7495700962.851397
5.7430651987708185e-09,709843167183.6234,173084.88504728908,7392804887.454971
5.782894208289195e-09,709843167183.6234,173084.88247241528,7291321301.268597
5.822999437899859e-09,709843167183.6234,173084.87987968448,7191230814.580612
5.863382803230146e-09,709843167183.6234,173084.87726897284,7092514303.848318
5.904046233192526e-09,709843167183.6234,173084.87464015564,6995152908.044304
5.9449916700768384e-09,709843167183.6234,173084.8719931073,6899128025.052581
5.9862210696429165e-09,709843167183.6234,173084.86932770148,6804421308.114765
6.027736401214104e-09,709843167183.6234,173084.86664381073,6711014662.324469
6.069539647771267e-09,709843167183.6234,173084.86394130698,6618890241.170166
6.111632806047615e-09,709843167183.6234,173084.86122006105,6528030443.125158
6.154017886623924e-09,709843167183.6234,173084.85847994304,6438417908.284928
6.196696914024669e-09,709843167183.6234,173084.855720822,6350035515.050086
6.239671926814679e-09,709843167183.6234,173084.85294256618,6262866376.8551855
6.282944977696609e-09,709843167183.6234,173084.85014504293,6176893838.942129
6.326518133608834e-09,709843167183.6234,173084.8473281185,6092101475.178376
6.370393475824281e-09,709843167183.6234,173084.8444916585,6008473084.918325
6.414573100049784e-09,709843167183.6234,173084.84163552732,5925992689.908072
6.459059116526297e-09,709843167183.6234,173084.8387595886,5844644531.232383
6.503853650129528e-09,709843167183.6234,173084.83586370494,5764413066.30403
6.548958840471538e-09,709843167183.6234,173084.8329477381,5685282965.894021
6.5943768420028935e-09,709843167183.6234,173084.83001154868,5607239111.202819
6.64010982411567e-09,709843167183.6234,173084.82705499657,5530266590.971559
6.686159971246922e-09,709843167183.6234,173084.82407794043,5454350698.633316
6.732529482983126e-09,709843167183.6234,173084.82108023815,5379476929.503062
6.7792205741651864e-09,709843167183.6234,173084.8180617465,5305630978.006456
6.826235474994345e-09,709843167183.6234,173084.8150223213,5232798734.946398
6.873576431138535e-09,709843167183.6234,173084.81196181744,5160966284.807572
6.921245703839757e-09,709843167183.6234,173084.8088800887,5090119903.09753
6.969245570022035e-09,709843167183.6234,173084.80577698787,5020246053.724534
7.017578322400281e-09,709843167183.6234,173084.80265236672,4951331386.411167
7.066246269589642e-09,709843167183.6234,173084.79950607606,4883362734.14384
7.115251736215882e-09,709843167183.6234,173084.79633796556,4816327110.656897
7.164597063026358e-09,709843167183.6234,173084.7931478839,4750211707.951516
7.214284607001949e-09,709843167183.6234,173084.7899356788,4685003893.848427
7.264316741469456e-09,709843167183.6234,173084.7867011967,4620691209.5746
7.3146958562150524e-09,709843167183.6234,173084.78344428315,4557261367.382738
7.3654243575985255e-09,709843167183.6234,173084.78016478266,4494702248.203427
7.416504668668033e-09,709843167183.6234,173084.77686253854,4433001899.329868
7.467939229275962e-09,709843167183.6234,173084.77353739302,4372148532.134014
7.519730496195438e-09,709843167183.6234,173084.77018918731,4312130519.814238
7.57188094323764e-09,709843167183.6234,173084.76681776156,4252936395.1739316
7.624393061370094e-09,709843167183.6234,173084.76342295462,4194554848.430404
7.677269358835452e-09,709843167183.6234,173084.76000460438,4136974725.0542283
7.73051236127141e-09,709843167183.6234,173084.7565625476,4080185023.6379166
7.784124611831426e-09,709843167183.6234,173084.75309661982,4024174893.793866
7.838108671306011e-09,709843167183.6234,173084.7496066556,3968933634.081461
7.892467118245171e-09,709843167183.6234,173084.74609248812,3914450689.9622927
7.947202549081504e-09,709843167183.6234,173084.7425539496,3860715651.7836494
8.002317578254355e-09,709843167183.6234,173084.73899087097,3807718252.7894974
8.057814838334492e-09,709843167183.6234,173084.73540308213,3755448367.159077
8.113696980149986e-09,709843167183.6234,173084.73179041164,3703896008.0721164
8.169966672912762e-09,709843167183.6234,173084.728152687,3653051325.800784
8.226626604346227e-09,709843167183.6234,173084.72448973442,3602904605.82765
8.283679480813442e-09,709843167183.6234,173084.72080137895,3553446266.9898024
8.341128027446539e-09,709843167183.6234,173084.7170874444,3504666859.6481075
8.398974988276806e-09,709843167183.6234,173084.71334775345,3456557063.881813
8.457223126365903e-09,709843167183.6234,173084.70958212743,3409107687.707736
8.515875223937624e-09,709843167183.6234,173084.70579038645,3362309665.3242
8.574934082510938e-09,709843167183.6234,173084.70197234943,3316154055.37878
8.634402523033722e-09,709843167183.6234,173084.69812783404,3270632039.260009
8.69428338601766e-09,709843167183.6234,173084.69425665666,3225734919.4123507
8.754579531673688e-09,709843167183.6234,173084.6903586323,3181454117.674605
8.815293840048779e-09,709843167183.6234,173084.68643357485,3137781173.6408143
8.87642921116341e-09,709843167183.6234,173084.68248129677,3094707743.043869
8.937988565150249e-09,709843167183.6234,173084.6785016094,3052225596.1611176
8.999974842393402e-09,709843167183.6234,173084.6744943225,3010326616.242132
9.062391003669015e-09,709843167183.6234,173084.6704592448,2969002797.9578004
9.125240030286617e-09,709843167183.6234,173084.66639618354,2928246245.8708596
9.188524924231673e-09,709843167183.6234,173084.66230494462,2888049172.9272733
9.252248708308754e-09,709843167183.6234,173084.65818533264,2848403898.9685655
9.316414426286061e-09,709843167183.6234,173084.65403715085,2809302849.2643375
9.381025143040746e-09,709843167183.6234,173084.6498602011,2770738553.065063
9.446083944705452e-09,709843167183.6234,173084.64565428387,2732703642.174618
9.511593938815494e-09,709843167183.6234,173084.6414191983,2695190849.542636
9.577558254457443e-09,709843167183.6234,173084.63715474211,2658193007.8759537
9.643980042418515e-09,709843167183.6234,173084.63286071157,2621703048.2692513
9.710862475337219e-09,709843167183.6234,173084.62853690164,2585713998.8543706
9.77820874785466e-09,709843167183.6234,173084.62418310577,2550218983.468378
9.846022076767299e-09,709843167183.6234,173084.61979911602,2515211220.3397045
9.914305701180516e-09,709843167183.6234,173084.61538472297,2480684020.7924376
9.983062882663486e-09,709843167183.6234,173084.6109397158,2446630787.9683
1.0052296905404732e-08,709843167183.6234,173084.60646388217,2413045015.5663443
1.012201107636913e-08,709843167183.6234,173084.60195700836,2379920286.599782
1.0192208725455891e-08,709843167183.6234,173084.59741887904,2347250272.169924
1.026289320565757e-08,709843167183.6234,173084.5928492775,2315028730.256988
1.0334067893220181e-08,709843167183.6234,173084.58824798546,2283249504.5275
1.0405736187804507e-08,709843167183.6234,173084.58361478313,2251906523.1580334
1.0477901512648523e-08,709843167183.6234,173084.57894944923,2220993797.6750894
1.055056731473087e-08,709843167183.6234,173084.57425176093,2190505421.8109455
1.0623737064935452e-08,709843167183.6234,173084.56952149383,2160435570.3752103
1.069741425821727e-08,709843167183.6234,173084.56475842206,2130778498.1418228
1.07716024137694e-08,709843167183.6234,173084.55996231808,2101528538.7513452
1.0846305075191042e-08,709843167183.6234,173084.55513295275,2072680103.6283472
1.0921525810656741e-08,709843167183.6234,173084.5502700955,2044227680.9136596
1.0997268213086861e-08,709843167183.6234,173084.54537351406,2016165834.4112453
1.1073535900319247e-08,709843167183.6234,173084.54044297445,1988489202.5495288
1.1150332515281984e-08,709843167183.6234,173084.5354782413,1961192497.3570228
1.122766172616734e-08,709843167183.6234,173084.53047907742,1934270503.4520137
1.1305527226607132e-08,709843167183.6234,173084.525445244,1907718077.0460443
1.1383932735848963e-08,709843167183.6234,173084.52037650067,1881530144.9611948
1.1462881998934072e-08,709843167183.6234,173084.51527260532,1855701703.6607223
1.1542378786876015e-08,709843167183.6234,173084.51013331412,1830227818.2931356
1.1622426896840984e-08,709843167183.6234,173084.5049583816,1805103621.7492712
1.1703030152328988e-08,709843167183.6234,173084.4997475607,1780324313.7324297
1.1784192403356666e-08,709843167183.6234,173084.49450060242,1755885159.8411613
1.1865917526641005e-08,709843167183.6234,173084.48921725617,1731781490.664755
1.194820942578469e-08,709843167183.6234,173084.48389726965,1708008700.8910384
1.2031072031462377e-08,709843167183.6234,173084.47854038872,1684562248.426523
1.2114509301608632e-08,709843167183.6234,173084.47314635754,1661437653.528532
1.2198525221606781e-08,709843167183.6234,173084.46771491843,1638630497.9493423
1.2283123804479482e-08,709843167183.6234,173084.46224581203,1616136424.0919678
1.2368309091080195e-08,709843167183.6234,173084.45673877708,1593951134.1776412
1.24540851502864e-08,709843167183.6234,173084.45119355057,1572070389.424617
1.2540456079193746e-08,709843167183.6234,173084.44560986763,1550490009.2383506
1.2627426003311948e-08,709843167183.6234,173084.43998746155,1529205870.4126925
1.2714999076761646e-08,709843167183.6234,173084.43432606378,1508213906.3421493
1.2803179482473022e-08,709843167183.6234,173084.428625404,1487510106.244857
1.2891971432385396e-08,709843167183.6234,173084.42288520982,1467090514.3963225
1.2981379167648616e-08,709843167183.6234,173084.41710520713,1446951229.3735836
1.3071406958825433e-08,709843167183.6234,173084.41128511986,1427088403.3098388
1.3162059106095685e-08,709843167183.6234,173084.40542467,1407498241.1592214
1.3253339939461494e-08,709843167183.6234,173084.39952357765,1388176999.9717526
1.3345253818954263e-08,709843167183.6234,173084.39358156096,1369120988.1781652
1.3437805134842866e-08,709843167183.6234,173084.38759833612,1350326564.8845983
1.3530998307843287e-08,709843167183.6234,173084.38157361737,1331790139.176973
1.3624837789329832e-08,709843167183.6234,173084.37550711693,1313508169.4348903
1.37193280615478e-08,709843167183.6234,173084.36939854504,1295477162.6549506
1.3814473637827533e-08,709843167183.6234,173084.36324760996,1277693673.7833822
1.3910279062799926e-08,709843167183.6234,173084.3570540179,1260154305.0578313
1.4006748912613567e-08,709843167183.6234,173084.35081747302,1242855705.3581674
1.4103887795153371e-08,709843167183.6234,173084.34453767745,1225794569.5661972
1.4201700350260616e-08,709843167183.6234,173084.33821433128,1208967637.9341948
1.4300191249954518e-08,709843167183.6234,173084.33184713245,1192371695.4620924
1.4399365198655427e-08,709843167183.6234,173084.32543577687,1176003571.2832074
1.4499226933409616e-08,709843167183.6234,173084.3189799583,1159860138.0583954
1.459978122411547e-08,709843167183.6234,173084.31247936844,1143938311.3785477
1.4701032873751272e-08,709843167183.6234,173084.3059336967,1128235049.1752813
1.4802986718604671e-08,709843167183.6234,173084.29934263055,1112747351.139707
1.490564762850375e-08,709843167183.6234,173084.2927058551,1097472258.1491723
1.5009020507049568e-08,709843167183.6234,173084.28602305343,1082406851.7018948
1.5113110291850327e-08,709843167183.6234,173084.27929390632,1067548253.3593539
1.5217921954757276e-08,709843167183.6234,173084.27251809236,1052893624.1963192
1.5323460502102254e-08,709843167183.6234,173084.26569528793,1038440164.2584319
1.542973097493675e-08,709843167183.6234,173084.25882516714,1024185112.027246
1.5536738449272626e-08,709843167183.6234,173084.2519074019,1010125743.8926151
1.5644488036324655e-08,709843167183.6234,173084.24494166175,996259373.6323016
1.575298488275469e-08,709843167183.6234,173084.23792761398,982583351.8987362
1.586223417091746e-08,709843167183.6234,173084.23086492368,969095065.7128316
1.5972241119107986e-08,709843167183.6234,173084.2237532534,955791937.9647546
1.6083010981811082e-08,709843167183.6234,173084.21659226355,942671426.9215076
1.619454904995205e-08,709843167183.6234,173084.20938161202,929731025.7413312
1.6306860651149683e-08,709843167183.6234,173084.20212095446,916968261.9947097
1.641995114997047e-08,709843167183.6234,173084.19480994417,904380697.1920128
1.6533825948185094e-08,709843167183.6234,173084.1874482318,891965926.3175611
1.664849048502619e-08,709843167183.6234,173084.18003546583,879721577.3701484
1.6763950237448403e-08,709843167183.6234,173084.17257129218,867645310.909812
1.6880210720389746e-08,709843167183.6234,173084.16505535436,855734819.6108819
1.6997277487035285e-08,709843167183.6234,173084.15748729339,843987827.8211076
1.71151561290821e-08,709843167183.6234,173084.14986674782,832402091.1268979
1.7233852277006664e-08,709843167183.6234,173084.14219335362,820975395.9244655
1.73533716003335e-08,709843167183.6234,173084.13446674432,809705558.9969221
1.7473719807906267e-08,709843167183.6234,173084.1266865509,798590427.0971167
1.759490264816016e-08,709843167183.6234,173084.11885240173,787627876.5362595
1.771692590939677e-08,709843167183.6234,173084.11096392266,776815812.7781388
1.7839795420060265e-08,709843167183.6234,173084.1030207369,766152170.0389576
1.79635170490161e-08,709843167183.6234,173084.09502246507,755634910.8926158
1.8088096705831017e-08,709843167183.6234,173084.08696872517,745262025.8814595
1.8213540341055645e-08,709843167183.6234,173084.0788591325,735031533.132323
1.8339853946508407e-08,709843167183.6234,173084.0706932998,724941477.9778937
1.846704355556203e-08,709843167183.6234,173084.06247083697,714989932.5832222
1.859511524343142e-08,709843167183.6234,173084.05419135134,705174995.57741
1.8724075127464162e-08,709843167183.6234,173084.04585444744,695494791.6903058
1.8853929367432386e-08,709843167183.6234,173084.0374597271,685947471.3942345
1.898468416582729e-08,709843167183.6234,173084.02900678935,676531210.5506008
1.911634576815525e-08,709843167183.6234,173084.02049523048,667244210.0613755
1.924892046323609e-08,709843167183.6234,173084.01192464394,658084695.5253582
1.9382414583503535e-08,709843167183.6234,173084.0032946204,649050916.8991517
1.9516834505307744e-08,709843167183.6234,173083.99460474768,640141148.1627893
1.9652186649219823e-08,709843167183.6234,173083.98585461074,631353686.9899613
1.978847748033841e-08,709843167183.6234,173083.97704379162,622686854.4227698
1.992571350859855e-08,709843167183.6234,173083.96817186955,614138994.5509388
2.006390128908275e-08,709843167183.6234,173083.95923842074,605708474.1954244
2.0203047422333977e-08,709843167183.6234,173083.9502430185,597393682.5963829
2.0343158554670866e-08,709843167183.6234,173083.94118523327,589193031.1054184
2.0484241378505256e-08,709843167183.6234,173083.93206463242,581104952.8820475
2.0626302632661937e-08,709843167183.6234,173083.92288078027,573127902.5943291
2.0769349102700453e-08,709843167183.6234,173083.9136332382,565260356.1236155
2.0913387621239124e-08,709843167183.6234,173083.90432156457,557500810.2733543
2.1058425068281492e-08,709843167183.6234,173083.89494531462,549847782.4818786
2.120446837154503e-08,709843167183.6234,173083.88550404055,542299810.539142
2.135152450679196e-08,709843167183.6234,173083.87599729135,534855452.3073484
2.149960049816237e-08,709843167183.6234,173083.86642461305,527513285.44541824
2.1648703418509786e-08,709843167183.6234,173083.8567855484,520271907.13722837
2.1798840389739127e-08,709843167183.6234,173083.84707963708,513129933.82358164
2.1950018583146775e-08,709843167183.6234,173083.83730641543,506086000.9378646
2.2102245219762976e-08,709843167183.6234,173083.8274654167,499138762.64533776
2.225552757069708e-08,709843167183.6234,173083.8175561709,492286891.58598095
2.2409872957484478e-08,709843167183.6234,173083.8075782047,485529078.6209009
2.2565288752436678e-08,709843167183.6234,173083.7975310416,478864032.58218884
2.272178237899307e-08,709843167183.6234,173083.78741420168,472290480.0262419
2.2879361312075894e-08,709843167183.6234,173083.7772272018,465807164.99043983
2.3038033078446892e-08,709843167183.6234,173083.76696955535,459412848.75319374
2.319780525706721e-08,709843167183.6234,173083.75664077245,453106309.59725666
2.335868547945902e-08,709843167183.6234,173083.7462403598,446886342.57631534
2.352068143007042e-08,709843167183.6234,173083.7357678206,440751759.2847541
2.368380084664212e-08,709843167183.6234,173083.72522265473,434701387.63061035
2.384805152057738e-08,709843167183.6234,173083.7146043585,428734071.6116176
2.4013441297313822e-08,709843167183.6234,173083.7039124248,422848671.09435016
2.417997807669853e-08,709843167183.6234,173083.69314634296,417044061.5963726
2.4347669813365007e-08,709843167183.6234,173083.68230559875,411319134.07140744
2.4516524517113513e-08,709843167183.6234,173083.67138967445,405672794.69742393
2.468655025329327e-08,709843167183.6234,173083.66039804867,400103964.6676633
2.4857755143188085e-08,709843167183.6234,173083.64933019647,394611579.9845056
2.5030147364403878e-08,709843167183.6234,173083.6381855892,389194591.2561932
2.5203735151259683e-08,709843167183.6234,173083.6269636946,383851963.49631804
2.5378526795180548e-08,709843167183.6234,173083.6156639767,378582675.92608726
2.5554530645094e-08,709843167183.6234,173083.6042858958,373385721.77927786
2.5731755107828402e-08,709843167183.6234,173083.5928289085,368260108.1098945
2.5910208648514932e-08,709843167183.6234,173083.5812924676,363204855.6024417
2.6089899790991495e-08,709843167183.6234,173083.5696760221,358218998.3848256
2.6270837118210242e-08,709843167183.6234,173083.5579790172,353301583.84380156
2.6453029272647367e-08,709843167183.6234,173083.54620089423,348451672.4429699
2.663648495671581e-08,709843167183.6234,173083.53434109062,343668337.54326886
2.682121293318104e-08,709843167183.6234,173083.52239904,338950665.225925
2.7007222025579713e-08,709843167183.6234,173083.510374172,334297754.1178351
2.719452111864102e-08,709843167183.6234,173083.49826591226,329708715.2193506
2.7383119158710958e-08,709843167183.6234,173083.48607368255,325182671.73442537
2.7573025154179762e-08,709843167183.6234,173083.47379690048,320718758.90308994
2.77642481759123e-08,709843167183.6234,173083.46143497975,316316123.8362262
2.795679735768124e-08,709843167183.6234,173083.44898732996,311973925.3526144
2.8150681896603197e-08,709843167183.6234,173083.43645335655,307691333.8182174
2.8345911053578162e-08,709843167183.6234,173083.42383246098,303467530.98766667
2.8542494153731947e-08,709843167183.6234,173083.4111240404,299301709.84792286
2.874044058686151e-08,709843167183.6234,173083.39832748784,295193074.4640891
2.893975980788332e-08,709843167183.6234,173083.38544219217,291140839.82733953
2.9140461337285088e-08,709843167183.6234,173083.37246753796,287144231.7049315
2.934255476158065e-08,709843167183.6234,173083.35940290554,283202486.4922758
2.9546049733767736e-08,709843167183.6234,173083.34624767097,279314851.0670432
2.9750955973788925e-08,709843167183.6234,173083.3330012059,275480582.64527303
2.995728326899604e-08,709843167183.6234,173083.31966287774,271698948.6394529
3.016504147461776e-08,709843167183.6234,173083.3062320494,267969226.51854566
3.0374240514230256e-08,709843167183.6234,173083.29270807942,264290703.6699441
3.058489038023102e-08,709843167183.6234,173083.2790903219,260662677.26331887
3.0797001134316335e-08,709843167183.6234,173083.26537812644,257084454.11633137
3.101058290796193e-08,709843167183.6234,173083.25157083818,253555350.56219158
3.1225645902906854e-08,709843167183.6234,173083.23766779766,250074692.31903568
3.1442200391640535e-08,709843167183.6234,173083.2236683409,246641814.3610999
3.166025671789387e-08,709843167183.6234,173083.20957179923,243256060.79165193
3.187982529713284e-08,709843167183.6234,173083.19537749948,239916784.71768102
3.2100916617056465e-08,709843167183.6234,173083.18108476364,236623348.12629345
3.232354123809727e-08,709843167183.6234,173083.16669290914,233375121.76281986
3.2547709793926196e-08,709843167183.6234,173083.15220124862,230171485.01058045
3.277343299196002e-08,709843167183.6234,173083.13760908996,227011825.7723159
3.300072161387328e-08,709843167183.6234,173083.12291573625,223895540.35323137
3.32295865161128e-08,709843167183.6234,173083.10812048573,220822033.34565958
3.346003863041672e-08,709843167183.6234,173083.0932226318,217790717.5152942
3.369208896433613e-08,709843167183.6234,173083.07822146293,214801013.68899822
3.392574860176141e-08,709843167183.6234,173083.06311626267,211852350.64413828
3.416102870345108e-08,709843167183.6234,173083.04790630957,208944164.99945274
3.4397940507565464e-08,709843167183.6234,173083.03259087724,206075901.1074035
3.463649533020289e-08,709843167183.6234,173083.01716923423,203247010.9480196
3.487670456594083e-08,709843167183.6234,173083.001640644,200456954.02418378
3.5118579688379514e-08,709843167183.6234,173082.98600436494,197705197.25837103
3.5362132250690616e-08,709843167183.6234,173082.97025965023,194991214.89079028
3.5607373886168456e-08,709843167183.6234,173082.95440574794,192314488.37893823
3.5854316308786284e-08,709843167183.6234,173082.9384419009,189674506.2985185
3.6102971313755195e-08,709843167183.6234,173082.92236734665,187070764.24573436
3.635335077808811e-08,709843167183.6234,173082.90618131746,184502764.74090916
3.660546666116651e-08,709843167183.6234,173082.8898830404,181970017.1334435
3.6859331005312255e-08,709843167183.6234,173082.87347173702,179472037.50806335
3.711495593636221e-08,709843167183.6234,173082.8569466235,177008348.59236825
3.737235366424791e-08,709843167183.6234,173082.8403069107,174578479.6656376
3.7631536483578614e-08,709843167183.6234,173082.82355180383,172181966.46889505
3.789251677422835e-08,709843167183.6234,173082.80668050272,169818351.11620778
3.815530700192741e-08,709843167183.6234,173082.78969220165,167487182.0072003
3.841991971885794e-08,709843167183.6234,173082.7725860892,165188013.74076843
3.868636756425332e-08,709843167183.6234,173082.7553613485,162920407.02998218
3.895466326500174e-08,709843167183.6234,173082.73801715684,160683928.61815497
3.922481963625424e-08,709843167183.6234,173082.7205526859,158478151.19606343
3.949684958203701e-08,709843167183.6234,173082.70296710162,156302653.32030317
3.977076609586756e-08,709843167183.6234,173082.68525956408,154157019.3327681
4.004658226137521e-08,709843167183.6234,173082.6674292277,152040839.2812351
4.032431125292622e-08,709843167183.6234,173082.6494752408,149953708.84103552
4.060396633625316e-08,709843167183.6234,173082.631396746,147895229.23780358
4.088556086908845e-08,709843167183.6234,173082.61319287986,145865007.1712859
4.116910830180219e-08,709843167183.6234,173082.59486277302,143862654.74019825
4.14546221780448e-08,709843167183.6234,173082.57640555006,141887789.3681105
4.174211613539408e-08,709843167183.6234,173082.5578203295,139940033.73034966
4.203160390600648e-08,709843167183.6234,173082.5391062237,138019015.68190816
4.2323099317272797e-08,709843167183.6234,173082.52026233898,136124368.18634236
4.261661629247885e-08,709843167183.6234,173082.50128777526,134255729.24564385
4.291216885147068e-08,709843167183.6234,173082.4821816265,132412741.83107467
4.320977111132405e-08,709843167183.6234,173082.4629429801,130595053.81495306
4.350943728701846e-08,709843167183.6234,173082.44357091736,128802317.90337701
4.3811181692116765e-08,709843167183.6234,173082.42406451303,127034191.56986524
4.4115018739448143e-08,709843167183.6234,173082.4044228356,125290336.98991778
4.442096294179725e-08,709843167183.6234,173082.38464494696,123570420.97646575
4.4729028912596684e-08,709843167183.6234,173082.36472990256,121874114.91621624
4.503923136662574e-08,709843167183.6234,173082.34467675132,120201094.70686221
4.5351585120712516e-08,709843167183.6234,173082.32448453555,118551040.69516286
4.5666105094442384e-08,709843167183.6234,173082.3041522909,116923637.61586572
4.598280631086989e-08,709843167183.6234,173082.28367904638,115318574.53147525
4.630170389723706e-08,709843167183.6234,173082.26306382415,113735544.77284026
4.662281308569522e-08,709843167183.6234,173082.2423056398,112174245.8805649
4.694614921403329e-08,709843167183.6234,173082.22140350187,110634379.547216
4.727172772640966e-08,709843167183.6234,173082.2003564122,109115651.5603315
4.759956417409064e-08,709843167183.6234,173082.1791633656,107617771.74620368
4.792967421619248e-08,709843167183.6234,173082.1578233499,106140453.91444136
4.826207362043014e-08,709843167183.6234,173082.136335346,104683415.80328618
4.85967782638696e-08,709843167183.6234,173082.11469832773,103246379.02568631
4.8933804133687055e-08,709843167183.6234,173082.0929112617,101829069.01610358
4.9273167327931754e-08,709843167183.6234,173082.07097310747,100431214.97805777
4.9614884056295696e-08,709843167183.6234,173082.0488828173,99052549.83238395
4.995897064088709e-08,709843167183.6234,173082.02663933623,97692810.16620712
5.030544351701082e-08,709843167183.6234,173082.00424160197,96351736.1826105
5.065431923395261e-08,709843167183.6234,173081.9816885449,95029071.65100117
5.100561445577036e-08,709843167183.6234,173081.95897908794,93724563.85815087
5.135934596208927e-08,709843167183.6234,173081.93611214656,92437963.55991505
5.171553064890405e-08,709843167183.6234,173081.9130866287,91169024.93360876
5.2074185529385636e-08,709843167183.6234,173081.88990143477,89917505.53104053
5.243532773469362e-08,709843167183.6234,173081.86655545744,88683166.23218995
5.279897451479472e-08,709843167183.6234,173081.84304758187,87465771.19952036
5.316514323928696e-08,709843167183.6234,173081.81937668537,86265087.832918
5.3533851398229096e-08,709843167183.6234,173081.7955416375,85080886.72525188
5.390511660297582e-08,709843167183.6234,173081.77154129997,83912941.61854304
5.427895658701918e-08,709843167183.6234,173081.74737452666,82761029.36073449
5.465538920683587e-08,709843167183.6234,173081.7230401634,81624929.86305447
5.5034432442739854e-08,709843167183.6234,173081.6985370481,80504426.05796646
5.541610439974105e-08,709843167183.6234,173081.67386401055,79399303.85769619
5.580042330841031e-08,709843167183.6234,173081.64901987248,78309352.11332677
5.6187407525750405e-08,709843167183.6234,173081.62400344748,77234362.57445551
5.6577075536072665e-08,709843167183.6234,173081.59881354077,76174129.8494055
5.696944595187962e-08,709843167183.6234,173081.57344894946,75128451.36598362
5.736453751475427e-08,709843167183.6234,173081.5479084622,74097127.3327759
5.7762369096255514e-08,709843167183.6234,173081.5221908593,73079960.70097421
5.816295969881931e-08,709843167183.6234,173081.4962949126,72076757.12672813
5.856632845666609e-08,709843167183.6234,173081.4702193854,71087324.93401377
5.8972494636714937e-08,709843167183.6234,173081.44396303245,70111475.07801093
5.938147763950414e-08,709843167183.6234,173081.41752459988,69149021.10898311
5.979329700011758e-08,709843167183.6234,173081.3909028251,68199779.1366546
6.02079723891176e-08,709843167183.6234,173081.3640964368,67263567.79507625
6.062552361348485e-08,709843167183.6234,173081.33710415475,66340208.207972705
6.104597061756451e-08,709843167183.6234,173081.30992469002,65429523.95456544
6.14693334840188e-08,709843167183.6234,173081.28255674458,64531341.03586558
6.189563243478581e-08,709843167183.6234,173081.2549990115,63645487.841430135
6.232488783204626e-08,709843167183.6234,173081.22725017474,62771795.1165717
6.275712017919511e-08,709843167183.6234,173081.19930890918,61910095.930022374
6.319235012182193e-08,709843167183.6234,173081.1711738805,61060225.642037205
6.363059844869598e-08,709843167183.6234,173081.142843745,60222021.8729398
6.407188609276026e-08,709843167183.6234,173081.11431714994,59395324.47209555
6.45162341321303e-08,709843167183.6234,173081.08559273294,58579975.48731481
6.496366379110203e-08,709843167183.6234,173081.05666912228,57775819.13467212
6.541419644116449e-08,709843167183.6234,173081.02754493672,56982701.76874365
6.586785360202168e-08,709843167183.6234,173080.99821878553,56200471.85324935
6.632465694261943e-08,709843167183.6234,173080.96868926813,55428979.93210187
6.678462828218146e-08,709843167183.6234,173080.93895497447,54668078.600849256
6.724778959125049e-08,709843167183.6234,173080.9090144845,53917622.47851319
6.771416299273876e-08,709843167183.6234,173080.87886636853,53177468.179810375
6.818377076298368e-08,709843167183.6234,173080.84850918682,52447474.28775859
6.865663533281285e-08,709843167183.6234,173080.81794148966,51727501.32665557
6.91327792886145e-08,709843167183.6234,173080.78716181737,51017411.735431954
6.961222537341733e-08,709843167183.6234,173080.75616870003,50317069.84136687
7.009499648797578e-08,709843167183.6234,173080.7249606577,49626341.83416759
7.058111569186496e-08,709843167183.6234,173080.6935362,48945095.74040164
7.107060620458104e-08,709843167183.6234,173080.66189382633,48273201.39828324
7.156349140665119e-08,709843167183.6234,173080.63003202563,47610530.43280289
7.205979484075007e-08,709843167183.6234,173080.59794927636,46956956.23120013
7.2559540212824e-08,709843167183.6234,173080.56564404655,46312353.918773055
7.30627513932235e-08,709843167183.6234,173080.53311479342,45676600.33501893
7.356945241784385e-08,709843167183.6234,173080.50035996363,45049574.01010245
7.407966748927281e-08,709843167183.6234,173080.46737799302,44431155.14164777
7.459342097794642e-08,709843167183.6234,173080.4341673066,43821225.571848996
7.511073742331324e-08,709843167183.6234,173080.40072631848,43219668.764894314
7.563164153500691e-08,709843167183.6234,173080.3670534317,42626369.78469997
7.615615819402603e-08,709843167183.6234,173080.33314703833,42041215.27295062
7.66843124539223e-08,709843167183.6234,173080.29900551922,41464093.42744099
7.721612954199755e-08,709843167183.6234,173080.26462724403,40894893.98071446
7.775163486050895e-08,709843167183.6234,173080.23001057105,40333508.17899453
7.829085398788214e-08,709843167183.6234,173080.19515384734,39779828.7614065
7.883381267993263e-08,709843167183.6234,173080.16005540834,39233749.93948412
7.938053687109627e-08,709843167183.6234,173080.12471357806,38695167.37695704
7.993105267566845e-08,709843167183.6234,173080.08912666878,38163978.169815674
8.048538638905107e-08,709843167183.6234,173080.05329298117,37640080.826650456
8.104356448900818e-08,709843167183.6234,173080.01721080416,37123375.24926086
8.16056136369311e-08,709843167183.6234,173079.98087841464,36613762.71352995
8.217156067911217e-08,709843167183.6234,173079.94429407778,36111145.850561745
8.274143264802673e-08,709843167183.6234,173079.90745604652,35615428.62807776
8.331525676362404e-08,709843167183.6234,173079.87036256184,35126516.33206918
8.389306043462775e-08,709843167183.6234,173079.8330118524,34644315.548700206
8.447487125984538e-08,709843167183.6234,173079.7954021347,34168734.14645986
8.506071702948634e-08,709843167183.6234,173079.75753161282,33699681.25855933
8.565062572648868e-08,709843167183.6234,173079.71939847834,33237067.265571132
8.624462552785701e-08,709843167183.6234,173079.68100091038,32780803.77830519
8.684274480600695e-08,709843167183.6234,173079.64233707543,32330803.620922036
8.744501213012173e-08,709843167183.6234,173079.60340512719,31886980.81427559
8.80514562675154e-08,709843167183.6234,173079.56420320668,31449250.559486892
8.86621061850083e-08,709843167183.6234,173079.52472944194,31017529.22174107
8.927699105030929e-08,709843167183.6234,173079.4849819481,30591734.314308867
8.989614023341031e-08,709843167183.6234,173079.44495882714,30171784.482785463
9.051958330798781e-08,709843167183.6234,173079.40465816797,29757599.48954768
9.114735005281686e-08,709843167183.6234,173079.36407804617,29349100.198422518
9.177947045319198e-08,709843167183.6234,173079.32321652403,28946208.559568148
9.24159747023609e-08,709843167183.6234,173079.28207165044,28548847.594560586
9.305689320296526e-08,709843167183.6234,173079.24064146067,28156941.38168676
9.37022565684943e-08,709843167183.6234,173079.19892397648,27770415.041437913
9.43520956247456e-08,709843167183.6234,173079.15691720578,27389194.72220368
9.500644141129893e-08,709843167183.6234,173079.11461914284,27013207.58616098
9.566532518299745e-08,709843167183.6234,173079.07202776786,26642381.795358215
9.632877841144204e-08,709843167183.6234,173079.02914104715,26276646.497988854
9.699683278649299e-08,709843167183.6234,173078.98595693288,25915931.81485515
9.766952021778535e-08,709843167183.6234,173078.94247336304,25560168.826015905
9.834687283625134e-08,709843167183.6234,173078.8986882613,25209289.5576193
9.90289229956566e-08,709843167183.6234,173078.85459953698,24863226.968914893
9.971570327414497e-08,709843167183.6234,173078.81020508482,24521914.939444847
1.0040724647579408e-07,709843167183.6234,173078.76550278507,24185288.25641105
1.0110358563218274e-07,709843167183.6234,173078.72049050324,23853282.602215074
1.018047540039691e-07,709843167183.6234,173078.67516609005,23525834.542169303
1.0251078508247888e-07,709843167183.6234,173078.62952738127,23202881.512377102
1.0322171259130468e-07,709843167183.6234,173078.5835721978,22884361.807779368
1.0393757048791726e-07,709843167183.6234,173078.53729834527,22570214.57036474
1.046583929652879e-07,709843167183.6234,173078.49070361422,22260379.777541734
1.0538421445352115e-07,709843167183.6234,173078.44378577982,21954798.230670813
1.061150696214991e-07,709843167183.6234,173078.3965426018,21653411.543753896
1.0685099337853763e-07,709843167183.6234,173078.34897182445,21356162.132278774
1.0759202087605436e-07,709843167183.6234,173078.3010711763,21062993.202216633
1.0833818750924718e-07,709843167183.6234,173078.25283837024,20773848.739171028
1.0908952891878455e-07,709843167183.6234,173078.2042711033,20488673.497675736
1.0984608099250821e-07,709843167183.6234,173078.15536705643,20207412.99063922
1.1060787986714785e-07,709843167183.6234,173078.10612389463,19930013.478934012
1.1137496193004678e-07,709843167183.6234,173078.05653926666,19656421.961129274
1.1214736382089944e-07,709843167183.6234,173078.006610805,19386586.1633644
1.1292512243350202e-07,709843167183.6234,173077.9563361257,19120454.529361177
1.137082749175151e-07,709843167183.6234,173077.9057128283,18857976.210573178
1.144968586802377e-07,709843167183.6234,173077.85473849572,18599101.056470595
1.1529091138839353e-07,709843167183.6234,173077.8034106941,18343779.604958527
1.160904709699306e-07,709843167183.6234,173077.75172697267,18091963.07292639
1.1689557561583336e-07,709843167183.6234,173077.69968486376,17843603.346927136
1.177062637819464e-07,709843167183.6234,173077.64728188253,17598652.973984696
1.1852257419081083e-07,709843167183.6234,173077.59451552693,17357065.152527615
1.1934454583351433e-07,709843167183.6234,173077.5413832776,17118793.723446835
1.2017221797155404e-07,709843167183.6234,173077.48788259766,16883793.161276244
1.2100563013871136e-07,709843167183.6234,173077.43401093272,16652018.565494617
1.2184482214293994e-07,709843167183.6234,173077.37976571062,16423425.651946865
1.2268983406826744e-07,709843167183.6234,173077.32514434136,16197970.744382847
1.2354070627671068e-07,709843167183.6234,173077.27014421707,15975610.766112326
1.243974794102031e-07,709843167183.6234,173077.21476271172,15756303.23177471
1.2526019439253544e-07,709843167183.6234,173077.15899718116,15540006.239221819
1.26128892431311e-07,709843167183.6234,173077.1028449628,15326678.461511752
1.2700361501991454e-07,709843167183.6234,173077.0463033757,15116279.139012745
1.278844039394934e-07,709843167183.6234,173076.9893697203,14908768.071615623
1.2877130126095308e-07,709843167183.6234,173076.93204127834,14704105.611053135
1.296643493469666e-07,709843167183.6234,173076.87431531266,14502252.6533246
1.3056359085400014e-07,709843167183.6234,173076.81618906723,14303170.631224113
1.314690687343471e-07,709843167183.6234,173076.75765976682,14106821.506972512
1.3238082623818175e-07,709843167183.6234,173076.69872461702,13913167.76494934
1.332989069156252e-07,709843167183.6234,173076.63938080403,13722172.404524917
1.3422335461882524e-07,709843167183.6234,173076.5796254946,13533798.932991004
1.3515421350405012e-07,709843167183.6234,173076.51945583575,13348011.358588494
1.3609152803379847e-07,709843167183.6234,173076.45886895477,13164774.183630599
1.3703534297892345e-07,709843167183.6234,173076.3978619591,12984052.397720441
1.3798570342077072e-07,709843167183.6234,173076.33643193604,12805811.471061958
1.3894265475333127e-07,709843167183.6234,173076.27457595273,12630017.347862618
1.3990624268541007e-07,709843167183.6234,173076.21229105603,12456636.439826518
1.4087651324281007e-07,709843167183.6234,173076.14957427225,12285635.619736787
1.4185351277052996e-07,709843167183.6234,173076.08642260716,12116982.215126283
1.4283728793497731e-07,709843167183.6234,173076.02283304575,11950644.002035202
1.4382788572619813e-07,709843167183.6234,173075.95880255214,11786589.198854148
1.4482535346012202e-07,709843167183.6234,173075.89432806932,11624786.460251713
1.4582973878082153e-07,709843167183.6234,173075.82940651922,11465204.871185683
1.4684108966278728e-07,709843167183.6234,173075.76403480236,11307813.940996366
1.4785945441322019e-07,709843167183.6234,173075.69820979776,11152583.597580845
1.4888488167433936e-07,709843167183.6234,173075.63192836288,10999484.18164722
1.499174204257049e-07,709843167183.6234,173075.56518733338,10848486.441047907
1.509571199865568e-07,709843167183.6234,173075.49798352292,10699561.5251907
1.5200403001817136e-07,709843167183.6234,173075.4303137232,10552680.97952637
1.5305820052623373e-07,709843167183.6234,173075.36217470354,10407816.740112005
1.5411968186322598e-07,709843167183.6234,173075.29356321102,10264941.12824906
1.551885247308315e-07,709843167183.6234,173075.22447597003,10124026.845195068
1.5626478018235733e-07,709843167183.6234,173075.15490968234,9985046.966947783
1.573484996251734e-07,709843167183.6234,173075.08486102693,9847974.93910088
1.5843973482316745e-07,709843167183.6234,173075.01432665964,9712784.571770469
1.5953853789921674e-07,709843167183.6234,173074.94330321313,9579450.034591258
1.6064496133767848e-07,709843167183.6234,173074.87178729687,9447945.85178122
1.6175905798689729e-07,709843167183.6234,173074.7997754967,9318246.897274032
1.6288088106172896e-07,709843167183.6234,173074.72726437481,9190328.38991847
1.6401048414608148e-07,709843167183.6234,173074.6542504696,9064165.888743734
1.6514792119547527e-07,709843167183.6234,173074.5807302955,8939735.288289567
1.6629324653962085e-07,709843167183.6234,173074.50670034275,8817012.814000526
1.6744651488501347e-07,709843167183.6234,173074.43215707733,8695975.017683612
1.686077813175453e-07,709843167183.6234,173074.35709694054,8576598.773028223
1.6977710130513731e-07,709843167183.6234,173074.2815163493,8458861.27118752
1.7095453070038952e-07,709843167183.6234,173074.20541169544,8342740.016420388
1.7214012574324794e-07,709843167183.6234,173074.128779346,8228212.821793415
1.7333394306369033e-07,709843167183.6234,173074.05161564265,8115257.804941828
1.7453603968443164e-07,709843167183.6234,173073.9739169019,8003853.383888526
1.7574647302364862e-07,709843167183.6234,173073.89567941453,7893978.272920454
1.7696530089772154e-07,709843167183.6234,173073.8168994458,7785611.4785217745
1.7819258152399518e-07,709843167183.6234,173073.737573235,7678732.295362815
1.7942837352356018e-07,709843167183.6234,173073.65769699542,7573320.302343983
1.8067273592405396e-07,709843167183.6234,173073.57726691396,7469355.358693962
1.8192572816247927e-07,709843167183.6234,173073.49627915124,7366817.600121624
1.8318741008804224e-07,709843167183.6234,173073.41472984123,7265687.435020762
1.8445784196501323e-07,709843167183.6234,173073.33261509115,7165945.540726676
1.857370844756043e-07,709843167183.6234,173073.2499309812,7067572.859824396
1.8702519872286684e-07,709843167183.6234,173073.16667356438,6970550.596507571
1.8832224623361103e-07,709843167183.6234,173073.08283886645,6874860.212987211
1.8962828896134528e-07,709843167183.6234,173072.99842288552,6780483.425949732
1.9094338928923488e-07,709843167183.6234,173072.9134215921,6687402.203063738
1.9226761003308084e-07,709843167183.6234,173072.82783092858,6595598.759534754
1.93601014444321e-07,709843167183.6234,173072.74164680945,6505055.5547071425
1.9494366621305217e-07,709843167183.6234,173072.65486512074,6415755.288712662
1.9629562947107137e-07,709843167183.6234,173072.56748172006,6327680.899165156
1.976569687949384e-07,709843167183.6234,173072.47949243622,6240815.557900595
1.9902774920906112e-07,709843167183.6234,173072.39089306924,6155142.667761768
2.0040803618880203e-07,709843167183.6234,173072.30167939005,6070645.859427133
2.0179789566360503e-07,709843167183.6234,173072.2118471401,5987308.988283268
2.0319739402014368e-07,709843167183.6234,173072.1213920315,5905116.131340283
2.04606598105493e-07,709843167183.6234,173072.03030974662,5824051.584189456
2.0602557523032315e-07,709843167183.6234,173071.93859593789,5744099.858002645
2.0745439317211386e-07,709843167183.6234,173071.84624622756,5665245.676572983
2.0889312017839088e-07,709843167183.6234,173071.7532562077,5587473.973396199
2.1034182496998662e-07,709843167183.6234,173071.65962143967,5510769.888791898
2.118005767443236e-07,709843167183.6234,173071.56533745423,5435118.767064381
2.1326944517871869e-07,709843167183.6234,173071.47039975104,5360506.153702505
2.147485004337104e-07,709843167183.6234,173071.37480379862,5286917.792618007
2.1623781315641108e-07,709843167183.6234,173071.27854503418,5214339.623421627
2.1773745448388207e-07,709843167183.6234,173071.18161886316,5142757.778736633
2.1924749604653086e-07,709843167183.6234,173071.08402065933,5072158.581549322
2.2076800997153148e-07,709843167183.6234,173070.98574576428,5002528.542595865
2.222990688862707e-07,709843167183.6234,173070.88678948747,4933854.357784965
2.2384074592181786e-07,709843167183.6234,173070.78714710564,4866122.905655871
2.2539311471641708e-07,709843167183.6234,173070.68681386302,4799321.244871405
2.269562494190038e-07,709843167183.6234,173070.5857849708,4733436.611745356
2.2853022469274726e-07,709843167183.6234,173070.48405560697,4668456.417803772
2.3011511571861787e-07,709843167183.6234,173070.38162091613,4604368.247379717
2.317109981989771e-07,709843167183.6234,173070.27847600935,4541159.855241133
2.333179483611927e-07,709843167183.6234,173070.17461596365,4478819.164251234
2.3493604296128054e-07,709843167183.6234,173070.07003582202,4417334.2630609805
2.365653592875717e-07,709843167183.6234,173069.96473059317,4356693.403833211
2.3820597516440338e-07,709843167183.6234,173069.85869525114,4296884.999998086
2.3985796895583514e-07,709843167183.6234,173069.7519247352,4237897.62403935
2.4152141956939293e-07,709843167183.6234,173069.64441394954,4179720.0053109094
2.4319640645983904e-07,709843167183.6234,173069.5361577631,4122341.027883383
2.4488300963296635e-07,709843167183.6234,173069.4271510092,4065749.7284202836
2.4658130964941885e-07,709843167183.6234,173069.3173884854,4009935.2940833494
2.4829138762854044e-07,709843167183.6234,173069.20686495322,3954887.0604665726
2.500133252522508e-07,709843167183.6234,173069.0955751379,3900594.509558574
2.5174720476894586e-07,709843167183.6234,173068.98351372813,3847047.2677330254
2.534931089974248e-07,709843167183.6234,173068.87067537574,3794235.1037666746
2.55251121330849e-07,709843167183.6234,173068.7570546957,3742147.9268844267
2.570213257407238e-07,709843167183.6234,173068.64264626548,3690775.78483141
2.588038067809084e-07,709843167183.6234,173068.52744462507,3640108.86197148
2.6059864959165554e-07,709843167183.6234,173068.41144427663,3590137.4774117824
2.624059399036793e-07,709843167183.6234,173068.2946396842,3540852.083153047
2.642257640422489e-07,709843167183.6234,173068.17702527362,3492243.262265344
2.660582089313112e-07,709843167183.6234,173068.05859543188,3444301.7270888654
2.6790336209764345e-07,709843167183.6234,173067.9393445073,3397018.317459362
2.6976131167503506e-07,709843167183.6234,173067.8192668089,3350383.998957941
2.7163214640849663e-07,709843167183.6234,173067.6983566064,3304389.8611849295
2.7351595565849725e-07,709843167183.6234,173067.57660812975,3259027.116057455
2.754128294052342e-07,709843167183.6234,173067.45401556898,3214287.0961303236
2.773228582529319e-07,709843167183.6234,173067.33057307382,3170161.2529399553
2.792461334341685e-07,709843167183.6234,173067.20627475352,3126641.1553711067
2.811827468142325e-07,709843167183.6234,173067.08111467658,3083718.488046013
2.8313279089551174e-07,709843167183.6234,173066.95508687026,3041385.049735586
2.850963588219132e-07,709843167183.6234,173066.82818532063,2999632.7517924313
2.870735443833104e-07,709843167183.6234,173066.70040397192,2958453.6166054234
2.8906444202002263e-07,709843167183.6234,173066.57173672662,2917839.77607549
2.9106914682732667e-07,709843167183.6234,173066.44217744484,2877783.4701122753
2.9308775456000037e-07,709843167183.6234,173066.31171994423,2838277.0451514414
2.951203616368952e-07,709843167183.6234,173066.18035799958,2799312.952692368
2.9716706514554043e-07,709843167183.6234,173066.0480853425,2760883.747855925
2.9922796284678183e-07,709843167183.6234,173065.91489566147,2722982.087962003
3.0130315317945233e-07,709843167183.6234,173065.7807826009,2685600.731126559
3.033927352650727e-07,709843167183.6234,173065.64573976138,2648732.53487798
3.054968089125851e-07,709843167183.6234,173065.50976069915,2612370.4547924274
3.0761547462312126e-07,709843167183.6234,173065.3728389258,2576507.543147882
3.0974883359480467e-07,709843167183.6234,173065.234967908,2541136.9475966534
3.118969877275828e-07,709843167183.6234,173065.0961410672,2506251.9098561644
3.1406003962809296e-07,709843167183.6234,173064.95635177914,2471845.7644177084
3.162380926145648e-07,709843167183.6234,173064.81559337396,2437911.9372728826
3.1843125072175657e-07,709843167183.6234,173064.67385913536,2404443.944657505
3.206396187059229e-07,709843167183.6234,173064.53114230064,2371435.3918128246
3.2286330204981743e-07,709843167183.6234,173064.3874360602,2338879.971763725
3.2510240696773224e-07,709843167183.6234,173064.24273355742,2306771.464113666
3.2735704041057254e-07,709843167183.6234,173064.09702788803,2275103.7338561728
3.2962731007096416e-07,709843167183.6234,173063.95031210006,2243870.7302026614
3.319133243883958e-07,709843167183.6234,173063.80257919335,2213066.4854263775
3.3421519255440007e-07,709843167183.6234,173063.6538221193,2182685.1137221497
3.365330245177705e-07,709843167183.6234,173063.5040337804,2152720.8100818046
3.3886693098981184e-07,709843167183.6234,173063.35320703016,2123167.849185055
3.4121702344962667e-07,709843167183.6234,173063.20133467249,2094020.5843056077
3.435834141494418e-07,709843167183.6234,173063.04840946145,2065273.4462322588
3.459662161199713e-07,709843167183.6234,173062.894424101,2036920.9422047944
3.4836554317581394e-07,709843167183.6234,173062.73937124453,2008957.6548645403
3.507815099208883e-07,709843167183.6234,173062.58324349462,1981378.2412193075
3.53214231753908e-07,709843167183.6234,173062.4260334025,1954177.43162252
3.556638248738955e-07,709843167183.6234,173062.26773346798,1927350.0287663564
3.581304062857305e-07,709843167183.6234,173062.10833613883,1900890.9066887433
3.606140938057369e-07,709843167183.6234,173061.94783381058,1874795.0097939863
3.631150060673145e-07,709843167183.6234,173061.78621882608,1849057.351886778
3.6563326252660314e-07,709843167183.6234,173061.62348347518,1823673.0152195373
3.681689834681874e-07,709843167183.6234,173061.4596199943,1798637.1495528126
3.7072229001084337e-07,709843167183.6234,173061.2946205662,1773944.9712285567
3.732933041133251e-07,709843167183.6234,173061.1284773194,1749591.7622561266
3.7588214858018894e-07,709843167183.6234,173060.96118232806,1725572.8694108524
3.784889470676574e-07,709843167183.6234,173060.79272761135,1701883.703344986
3.8111382408952715e-07,709843167183.6234,173060.62310513319,1678519.7377108221
3.837569050231184e-07,709843167183.6234,173060.45230680192,1655476.5082958583
3.8641831611526125e-07,709843167183.6234,173060.2803244699,1632749.6121698578
3.890981844883252e-07,709843167183.6234,173060.10714993288,1610334.7068436092
3.917966381462918e-07,709843167183.6234,173059.93277493006,1588227.5094392267
3.9451380598087113e-07,709843167183.6234,173059.75719114335,1566423.7958718194
3.972498177776563e-07,709843167183.6234,173059.58039019696,1544919.4000424335
4.000048042223211e-07,709843167183.6234,173059.40236365737,1523710.2130420718
4.027788969068639e-07,709843167183.6234,173059.2231030324,1502792.182366606
4.0557222833589476e-07,709843167183.6234,173059.0425997712,1482161.3111424774
4.0838493193296296e-07,709843167183.6234,173058.86084526384,1461813.6573630448
4.11217142046928e-07,709843167183.6234,173058.6778308406,1441745.3331354174
4.14068993958379e-07,709843167183.6234,173058.49354777188,1421952.5039375995
4.169406238860973e-07,709843167183.6234,173058.30798726753,1402431.3878858383
4.198321689935622e-07,709843167183.6234,173058.1211404767,1383178.2550120486
4.227437673954999e-07,709843167183.6234,173057.93299848711,1364189.4265511567
4.2567555816448307e-07,709843167183.6234,173057.74355232497,1345461.274238205
4.286276813375749e-07,709843167183.6234,173057.5527929542,1326990.2196151062
4.3160027792301643e-07,709843167183.6234,173057.36071127627,1308772.7333469358
4.3459348990696e-07,709843167183.6234,173057.16729812967,1290805.334547609
4.376074602602529e-07,709843167183.6234,173056.97254428943,1273084.5901147937
4.406423329452685e-07,709843167183.6234,173056.77644046675,1255607.1140739522
4.4369825292278035e-07,709843167183.6234,173056.5789773086,1238369.566931413
4.467753661588848e-07,709843167183.6234,173056.38014539712,1221368.6550363156
4.4987381963197475e-07,709843167183.6234,173056.1799352493,1204601.1299512987
4.529937613397617e-07,709843167183.6234,173055.9783373165,1188063.787831829
4.561353403063436e-07,709843167183.6234,173055.775341984,1171753.4688140627
4.5929870658932043e-07,709843167183.6234,173055.57093957055,1155667.0564111203
4.6248401128696416e-07,709843167183.6234,173055.36512032786,1139801.4769176187
4.656914065454374e-07,709843167183.6234,173055.15787444013,1124153.6988223852
4.68921045566059e-07,709843167183.6234,173054.9491920238,1108720.7322292507
4.7217308261262e-07,709843167183.6234,173054.73906312673,1093499.6282857915
4.754476730187535e-07,709843167183.6234,173054.527477728,1078487.4786198959
4.787449731953562e-07,709843167183.6234,173054.31442573728,1063681.4147840673
4.820651406380581e-07,709843167183.6234,173054.09989699448,1049078.607707369
4.854083339347422e-07,709843167183.6234,173053.88388126914,1034676.2671548987
4.887747127731226e-07,709843167183.6234,173053.66636826005,1020471.6411946572
4.921644379483728e-07,709843167183.6234,173053.4473475947,1006462.0156717439
4.955776713708052e-07,709843167183.6234,173053.2268088288,992644.7136897818
4.990145760736006e-07,709843167183.6234,173053.00474144577,979017.0950994686
5.02475316220603e-07,709843167183.6234,173052.78113485628,965576.555994107
5.059600571141564e-07,709843167183.6234,173052.55597839772,952320.5282121032
5.094689652029992e-07,709843167183.6234,173052.3292613337,939246.4788462844
5.130022080902164e-07,709843167183.6234,173052.10097285357,926351.9097599417
5.165599545412475e-07,709843167183.6234,173051.87110207183,913634.3571095107
5.201423744919455e-07,709843167183.6234,173051.6396380277,901091.3908738255
5.237496390566913e-07,709843167183.6234,173051.4065696845,888720.6143898312
5.273819205365696e-07,709843167183.6234,173051.17188592927,876519.6638946566
5.31039392427601e-07,709843167183.6234,173050.93557557213,864486.2080739706
5.347222294290264e-07,709843167183.6234,173050.69762734577,852617.947616558
5.384306074516501e-07,709843167183.6234,173050.45802990493,840912.614775003
5.421647036262436e-07,709843167183.6234,173050.21677182583,829367.972932396
5.459246963120088e-07,709843167183.6234,173049.9738416057,817981.8161749828
5.497107651050954e-07,709843167183.6234,173049.72922766223,806751.968870698
5.535230908471766e-07,709843167183.6234,173049.4829183329,795676.285253482
5.573618556340897e-07,709843167183.6234,173049.23490187447,784752.6490132895
5.612272428245355e-07,709843167183.6234,173048.98516646263,773978.9728917315
5.651194370488348e-07,709843167183.6234,173048.7337001911,763353.1982832745
5.690386242177452e-07,709843167183.6234,173048.48049107136,752873.2948419172
5.729849915313422e-07,709843167183.6234,173048.22552703187,742537.2600932559
5.769587274879646e-07,709843167183.6234,173047.96879591767,732343.119051871
5.809600218932147e-07,709843167183.6234,173047.71028548962,722288.9238439816
5.849890658690229e-07,709843167183.6234,173047.449983424,712372.7533352774
5.890460518627782e-07,709843167183.6234,173047.1878773118,702592.7127638498
5.931311736565234e-07,709843167183.6234,173046.9239546583,692946.9333781603
5.972446263762083e-07,709843167183.6234,173046.65820288213,683433.5720799915
6.01386606501008e-07,709843167183.6234,173046.39060931504,674050.8110722975
6.055573118727096e-07,709843167183.6234,173046.1211612012,664796.8575118806
6.097569417051648e-07,709843167183.6234,173045.8498456965,655669.9431668312
6.139856965938033e-07,709843167183.6234,173045.576649868,646668.3240786843
6.182437785252109e-07,709843167183.6234,173045.30156069325,637790.2802292148
6.225313908867806e-07,709843167183.6234,173045.02456505987,629034.1152117914
6.268487384764296e-07,709843167183.6234,173044.74564976466,620398.1559072467
6.311960275123793e-07,709843167183.6234,173044.4648015132,611880.7521642047
6.355734656430021e-07,709843167183.6234,173044.18200691917,603480.2764837985
6.399812619567429e-07,709843167183.6234,173043.89725250358,595195.1237087018
6.444196269921087e-07,709843167183.6234,173043.61052469423,587023.7107164342
6.48888772747722e-07,709843167183.6234,173043.3218098251,578964.4761168837
6.53388912692445e-07,709843167183.6234,173043.0310941357,571015.8799539814
6.579202617755777e-07,709843167183.6234,173042.73836377033,563176.4034114635
6.624830364371284e-07,709843167183.6234,173042.4436047775,555444.5485226692
6.670774546181486e-07,709843167183.6234,173042.14680310932,547818.8378843368
6.717037357711412e-07,709843167183.6234,173041.84794462065,540297.8143743228
6.763621008705442e-07,709843167183.6234,173041.5470150686,532880.0408731902
6.810527724232893e-07,709843167183.6234,173041.24400011176,525564.0999896192
6.857759744794264e-07,709843167183.6234,173040.9388853097,518348.5937895952
6.905319326428234e-07,709843167183.6234,173040.63165612202,511232.1435293122
6.953208740819428e-07,709843167183.6234,173040.32229790778,504213.38939173985
7.001430275407025e-07,709843167183.6234,173040.01079592493,497290.99022679264
7.049986233493853e-07,709843167183.6234,173039.6971353294,490463.6232951048
7.098878934356499e-07,709843167183.6234,173039.3813011745,483729.98401528323
7.148110713356104e-07,709843167183.6234,173039.0632784103,477088.785714645
7.197683922049887e-07,709843167183.6234,173038.74305188275,470538.7593833788
7.247600928303438e-07,709843167183.6234,173038.42060633306,464078.65343208297
7.297864116403843e-07,709843167183.6234,173038.09592639699,457707.23345262447
7.348475887173604e-07,709843167183.6234,173037.76899660405,451423.2819822798
7.399438658085284e-07,709843167183.6234,173037.43980137687,445225.5982711222
7.450754863376947e-07,709843167183.6234,173037.1083250303,439112.99805259984
7.502426954168457e-07,709843167183.6234,173036.77455177094,433084.31331725925
7.554457398578589e-07,709843167183.6234,173036.43846569606,427138.3920895719
7.606848681842891e-07,709843167183.6234,173036.1000507931,421274.09820783354
7.659603306432356e-07,709843167183.6234,173035.7592909388,415490.3111070841
7.712723792172983e-07,709843167183.6234,173035.4161698985,409785.9256050006
7.76621267636617e-07,709843167183.6234,173035.07067132532,404159.851690729
7.820072513909879e-07,709843167183.6234,173034.72277875937,398611.01431662287
7.874305877420636e-07,709843167183.6234,173034.37247562705,393138.3531928389
7.928915357356443e-07,709843167183.6234,173034.01974524028,387740.8225847474
7.983903562140544e-07,709843167183.6234,173033.66457079552,382417.39111312234
8.039273118285991e-07,709843167183.6234,173033.30693537314,377167.0415570816
8.095026670521054e-07,709843167183.6234,173032.9468219367,371988.7706597327
8.151166881915591e-07,709843167183.6234,173032.58421333198,366881.58893647866
8.207696434008276e-07,709843167183.6234,173032.21909228613,361844.52048595605
8.26461802693465e-07,709843167183.6234,173031.85144140714,356876.6028035768
8.321934379556065e-07,709843167183.6234,173031.48124318264,351976.8865976248
8.379648229589579e-07,709843167183.6234,173031.10847997936,347144.43560787523
8.437762333738754e-07,709843167183.6234,173030.7331340422,342378.3264267028
8.496279467825307e-07,709843167183.6234,173030.35518749338,337677.6483226493
8.55520242692165e-07,709843167183.6234,173029.97462233153,333041.50306641654
8.61453402548444e-07,709843167183.6234,173029.5914204311,328469.00475923985
8.674277097489044e-07,709843167183.6234,173029.20556354107,323959.2796636179
8.734434496564867e-07,709843167183.6234,173028.81703328455,319511.466036373
8.795009096131624e-07,709843167183.6234,173028.42581115762,315124.71396400145
8.85600378953662e-07,709843167183.6234,173028.0318785285,310798.18520027946
8.917421490192992e-07,709843167183.6234,173027.6352166368,306531.0530060986
8.979265131718826e-07,709843167183.6234,173027.23580659242,302322.50199150457
9.041537668077251e-07,709843167183.6234,173026.83362937486,298171.7279599045
9.104242073717567e-07,709843167183.6234,173026.4286658323,294077.9377544081
9.167381343717358e-07,709843167183.6234,173026.02089668048,290040.34910627763
9.230958493925518e-07,709843167183.6234,173025.61030250206,286058.19048546365
9.294976561106261e-07,709843167183.6234,173025.1968637456,282130.7009531928
9.359438603084213e-07,709843167183.6234,173024.78056072458,278257.1300165728
9.424347698890504e-07,709843167183.6234,173024.36137361653,274436.7374851957
9.489706948909804e-07,709843167183.6234,173023.93928246215,270668.7933297124
9.555519475028372e-07,709843167183.6234,173023.5142671642,266952.57754234935
9.621788420783207e-07,709843167183.6234,173023.08630748675,263287.3799993354
9.688516951512248e-07,709843167183.6234,173022.65538305408,259672.50032521668
9.755708254505523e-07,709843167183.6234,173022.2214733498,256107.24775903963
9.823365539157324e-07,709843167183.6234,173021.78455771587,252590.94102237083
9.891492037119634e-07,709843167183.6234,173021.34461535153,249122.9081891195
9.960091002456421e-07,709843167183.6234,173020.9016253125,245702.48655715684
1.0029165711799028e-06,705727662920.4352,173020.45556650986,243742.18255166436
1.0098719464502723e-06,696048648104.5164,173020.00641770908,243738.48847371733
1.0168755582804334e-06,686502440051.5724,173019.55415752903,243734.76889808883
1.0239277411980894e-06,677087216093.8312,173019.09876444098,243731.0236498272
1.0310288320509386e-06,667801178581.0416,173018.64021676756,243727.2525527935
1.0381791700227686e-06,658642554537.0604,173018.17849268182,243723.45542965463
1.0453790966496603e-06,649609595321.1604,173017.71357020608,243719.63210187427
1.0526289558362985e-06,640700576293.9929,173017.2454272109,243715.78238970556
1.059929093872394e-06,631913796488.1372,173016.77404141423,243711.90611218312
1.0672798594492276e-06,623247578283.1627,173016.29939038013,243708.00308711446
1.0746816036763104e-06,614700267085.1501,173015.82145151784,243704.07313107266
1.0821346800981504e-06,606270231010.6235,173015.3402020806,243700.11605938725
1.0896394447111344e-06,597955860574.8195,173014.8556191648,243696.131686137
1.0971962559805371e-06,589755568384.2267,173014.36767970864,243692.11982414074
1.1048054748576475e-06,581667788833.3453,173013.87636049124,243688.08028494965
1.1124674647970058e-06,573690977805.6184,173013.3816381315,243684.01287883858
1.1201825917737582e-06,565823612378.47,173012.88348908685,243679.91741479764
1.127951224301143e-06,558064190532.3804,173012.38188965234,243675.793700524
1.1357737334480977e-06,550411230863.9565,173011.87681595952,243671.64154241304
1.1436504928569773e-06,542863272302.9515,173011.36824397516,243667.4607455497
1.1515818787613975e-06,535418873833.16425,173010.85614950018,243663.25111370021
1.15956827000421e-06,528076614217.16644,173010.34050816865,243659.01244930318
1.1676100480556025e-06,520835091724.80396,173009.82129544645,243654.74455346077
1.1757075970313154e-06,513692923865.437,173009.2984866302,243650.44722592988
1.1838613037109837e-06,506648747123.8535,173008.77205684618,243646.12026511383
1.1920715575566165e-06,499701216699.80084,173008.24198104898,243641.76346805244
1.2003387507312051e-06,492849006251.09064,173007.70823402045,243637.37663041393
1.2086632781174487e-06,486090807640.2415,173007.17079036855,243632.95954648568
1.2170455373366118e-06,479425330684.59717,173006.62962452596,243628.51200916473
1.225485928767522e-06,472851302909.8661,173006.08471074922,243624.03380994935
1.2339848555656977e-06,466367469307.0467,173005.53602311705,243619.5247389293
1.2425427236826012e-06,459972592092.69586,173004.9835355296,243614.98458477663
1.2511599418850233e-06,453665450472.48724,173004.42722170698,243610.41313473677
1.2598369217746127e-06,447444840408.0088,173003.867055188,243605.81017461873
1.2685740778075425e-06,441309574386.761,173003.30300932896,243601.17548878578
1.2773718273143e-06,435258481195.3202,173002.7350573026,243596.5088601463
1.286230590519617e-06,429290405695.61456,173002.16317209648,243591.81007014358
1.2951507905625458e-06,423404208604.265,173001.58732651206,243587.07889874702
1.304132853516676e-06,417598766274.9542,173001.0074931631,243582.31512444184
1.313177208410481e-06,411872970483.79083,173000.4236444747,243577.5185242197
1.3222842872478047e-06,406225728217.6196,172999.83575268174,243572.68887356875
1.3314545250285022e-06,400655961465.2302,172999.24378982777,243567.82594646394
1.3406883597692223e-06,395162607011.4323,172998.64772776348,243562.92951535698
1.3499862325243242e-06,389744616233.9644,172998.04753814565,243557.99935116657
1.3593485874069394e-06,384400954903.18964,172997.4431924356,243553.03522326832
1.3687758716101866e-06,379130602984.5373,172996.83466189797,243548.03689948443
1.3782685354285522e-06,373932554443.64557,172996.2219175993,243543.00414607394
1.387827032279365e-06,368805817054.2097,172995.60493040673,243537.93672772223
1.3974518187244727e-06,363749412208.43787,172994.98367098658,243532.83440753102
1.4071433544920529e-06,358762374730.11865,172994.35810980306,243527.69694700773
1.416902102498567e-06,353843752690.2579,172993.72821711682,243522.52410605544
1.4267285288708642e-06,348992607225.2478,172993.09396298355,243517.31564296214
1.4366231029684527e-06,344208012357.5248,172992.45531725258,243512.07131439043
1.4465862974059249e-06,339489054818.6897,172991.81224956556,243506.79087536683
1.456618588075525e-06,334834833875.0617,172991.16472935482,243501.47407927128
1.4667204541698752e-06,330244461155.6272,172990.5127258422,243496.12067782614
1.4768923782048688e-06,325717060482.34406,172989.85620803753,243490.7304210856
1.4871348460427253e-06,321251767702.7747,172989.19514473696,243485.30305742525
1.4974483469151902e-06,316847730525.0251,172988.52950452184,243479.83833353024
1.507833373446898e-06,312504108354.9451,172987.85925575692,243474.33599438518
1.518290421678908e-06,308220072135.5618,172987.18436658927,243468.79578326296
1.5288199910924042e-06,303994804188.71454,172986.50480494634,243463.21744171332
1.5394225846325466e-06,299827498058.87146,172985.82053853472,243457.60070955145
1.5500987087324882e-06,295717358359.0868,172985.13153483864,243451.94532484794
1.5608488733375715e-06,291663600619.0702,172984.4377611184,243446.2510239162
1.5716735919296914e-06,287665451135.34033,172983.7391844087,243440.5175413019
1.5825733815518166e-06,283722146823.441,172983.03577151743,243434.74460977103
1.593548762832678e-06,279832935072.18494,172982.3274890237,243428.93196029885
1.6046002600116454e-06,275997073599.89465,172981.61430327664,243423.07932205778
1.615728400963772e-06,272213830312.61517,172980.8961803936,243417.18642240652
1.6269337172250034e-06,268482483164.2798,172980.17308625873,243411.2529868776
1.6382167440175586e-06,264802320018.7932,172979.4449865212,243405.27873916615
1.6495780202755027e-06,261172638514.0046,172978.71184659374,243399.26340111747
1.661018088670495e-06,257592745927.54724,172977.97363165105,243393.20669271582
1.6725374956377036e-06,254061959044.52435,172977.23030662796,243387.10833207195
1.6841367914018983e-06,250579604027.01138,172976.48183621807,243380.96803541147
1.6958165300037396e-06,247145016285.34482,172975.72818487184,243374.78551706203
1.7075772693262491e-06,243757540351.17844,172974.96931679524,243368.56048944176
1.7194195711214499e-06,240416529752.28552,172974.2051959477,243362.2926630466
1.7313440010371918e-06,237121346889.0798,172973.4357860407,243355.9817464386
1.7433511286441767e-06,233871362912.82806,172972.6610505361,243349.6274462325
1.75544152746317e-06,230665957605.53336,172971.88095264413,243343.22946708414
1.76761577499239e-06,227504519261.47162,172971.09545532212,243336.78751167757
1.7798744527350827e-06,224386444570.3545,172970.30452127234,243330.30128071236
1.7922181462273059e-06,221311138502.09152,172969.5081129405,243323.77047289073
1.8046474450659037e-06,218278014193.13467,172968.70619251404,243317.19478490547
1.8171629429366624e-06,215286492834.38684,172967.89872192012,243310.57391142604
1.8297652376426594e-06,212336003560.6482,172967.0856628242,243303.90754508678
1.8424549311328258e-06,209425983341.5769,172966.26697662787,243297.19537647325
1.8552326295307046e-06,206555876874.14746,172965.44262446737,243290.43709410884
1.8680989431633963e-06,203725136476.58694,172964.6125672116,243283.63238444252
1.881054486590702e-06,200933221983.76877,172963.7767654603,243276.7809318347
1.8940998786344874e-06,198179600644.0376,172962.93517954237,243269.882418545
1.9072357424082457e-06,195463747017.4518,172962.0877695138,243262.93652471766
1.9204627053468564e-06,192785142875.4252,172961.23449515598,243255.94292836878
1.9337813992365403e-06,190143277101.7471,172960.3753159738,243248.90130537297
1.9471924602450614e-06,187537645594.9544,172959.51019119367,243241.8113294491
1.9606965289521017e-06,184967751172.05045,172958.63907976175,243234.67267214705
1.97429425037985e-06,182433103473.5447,172957.7619403419,243227.48500283397
1.98798627402382e-06,179933218869.7929,172956.87873131395,243220.24798868026
2.0017732538838817e-06,177467620368.62317,172955.98941077158,243212.96129464565
2.01565584849549e-06,175035837524.23273,172955.09393652042,243205.62458346537
2.029634720961135e-06,172637406347.33496,172954.1922660762,243198.23751563576
2.043710538982018e-06,170271869216.53745,172953.2843566626,243190.79974940067
2.0578839748899575e-06,167938774790.9364,172952.3701652094,243183.3109407366
2.072155705679493e-06,165637677923.91306,172951.44964835036,243175.77074333868
2.0865264130402127e-06,163368139578.11435,172950.52276242143,243168.17880860638
2.1009967833893228e-06,161129726741.597,172949.58946345843,243160.53478562876
2.1155675079044432e-06,158922012345.1232,172948.64970719512,243152.83832116995
2.130239282556615e-06,156744575180.59366,172947.7034490613,243145.08905965497
2.145012808143531e-06,154596999820.60114,172946.75064418046,243137.28664315428
2.159888790323021e-06,152478876539.0848,172945.791247368,243129.43071136955
2.174867939646765e-06,150389801233.07404,172944.82521312893,243121.52090161855
2.1899509715942244e-06,148329375345.5092,172943.85249565574,243113.55684882004
2.205138606606809e-06,146297205789.1212,172942.8730488264,243105.53818547903
2.220431570122294e-06,144292904871.35416,172941.8868262022,243097.46454167136
2.235830592609486e-06,142316090220.3181,172940.89378102552,243089.3355450288
2.2513364096030974e-06,140366384711.76083,172939.89386621775,243081.15082072344
2.2669497617388773e-06,138443416397.04178,172938.88703437708,243072.9099914524
2.282671394788991e-06,136546818432.09271,172937.87323777613,243064.6126774224
2.298502059697655e-06,134676229007.35303,172936.85242836017,243056.25849633422
2.3144425126169948e-06,132831291278.66963,172935.8245577444,243047.84706336708
2.3304935149431546e-06,131011653299.14473,172934.78957721207,243039.37799116276
2.3466558333526733e-06,129216967951.91733,172933.74743771198,243030.85088980987
2.3629302398391144e-06,127446892883.86722,172932.69808985645,243022.26536682827
2.3793175117499324e-06,125701090440.23117,172931.64148391885,243013.62102715252
2.395818431823591e-06,123979227600.11665,172930.57756983125,243004.91747311607
2.4124337882269626e-06,122280975912.89832,172929.50629718235,242996.1543044353
2.429164374592982e-06,120606011435.48816,172928.42761521498,242987.33111819308
2.446010990058548e-06,118954014670.46814,172927.34147282378,242978.4475088225
2.462974439302681e-06,117324670505.07239,172926.2478185528,242969.5030680902
2.480055532584971e-06,115717668151.00476,172925.1466005932,242960.49738508038
2.497255085784287e-06,114132701085.08275,172924.03776678082,242951.43004617782
2.514573920437741e-06,112569466990.69783,172922.92126459378,242942.3006350514
2.532012863779915e-06,111027667700.07944,172921.79704115,242933.10873263705
2.549572748782387e-06,109507009137.34955,172920.66504320488,242923.85391712122
2.567254414193525e-06,108007201262.35895,172919.52521714868,242914.5357639238
2.5850587045785436e-06,106527958015.29625,172918.3775090042,242905.15384568108
2.6029864703598303e-06,105068997262.05722,172917.2218644242,242895.70773222862
2.6210385678575787e-06,103630040740.36217,172916.05822868895,242886.19699058408
2.639215859330701e-06,102210814006.61292,172914.88654670367,242876.62118492997
2.657519213018002e-06,100811046383.48117,172913.7067629959,242866.97987659601
2.675949503179637e-06,99430470908.21643,172912.5188217132,242857.27262404206
2.694507610138899e-06,98068824281.65994,172911.32266662028,242847.49898284013
2.7131944203242563e-06,96725846817.96205,172910.11824109667,242837.65850565702
2.732010826311677e-06,95401282394.9894,172908.9054881339,242827.75074223633
2.7509577268672785e-06,94094878405.41106,172907.68435033294,242817.77523938075
2.7700360269902626e-06,92806385708.45659,172906.45476990167,242807.73154093424
2.7892466379561376e-06,91535558582.3372,172905.21668865214,242797.61918776378
2.80859047736023e-06,90282154677.3205,172903.97004799783,242787.4377177413
2.828068469161527e-06,89045934969.44734,172902.714788951,242777.18666572563
2.8476815437268186e-06,87826663714.88461,172901.4508521201,242766.86556354386
2.8674306378751273e-06,86624108404.90536,172900.17817770678,242756.47393997354
2.8873166949224435e-06,85438039721.48753,172898.89670550343,242746.01132072322
2.9073406647267935e-06,84268231493.51999,172897.60637489025,242735.47722841523
2.9275035037336216e-06,83114460653.61055,172896.30712483238,242724.87118256537
2.9478061750214634e-06,81976507195.4875,172894.99889387743,242714.1926995659
2.968249648347935e-06,80854154131.9863,172893.68162015223,242703.44129266503
2.988834900196066e-06,79747187453.61136,172892.35524136035,242692.61647194912
3.0095629138209524e-06,78655396087.66669,172891.01969477904,242681.71774432325
3.0304346792967097e-06,77578571857.94904,172889.67491725637,242670.74461349178
3.051451193563753e-06,76516509444.99387,172888.32084520845,242659.69657993966
3.0726134604764274e-06,75469006346.86607,172886.95741461645,242648.57314091286
3.093922490850967e-06,74435862840.48889,172885.58456102357,242637.37379039876
3.1153793025137703e-06,73416881943.50452,172884.20221953225,242626.0980191068
3.1369849203499967e-06,72411869376.65868,172882.81032480104,242614.74531444907
3.1587403763525388e-06,71420633526.7,172881.40881104185,242603.3151605202
3.180646709671324e-06,70442985409.78877,172879.99761201662,242591.80703807768
3.20270496666294e-06,69478738635.40897,172878.57666103455,242580.22042452235
3.2249162009405993e-06,68527709370.775894,172877.14589094892,242568.554793878
3.247281473424478e-06,67589716305.73101,172875.70523415398,242556.80961677106
3.2698018523924058e-06,66664580618.11863,172874.25462258206,242544.9843604112
3.292478413530875e-06,65752125939.639206,172872.79398770025,242533.0784885701
3.315312239986413e-06,64852178322.17084,172871.3232605074,242521.09146156232
3.338304422417327e-06,63964566204.55261,172869.84237153083,242509.0227362232
3.361456059045815e-06,63089120379.82331,172868.35125082338,242496.87176588966
3.384768255710411e-06,62225673962.9111,172866.84982795996,242484.63800037897
3.4082421259187873e-06,61374062358.76679,172865.33803203452,242472.32088596813
3.4318787909009585e-06,60534123230.93324,172863.8157916568,242459.91986537314
3.455679379662849e-06,59705696470.54644,172862.28303494892,242447.4343777275
3.4796450290402073e-06,58888624165.76294,172860.73968954233,242434.8638585618
3.5037768837528923e-06,58082750571.60689,172859.18568257435,242422.2077397821
3.5280760964595648e-06,57287922080.23003,172857.62094068492,242409.46544964935
3.552543827812759e-06,56503987191.57988,172856.04539001323,242396.63641275742
3.577181246514307e-06,55730796484.47165,172854.45895619434,242383.72005001176
3.6019895293711466e-06,54968202588.056915,172852.8615643559,242370.71577860822
3.626969861351546e-06,54216060153.683136,172851.25313911462,242357.62301201123
3.65212343564172e-06,53474225827.13954,172849.63360457285,242344.44115993194
3.677451453702806e-06,52742558221.28467,172848.0028843153,242331.16962830682
3.702955125328238e-06,52020917889.04981,172846.36090140537,242317.8078192752
3.7286356687015474e-06,51309167296.81192,172844.7075783817,242304.3551311577
3.7544943104545633e-06,50607170798.13215,172843.0428372547,242290.8109584341
3.78053228572599e-06,49914794607.85571,172841.366599503,242277.1746917209
3.8067508382203784e-06,49231906776.56732,172839.6787860699,242263.44571774945
3.833151220267577e-06,48558377165.39565,172837.97931735968,242249.62341934268
3.859734692882531e-06,47894077421.16503,172836.26811323423,242235.70717539426
3.886502525825491e-06,47238880951.888565,172834.54509300904,242221.69636084398
3.9134559976626875e-06,46592662902.59621,172832.81017545,242207.59034665689
3.940596395827412e-06,45955300131.49523,172831.0632787693,242193.3884997993
3.9679250166814955e-06,45326671186.458305,172829.304320622,242179.09018321658
3.995443165577217e-06,44706656281.83428,172827.53321810224,242164.69475581005
4.023152156919666e-06,44095137275.57677,172825.7498877394,242150.20157241385
4.051053314229543e-06,43491997646.68644,172823.95424549445,242135.60998377178
4.079147970206361e-06,42897122472.96375,172822.14620675604,242120.91933651414
4.107437466792085e-06,42310398409.06698,172820.3256863368,242106.1289731347
4.135923155235246e-06,41731713664.870865,172818.49259846934,242091.23823196662
4.164606396155504e-06,41160957984.122055,172816.64685680257,242076.2464471593
4.1934885596086155e-06,40598022623.38843,172814.78837439755,242061.15294865498
4.222571025151859e-06,40042800331.29731,172812.91706372387,242045.95706216473
4.25185518190995e-06,39495185328.057846,172811.03283665545,242030.65810914457
4.281342428641408e-06,38955073285.26455,172809.13560446666,242015.25540677202
4.311034173805347e-06,38422361305.97888,172807.22527782837,241999.74826792165
4.340931835628739e-06,37896947905.08385,172805.3017668038,241984.13600114125
4.371036842174169e-06,37378732989.90793,172803.36498084472,241968.4179106277
4.401350631408068e-06,36867617841.1148,172801.414828787,241952.59329620245
4.431874651269376e-06,36363505093.85607,172799.45121884695,241936.66145328758
4.462610359738687e-06,35866298719.182594,172797.4740586167,241920.62167288095
4.493559224907904e-06,35375904005.71042,172795.4832550605,241904.47324153205
4.524722725050389e-06,34892227541.53835,172793.47871451027,241888.2154413168
4.556102348691545e-06,34415177196.41431,172791.46034266154,241871.84754981365
4.587699594679902e-06,33944662104.14638,172789.42804456904,241855.36884007818
4.619515972258727e-06,33480592645.254868,172787.38172464268,241838.77858061832
4.651553001138134e-06,33022880429.8623,172785.321286643,241822.07603536954
4.683812211567647e-06,32571438280.818985,172783.24663367707,241805.26046366946
4.716295144409285e-06,32126180217.06,172781.15766819412,241788.3311202333
4.749003351211168e-06,31687021437.190266,172779.054291981,241771.28725512803
4.781938394281656e-06,31253878303.294735,172776.936406158,241754.12811374717
4.815101846763947e-06,30826668324.97155,172774.80391117424,241736.85293678567
4.8484952927112024e-06,30405310143.584087,172772.6567068034,241719.46096021403
4.882120327162225e-06,29989723516.728855,172770.4946921391,241701.95141525313
4.915978556217672e-06,29579829302.916454,172768.31776559047,241684.3235283481
4.9500715971167445e-06,29175549446.46335,172766.12582487753,241666.5765211429
4.984401078314417e-06,28776806962.59103,172763.9187670267,241648.70961045433
5.018968639559242e-06,28383525922.729103,172761.69648836626,241630.72200824623
5.0537759319716915e-06,27995631440.02022,172759.45888452156,241612.6129216034
5.088824618123004e-06,27613049655.0244,172757.20585041042,241594.38155270528
5.124116372114575e-06,27235707721.6195,172754.93728023866,241576.0270988005
5.159652879657941e-06,26863533793.094837,172752.65306749503,241557.5487521796
5.19543583815532e-06,26496457008.43564,172750.35310494676,241538.94570014955
5.231466956780664e-06,26134407478.79618,172748.03728463466,241520.21712500707
5.267747956561274e-06,25777316274.158684,172745.7054978684,241501.36220401214
5.3042805704600564e-06,25425115410.174435,172743.3576352215,241482.38010936114
5.341066543458275e-06,25077737835.18638,172740.9935865267,241463.27000816073
5.378107632638877e-06,24735117417.42974,172738.61324087097,241444.0310624009
5.41540560727044e-06,24397188932.40794,172736.21648659057,241424.66242892813
5.452962248891703e-06,24063888050.441784,172733.80321126603,241405.16325941845
5.49077935139664e-06,23735151324.389923,172731.3733017174,241385.53270035094
5.528858721120127e-06,23410916177.537846,172728.926643999,241365.76989297982
5.567202176924237e-06,23091120891.6527,172726.46312339447,241345.87397330845
5.605811550285145e-06,22775704595.202106,172723.9826244117,241325.84407206168
5.6446886853805845e-06,22464607251.735054,172721.48503077772,241305.67931465825
5.683835439177915e-06,22157769648.42219,172718.97022543356,241285.37882118407
5.723253681522837e-06,21855133384.753117,172716.43809052903,241264.9417063646
5.7629452952287345e-06,21556640861.388737,172713.88850741755,241244.36707953742
5.8029121761665784e-06,21262235269.167084,172711.321356651,241223.65404462488
5.843156233355466e-06,20971860578.259914,172708.73651797432,241202.8017001063
5.883679389053824e-06,20685461527.477844,172706.1338703203,241181.8091389906
5.924483578851249e-06,20402983613.722286,172703.51329180415,241160.67544878824
5.965570751760941e-06,20124373081.58243,172700.87465971822,241139.39971148426
6.006942870312771e-06,19849576913.07516,172698.21785052662,241117.98100350905
6.048601910647046e-06,19578542817.525223,172695.5427398597,241096.41839571207
6.090549862608922e-06,19311219221.584484,172692.8492025087,241074.71095333327
6.13278872984343e-06,19047555259.388466,172690.13711242,241052.8577359744
6.1753205298911475e-06,18787500762.847935,172687.40634269,241030.85779757178
6.218147294284599e-06,18531006252.073368,172684.65676555914,241008.71018636852
6.261271068645312e-06,18278022925.931034,172681.88825240664,240986.4139448852
6.304693912781504e-06,18028502652.72877,172679.1006737445,240963.96810989277
6.348417900786441e-06,17782397961.029797,172676.2938992123,240941.37171238384
6.392445121137535e-06,17539662030.592167,172673.46779757092,240918.62377754395
6.4367776767961236e-06,17300248683.432644,172670.6222366974,240895.7233247241
6.481417685307896e-06,17064112375.013485,172667.7570835787,240872.6693674118
6.526367278904004e-06,16831208185.550236,172664.87220430613,240849.46091320273
6.571628604602944e-06,16601491811.438484,172661.96746406943,240826.09696377197
6.617203824313128e-06,16374919556.798265,172659.04272715093,240802.57651484633
6.663095114936124e-06,16151448325.134905,172656.09785691954,240778.89855617456
6.70930466847061e-06,15931035611.114183,172653.13271582496,240755.0620714998
6.755834692117097e-06,15713639492.450188,172650.14716539154,240731.06603853035
6.80268740838339e-06,15499218621.90449,172647.14106621227,240706.9094289111
6.849865055190715e-06,15287732219.395403,172644.1142779429,240682.59120819485
6.897369885980582e-06,15079140064.2155,172641.06665929558,240658.11033581392
6.945204169822459e-06,14873402487.355736,172637.99806803287,240633.4657650503
6.993370191522169e-06,14670480363.934898,172634.90836096165,240608.65644300808
7.041870251731007e-06,14470335105.733189,172631.7973939267,240583.68131058398
7.090706667055597e-06,14272928653.828318,172628.66502180463,240558.5393024385
7.139881770168572e-06,14078223471.332405,172625.5110984975,240533.22934696704
7.189397909920025e-06,13886182536.228544,172622.33547692656,240507.75036627144
7.239257451449676e-06,13696769334.305983,172619.1380090259,240482.10127613004
7.289462776299806e-06,13509947852.192171,172615.91854573594,240456.2809859698
7.34001628252905e-06,13325682570.480274,172612.6769369971,240430.28839883683
7.390920384826961e-06,13143938456.951006,172609.41303174334,240404.12241136754
7.442177514629325e-06,12964680959.887718,172606.12667789563,240377.78191375925
7.493790120234251e-06,12787876001.483213,172602.81772235534,240351.2657897421
7.545760666919203e-06,12613489971.336689,172599.48601099764,240324.5729165488
7.59809163705871e-06,12441489720.040302,172596.131388665,240297.7021648867
7.650785530242908e-06,12271842552.853748,172592.75369916047,240270.6523989083
7.703844863396957e-06,12104516223.465454,172589.35278524083,240243.42247618237
7.757272170901306e-06,11939478927.839365,172585.92848861005,240216.0112476645
7.811070004712698e-06,11776699298.14641,172582.4806499124,240188.41755766893
7.865240934486053e-06,11616146396.779243,172579.00910872567,240160.64024383863
7.919787547697222e-06,11457789710.448927,172575.51370355417,240132.67813711698
7.97471244976662e-06,11301599144.362637,172571.99427182198,240104.5300617185
8.030018264183642e-06,11147545016.481474,172568.450649866,240076.1948350998
8.085707632631934e-06,10995598051.85708,172564.88267292877,240047.67126793074
8.141783215115612e-06,10845729377.045778,172561.29017515163,240018.95816406564
8.198247690086349e-06,10697910514.5994,172557.67298956774,239990.0543205139
8.255103754571278e-06,10552113377.631876,172554.03094809453,239960.95852741165
8.31235412430178e-06,10408310264.460436,172550.36388152707,239931.6695679926
8.370001533843237e-06,10266473853.320112,172546.6716195305,239902.18621855904
8.428048736725684e-06,10126577197.150856,172542.95399063305,239872.50724845342
8.486498505575293e-06,9988593718.456314,172539.2108222185,239842.63142002915
8.545353632246777e-06,9852497204.233189,172535.44194051917,239812.55748862235
8.604616927956775e-06,9718261800.97001,172531.64717060816,239782.2842025227
8.664291223418165e-06,9585862009.714563,172527.82633639238,239751.81030294497
8.72437936897524e-06,9455272681.209146,172523.97926060474,239721.13452400043
8.784884234739817e-06,9326469059.045465,172520.10576479684,239690.25436027988
8.845808710728366e-06,9199426908.595587,172516.20566933145,239659.16250040825
8.907155707000087e-06,9074121814.719471,172512.2787933748,239627.86492394947
8.968928153795867e-06,8950529979.794434,172508.32495488902,239596.36033634865
9.03112900167822e-06,8828627932.54828,172504.34397062458,239564.64743580634
9.09376122167224e-06,8708392523.581623,172500.33565611235,239532.72491324868
9.156827805407569e-06,8589800920.951561,172496.29982565614,239500.59145230014
9.220331765261232e-06,8472830605.816191,172492.23629232455,239468.24572925482
9.284276134501508e-06,8357459368.13881,172488.14486794343,239435.68641304885
9.348663967432837e-06,8243665302.450993,172484.02536308786,239402.9121652325
9.413498339541754e-06,8131426803.673794,172479.8775870742,239369.9216399416
9.478782347643749e-06,8020722562.996439,172475.70134795218,239336.7134838705
9.544519110031145e-06,7911531563.811576,172471.49645249677,239303.28633624376
9.61071176662209e-06,7803833077.706162,172467.26270620024,239269.63882878912
9.677363479110568e-06,7697606660.507393,172462.99991326398,239235.7695857094
9.744477431117378e-06,7592832148.383022,172458.70787659026,239201.67722365545
9.812056828342146e-06,7489489653.995201,172454.38639777421,239167.36035169874
9.880104898716575e-06,7387559562.706841,172450.03527709542,239132.81757130387
9.948624892558478e-06,7287022528.840438,172445.65431350967,239098.04747630208
1.0017620082727184e-05,7187859471.98781,172441.2433046406,239063.0486528636
1.0087093764779705e-05,7090051573.370916,172436.8020467714,239027.81967947126
1.0157049257128313e-05,6993580272.252169,172432.33033483612,238992.3591268935
1.022748990119888e-05,6898427262.394466,172427.82796241148,238956.66555815772
1.029841906159064e-05,6804574488.56935,172423.29472170823,238920.73752852416
1.0369840126236745e-05,6712004143.113525,172418.73040356243,238884.57358545906
1.0441756506566247e-05,6620698662.532202,172414.13479742702,238848.17226860873
1.051417163766688e-05,6530640724.149484,172409.50769136305,238811.5321097735
1.0587088978449309e-05,6441813242.804291,172404.84887203103,238774.651632882
1.0660512011812171e-05,6354199367.592063,172400.15812468197,238737.52935396455
1.0734444244808604e-05,6267782478.650742,172395.43523314886,238700.16378112888
1.08088892088136e-05,6182546183.991272,172390.6799798375,238662.55341453347
1.0883850459692845e-05,6098474316.371211,172385.89214571775,238624.6967463631
1.0959331577972391e-05,6015550930.211629,172381.0715103146,238586.59226080342
1.1035336169009864e-05,5933760298.555915,172376.217851699,238548.238434016
1.1111867863166483e-05,5853086910.07074,172371.330946479,238509.63373411368
1.1188930315980656e-05,5773515466.08774,172366.41056979037,238470.77662113612
1.1266527208342404e-05,5695030877.686228,172361.4564952878,238431.66554702545
1.1344662246669353e-05,5617618262.815539,172356.46849513528,238392.29895560147
1.1423339163083593e-05,5541262943.4572315,172351.44633999723,238352.6752825389
1.1502561715590133e-05,5465950442.825874,172346.38979902884,238312.7929553426
1.1582333688256206e-05,5391666482.608616,172341.29863986705,238272.65039332438
1.166265889139221e-05,5318396980.242257,172336.17262862078,238232.24600757984
1.174354116173351e-05,5246128046.22807,172331.0115298618,238191.57820096504
1.1824984362623906e-05,5174845981.4830885,172325.81510661502,238150.64536807363
1.1906992384199958e-05,5104537274.728104,172320.58312034904,238109.4458952145
1.1989569143576995e-05,5035188599.911175,172315.3153309664,238067.97816038932
1.2072718585036032e-05,4966786813.666812,172310.01149679412,238026.24053326983
1.215644468021235e-05,4899318952.809707,172304.6713745737,237984.2313751766
1.2240751428285014e-05,4832772231.863185,172299.29471945172,237941.9490390572
1.2325642856168063e-05,4767134040.621249,172293.88128496963,237899.39186946457
1.2411123018702786e-05,4702391941.74431,172288.43082305428,237856.55820253651
1.2497195998851315e-05,4638533668.387898,172282.94308400765,237813.446365974
1.2583865907891838e-05,4575547121.863699,172277.41781649715,237770.05467902153
1.2671136885614768e-05,4513420369.333006,172271.85476754545,237726.38145244593
1.2759013100520673e-05,4452141641.5315,172266.25368252036,237682.42498851707
1.2847498750019192e-05,4391699330.525559,172260.61430512488,237638.18358098806
1.293659806062973e-05,4332081987.499063,172254.93637738682,237593.6555150754
1.302631528818312e-05,4273278320.570841,172249.21963964883,237548.83906744068
1.3116654718025127e-05,4215277192.641817,172243.46383055783,237503.732506171
1.320762066522091e-05,4158067619.2719455,172237.66868705483,237458.33409076137
1.329921747476136e-05,4101638766.5860186,172231.83394436457,237412.6420720958
1.3391449521770411e-05,4045979949.2084875,172225.95933598498,237366.65469243017
1.3484321211714243e-05,3991080628.2263384,172220.04459367672,237320.37018537443
1.3577836980611487e-05,3936930409.180207,172214.08944745272,237273.7867758758
1.3672001295245333e-05,3883519040.082778,172208.0936255674,237226.90268020175
1.3766818653376661e-05,3830836409.4646463,172202.05685450623,237179.71610592428
1.3862293583959107e-05,3778872544.4467444,172195.97885897482,237132.2252519026
1.3958430647355157e-05,3727617608.8394465,172189.85936188832,237084.42830826924
1.4055234435554201e-05,3677061901.2675395,172183.6980843605,237036.32345641372
1.4152709572391644e-05,3627195853.3211427,172177.494745693,236987.90886896805
1.4250860713769989e-05,3578010027.7317796,172171.24906336423,236939.182709792
1.4349692547881001e-05,3529495116.573693,172164.96075301856,236890.1431339598
1.4449209795429862e-05,3481641939.489631,172158.62952845523,236840.78828774567
1.4549417209860436e-05,3434441441.941188,172152.25510161722,236791.1163086113
1.4650319577582535e-05,3387884693.4829435,172145.83718258026,236741.12532519267
1.4751921718200321e-05,3341962886.060495,172139.37547954143,236690.81345728802
1.4854228484742742e-05,3296667332.33163,172132.86969880806,236640.17881584566
1.4957244763895103e-05,3251989464.010747,172126.31954478644,236589.21950295308
1.506097547623272e-05,3207920830.235791,172119.72471997034,236537.93361182514
1.5165425576455703e-05,3164453095.9577885,172113.08492492978,236486.31922679464
1.527060005362587e-05,3121578040.3522944,172106.3998582993,236434.37442330105
1.537650393140479e-05,3079287555.2528257,172099.6692167669,236382.09726788235
1.548314226829401e-05,3037573643.605594,172092.8926950618,236329.48581816457
1.55905201578764e-05,2996428417.9456363,172086.06998594356,236276.53812285472
1.5698642729059714e-05,2955844098.8936763,172079.20078018974,236223.25222173112
1.580751514632131e-05,2915813013.6737747,172072.28476658463,236169.62614563742
1.59171426099551e-05,2876327594.651158,172065.32163190722,236115.65791647448
1.6027530356319663e-05,2837380377.890275,172058.3110609194,236061.34554719442
1.6138683658088647e-05,2798964001.7324686,172051.2527363541,236006.6870417948
1.6250607824502337e-05,2761071205.393339,172044.1463389033,235951.6803953127
1.6363308201621517e-05,2723694827.5791764,172036.991547206,235896.32359382047
1.6476790172582567e-05,2686827805.122551,172029.78803783626,235840.61461442118
1.6591059157854848e-05,2650463171.6364503,172022.53548529083,235784.55142524495
1.6706120615499345e-05,2614594056.187062,172015.2335619774,235728.13198544594
1.6821980041429646e-05,2579213681.9845805,172007.8819382018,235671.3542452
1.6938642969674172e-05,2544315365.0921745,172000.48028215632,235614.2161457023
1.70561149726408e-05,2509892513.152464,171993.02825990692,235556.71561916667
1.7174401661382735e-05,2475938624.131669,171985.5255353809,235498.85058882428
1.7293508685866777e-05,2442447285.080819,171977.97177035475,235440.6189689243
1.741344173524308e-05,2409412170.914068,171970.36662444126,235382.01866473397
1.75342065381168e-05,2376827043.203762,171962.7097550772,235323.0475725401
1.7655808862821963e-05,2344685748.9919524,171955.00081751065,235263.70357965102
1.7778254517696695e-05,2312982219.618356,171947.2394647882,235203.98456439903
1.7901549351360958e-05,2281710469.564246,171939.42534774245,235143.88839614353
1.802569925299562e-05,2250864595.3123446,171931.55811497904,235083.41293527564
1.8150710152624027e-05,2220438774.2222295,171923.63741286393,235022.5560332221
1.827658802139499e-05,2190427263.4212995,171915.66288551042,234961.3155324507
1.8403338871868253e-05,2160824398.710821,171907.63417476628,234899.68926647704
1.853096875830141e-05,2131624593.4871244,171899.5509202007,234837.67505987064
1.8659483776939382e-05,2102822337.67746,171891.4127590913,234775.2707282626
1.8788890066305304e-05,2074412196.690593,171883.21932641085,234712.47407835402
1.891919380749403e-05,2046388810.381662,171874.97025481437,234649.28290792514
1.905040122446707e-05,2018746892.031372,171866.6651746257,234585.69500584496
1.9182518584350182e-05,1991481227.3390648,171858.30371382428,234521.70815208185
1.931555219773243e-05,1964586673.4297235,171849.8854980319,234457.32011771502
1.9449508418967882e-05,1938058157.8744905,171841.41015049923,234392.52866494664
1.9584393646478862e-05,1911890677.7247326,171832.87729209237,234327.33154711468
1.972021432306185e-05,1886079298.5592434,171824.2865412795,234261.72650870716
1.9856976936194906e-05,1860619153.5446444,171815.63751411712,234195.71128537614
1.9994688018347893e-05,1835505442.508541,171806.92982423672,234129.28360395387
2.013335414729415e-05,1810733431.0255318,171798.16308283093,234062.4411824687
2.0272981946425015e-05,1786298449.515628,171789.33689863977,233995.18173016194
2.0413578085065862e-05,1762195892.3551614,171780.4508779372,233927.50294750725
2.0555149278794996e-05,1738421216.9997785,171771.50462451694,233859.40252622767
2.0697702289764078e-05,1714969943.1195757,171762.4977396788,233790.87814931714
2.0841243927021474e-05,1691837651.7459888,171753.42982221488,233721.92749106034
2.0985781046837137e-05,1669019984.4305012,171744.30046839526,233652.54821705454
2.113132055303044e-05,1646512642.414779,171735.10927195437,233582.73798423246
2.1277869397299598e-05,1624311385.8123043,171725.85582407663,233512.4944408854
2.142543457955405e-05,1602412032.8011258,171716.53971338246,233441.81522668796
2.1574023148248482e-05,1580810458.8277905,171707.16052591402,233370.6979727234
2.1723642200719834e-05,1559502595.8220925,171697.71784512117,233299.14030151023
2.187429888352594e-05,1538484431.4227004,171688.2112518469,233227.13982702928
2.2026000392787276e-05,1517752008.2133002,171678.64032431328,233154.69415475242
2.217875397453028e-05,1497301422.9693236,171669.0046381069,233081.80088167192
2.2332566925033847e-05,1477128825.9149127,171659.30376616455,233008.45759633047
2.2487446591177474e-05,1457230419.9901645,171649.53727875862,232934.66187885345
2.264340037079253e-05,1437602460.12835,171639.7047434827,232860.4113009805
2.280043571301526e-05,1418241252.5431252,171629.80572523692,232785.70342609976
2.295856011864297e-05,1399143154.0254405,171619.83978621327,232710.53580928198
2.3117781140491912e-05,1380304571.250178,171609.8064858811,232634.90599731705
2.327810638375843e-05,1361721960.0922225,171599.70538097218,232558.81152874924
2.3439543506381845e-05,1343391824.9519858,171589.5360254661,232482.24993391702
2.3602100219410613e-05,1325310718.0901153,171579.29797057534,232405.21873499057
2.3765784287370264e-05,1307475238.9714017,171568.9907647304,232327.7154460124
2.393060352863461e-05,1289882033.6176143,171558.61395356493,232249.73757293881
2.4096565815799048e-05,1272527793.969264,171548.16707990077,232171.28261368207
2.4263679076056442e-05,1255409257.2561235,171537.6496837328,232092.34805815385
2.4431951291576115e-05,1238523205.37633,171527.06130221408,232012.9313883103
2.4601390499884717e-05,1221866464.284082,171516.4014696406,231933.0300781977
2.4772004794250543e-05,1205435903.3856544,171505.66971743625,231852.64159399987
2.49438023240697e-05,1189228434.9437819,171494.86557413737,231771.7633940858
2.511679129525577e-05,1173241013.4901283,171483.98856537786,231690.3929290603
2.5290979970631356e-05,1157470635.2458997,171473.03821387363,231608.52764181365
2.5466376670323177e-05,1141914337.5503235,171462.01403940737,231526.16496757453
2.564298977215905e-05,1126569198.297047,171450.91555881317,231443.30233396255
2.5820827712068485e-05,1111432335.378189,171439.74228596105,231359.9371610434
2.5999898984485198e-05,1096500906.1360946,171428.49373174165,231276.06686138452
2.618021214275328e-05,1081772106.8225358,171417.16940405042,231191.68884011157
2.6361775799535328e-05,1067243172.0654011,171405.76880777252,231106.80049496793
2.654459862722423e-05,1052911374.3426338,171394.29144476683,231021.3992163738
2.6728689358357e-05,1038774023.4634519,171382.7368138505,230935.48238748725
2.691405678603231e-05,1024828466.0566182,171371.10441078333,230849.0473842669
2.7100709764330054e-05,1011072085.0657971,171359.39372825198,230762.09157553533
2.7288657208734706e-05,997502299.2517651,171347.6042558542,230674.61232304442
2.7477908096560728e-05,984116562.7015164,171335.73548008324,230586.6069815422
2.7668471467381805e-05,970912364.3440399,171323.78688431173,230498.07289883983
2.7860356423462197e-05,957887227.4727947,171311.75794877607,230409.00741588205
2.805357213019193e-05,945038709.2746825,171299.64815056042,230319.40786681676
2.8248127816524154e-05,932364400.3655353,171287.45696358077,230229.27157906775
2.8444032775416395e-05,919861924.3319154,171275.18385856916,230138.59587340863
2.8641296364274e-05,907528937.279263,171262.82830305732,230047.37806403683
2.8839928005397536e-05,895363127.3861791,171250.38976136094,229955.61545865095
2.9039937186432393e-05,883362214.4648825,171237.86769456358,229863.3053585284
2.9241333460822425e-05,871523949.527637,171225.26156050037,229770.4450586047
2.9444126448265793e-05,859846114.3591826,171212.5708137421,229677.03184755484
2.964832583517494e-05,848326521.0949762,171199.7949055789,229583.063007875
2.9853941375138777e-05,836963011.8052697,171186.93328400413,229488.53581596728
3.0060982889389033e-05,825753458.084842,171173.98539369824,229393.44754222495
3.0269460267268906e-05,814695760.6484103,171160.95067601226,229297.79545111873
3.0479383466705893e-05,803787848.9315351,171147.82856895178,229201.57680128678
3.069076251468695e-05,793027680.6970571,171134.6185071606,229104.78884562364
3.0903607507737935e-05,782413241.6468737,171121.31992190427,229007.42883137256
3.111792861240534e-05,771942545.0390973,171107.9322410538,228909.49400021858
3.133373606574244e-05,761613631.3104092,171094.45488906925,228810.98158838373
3.155104017579773e-05,751424567.7036469,171080.88728698358,228711.88882672312
3.17698513221078e-05,741373447.9004463,171067.22885238574,228612.2129408234
3.199017995619263e-05,731458391.6589729,171053.47899940464,228511.95115110255
3.221203660205527e-05,721677544.4565753,171039.6371386925,228411.10067291104
3.243543185668407e-05,712029077.137381,171025.7026774083,228309.6587166354
3.266037639055929e-05,702511185.5646871,171011.67501920144,228207.62248780226
3.288688094816233e-05,693122090.278157,170997.55356419506,228104.98918718542
3.3114956348489396e-05,683860036.1556772,170983.33770896963,228001.7560109137
3.3344613485567785e-05,674723292.0798962,170969.02684654624,227897.9201505806
3.3575863328976684e-05,665710150.6092932,170954.62036637013,227793.47879335622
3.380871692437096e-05,656818927.6537874,170940.11765429407,227688.42912209986
3.4043185394008514e-05,648047962.1547948,170925.51809256172,227582.76831547573
3.4279279937282036e-05,639395615.7696468,170910.82105979102,227476.49354806892
3.451701183125338e-05,630860272.5603764,170896.02593095766,227369.60199050442
3.475639243119279e-05,622440338.6867298,170881.1320773783,227262.09080956684
3.499743317112071e-05,614134242.1034298,170866.1388666941,227153.9571683229
3.5240145564354496e-05,605940432.2615507,170851.04566285375,227045.19822624463
3.548454120405777e-05,597857379.8140287,170835.85182609726,226935.81113933527
3.573063176379479e-05,589883576.3251697,170820.55671293894,226825.7930602565
3.5978428998087366e-05,582017533.9841818,170805.15967615088,226715.14113845755
3.6227944742977e-05,574257785.3225968,170789.66006474625,226603.85252030593
3.64791909165896e-05,566602882.9356047,170774.05722396256,226491.92434922047
3.673217951970532e-05,559051399.2071728,170758.35049524516,226379.35376580583
3.698692263633122e-05,551601926.0389708,170742.53921623048,226266.13790798912
3.724343243427905e-05,544253074.5829774,170726.6227207293,226152.27391115754
3.750172116574582e-05,537003474.9777877,170710.60033871012,226037.75890829923
3.776180116789967e-05,529851776.0885045,170694.4713962826,225922.59003014473
3.8023684863468506e-05,522796645.25022775,170678.23521568085,225806.76440531138
3.828738476133402e-05,515836768.0150302,170661.89111524672,225690.27916044852
3.8552913457128534e-05,508970847.9024346,170645.43840941324,225573.13142038518
3.882028363383727e-05,502197606.1532793,170628.876408688,225455.3183082799
3.908950806240351e-05,495515781.48699284,170612.20441963652,225336.83694577197
3.9360599602339245e-05,488924129.8621638,170595.42174486571,225217.68445313466
3.963357120233878e-05,482421424.2404254,170578.5276830072,225097.8579494305
3.990843590089785e-05,476006454.3535477,170561.5215287009,224977.35455266837
4.018520682693576e-05,469678026.47375184,170544.4025725783,224856.1713799628
4.046389720042317e-05,463434963.1871465,170527.17010124619,224734.30554769444
4.0744520333012844e-05,457276103.1702982,170509.82339726985,224611.75417167362
4.102708962867618e-05,451200300.9698371,170492.36173915688,224488.5143673048
4.131161858434276e-05,445206426.7851139,170474.78440134058,224364.5832497534
4.159812079054573e-05,439293366.25380707,170457.09065416356,224239.95793411453
4.188660993207025e-05,433460020.24049914,170439.2797638614,224114.63553558406
4.217709978860784e-05,427705304.6281237,170421.35099254624,223988.61316963076
4.246960423541388e-05,422028150.1122989,170403.30359819042,223861.8879521713
4.2764137243971056e-05,416427501.9984548,170385.13683461034,223734.45699974656
4.3060712882656014e-05,410902320.0017673,170366.84995144999,223606.31742970046
4.335934531741202e-05,405451578.049811,170348.44219416496,223477.4663603603
4.3660048812424906e-05,400074264.0879418,170329.91280400613,223347.9009112193
4.396283773080512e-05,394769379.88732374,170311.2610180035,223217.61820312103
4.4267726535273046e-05,389535940.8556118,170292.4860689502,223086.61535844594
4.457472978885053e-05,384372975.850207,170273.58718538642,222954.88950129974
4.48838621555558e-05,379279526.9940942,170254.56359158346,222822.43775770394
4.5195138401104566e-05,374254649.49418336,170235.4145075276,222689.25725578787
4.5508573393614604e-05,369297411.4621626,170216.13914890448,222555.3451259837
4.582418210431668e-05,364406893.7377854,170196.73672708301,222420.69850122195
4.614197960826888e-05,359582189.7146029,170177.20644909985,222285.31451713067
4.6461981085077444e-05,354822405.1680632,170157.5475176434,222149.19031223518
4.678420181962103e-05,350126658.0859895,170137.75913103836,222012.32302816072
4.7108657202781504e-05,345494078.5013609,170117.84048323004,221874.70980983647
4.743536273217879e-05,340923808.3274002,170097.79076376892,221736.3478057021
4.7764334012910794e-05,336415001.1949226,170077.60915779497,221597.23416791568
4.80955867582995e-05,331966822.2918999,170057.29484602262,221457.36605256435
4.8429136790640704e-05,327578448.2052444,170036.847004725,221316.74061987616
4.876500004196058e-05,323249066.7647415,170016.26480571902,221175.35503443424
4.910319255477586e-05,318977876.8891412,169995.5474163502,221033.20646539325
4.944373048286093e-05,314764088.43434,169974.6939994773,220890.29208669713
4.978663009201857e-05,310606922.04366356,169953.7037134577,220746.60907729957
5.013190776085773e-05,306505609.00018287,169932.57571213215,220602.15462138527
5.047957998157505e-05,302459391.0810722,169911.3091448101,220456.9259085952
5.0829663360743395e-05,298467520.4139475,169889.90315625494,220310.92013425098
5.118217462010428e-05,294529259.33518976,169868.35688666932,220164.13449958403
5.1537130597367364e-05,290643880.2501944,169846.6694716807,220016.5662119647
5.189454824701395e-05,286810665.4955528,169824.84004232672,219868.2124851341
5.2254444641107575e-05,283028907.20310634,169802.8677250409,219719.07053943758
5.261683697010864e-05,279297907.1658802,169780.75164163864,219569.13760206127
5.29817425436964e-05,275616976.7058389,169758.49090930255,219418.4109072678
5.334917879159484e-05,271985436.5434706,169736.084640569,219266.88769663725
5.3719163264406116e-05,268402616.66914237,169713.53194331375,219114.56521930758
5.409171363444798e-05,264867856.2162356,169690.83192073836,218961.44073221806
5.446684769659877e-05,261380503.3360034,169667.98367135646,218807.5115003541
5.4844583369146506e-05,257939915.07416046,169644.98628898017,218652.7747969943
5.5224938694645626e-05,254545457.2491472,169621.8388627067,218497.22790395896
5.5607931840777926e-05,251196504.3320789,169598.54047690483,218340.86811186085
5.599358110122122e-05,247892439.32832465,169575.09021120204,218183.69272035736
5.638190489652224e-05,244632653.66072473,169551.48714047117,218025.69903840483
5.677292177497739e-05,241416547.05439296,169527.73033481772,217866.88438451444
5.7166650413517825e-05,238243527.42311332,169503.8188595669,217707.24608701054
5.756310961860243e-05,235113010.75727925,169479.7517752511,217546.78148428898
5.796231832711521e-05,232024421.0133821,169455.52813759728,217385.48792507977
5.836429560727076e-05,228977190.00500044,169431.14699751476,217223.36276870928
5.876906065952407e-05,225970757.2952982,169406.60740108305,217060.4033853655
5.917663281748864e-05,223004570.09098047,169381.90838953955,216896.6071563643
5.9587031548858954e-05,220078083.13771862,169357.04899926804,216731.9714744176
6.0000276456341335e-05,217190758.6169924,169332.0282617867,216566.4937439035
6.041638727858929e-05,214342066.0443613,169306.84520373665,216400.17138113786
6.0835383891147315e-05,211531482.16911572,169281.49884687064,216233.0018146471
6.125728630739927e-05,208758490.8753166,169255.9882080418,216064.98248544362
6.168211467952527e-05,206022583.08417827,169230.31229919245,215896.1108473017
6.210988929946333e-05,203323256.6578018,169204.47012734355,215726.38436703596
6.254063059987955e-05,200660016.30421498,169178.4606945839,215555.80052478064
6.297435915514308e-05,198032373.48372588,169152.28299805956,215384.35681427104
6.341109568230991e-05,195439846.31654733,169125.93602996375,215212.0507431262
6.385086104211138e-05,192881959.49169973,169099.41877752668,215038.87983313273
6.429367623995157e-05,190358244.17714974,169072.7302230056,214864.84162053085
6.473956242690967e-05,187868237.93119228,169045.86934367532,214689.93365630167
6.518854090075127e-05,185411484.61503497,169018.83511181848,214514.15350645533
6.564063310694458e-05,182987534.30659258,168991.62649471645,214337.49875232138
6.609586063968574e-05,180595943.21545097,168964.24245464028,214159.9669908398
6.65542452429298e-05,178236273.59900397,168936.68194884175,213981.55583485428
6.7015808811429e-05,175908093.67973924,168908.9439295449,213802.26291340587
6.748057339177948e-05,173610977.56365007,168881.02734393766,213622.08587202843
6.794856118347322e-05,171344505.15977582,168852.93113416352,213441.02237304594
6.841979453995954e-05,169108262.10083404,168824.65423731378,213259.07009586928
6.889429596971169e-05,166901839.66494983,168796.1955854199,213076.22673729676
6.93720881373031e-05,164724834.69844797,168767.55410544598,212892.49001181356
6.98531938644888e-05,162576849.539713,168738.72871928153,212707.8576518936
7.033763613129665e-05,160457491.9440817,168709.71834373483,212522.32740830246
7.082543807712381e-05,158366375.00977558,168680.5218905259,212335.89705040088
7.131662300184324e-05,156303117.10483697,168651.13826628035,212148.56436644986
7.181121436691533e-05,154267341.7950772,168621.56637252308,211960.32716391658
7.230923579650979e-05,152258677.77300113,168591.8051056726,211771.1832697813
7.281071107863288e-05,150276758.78771535,168561.85335703523,211581.1305308456
7.331566416626478e-05,148321223.57578743,168531.71001279997,211390.16681404086
7.382411917850256e-05,146391715.7930609,168501.37395403336,211198.29000673865
7.433610040171342e-05,144487883.94739595,168470.84405667477,211005.4980170609
7.485163229069348e-05,142609381.33234015,168440.11919153202,210811.78877419193
7.537073946983715e-05,140755865.96169868,168409.19822427715,210617.16022869042
7.589344673431202e-05,138927000.50500992,168378.08001544257,210421.61035280293
7.64197790512445e-05,137122452.2238961,168346.76342041773,210225.1371407779
7.694976156091108e-05,135341892.90929455,168315.24728944566,210027.73860917968
7.748341957794044e-05,133584998.81953998,168283.53046762015,209829.41279720436
7.802077859252132e-05,131851450.61930355,168251.61179488324,209630.15776699551
7.856186427162136e-05,130140933.31935984,168219.490106023,209429.97160396053
7.910670246021177e-05,128453136.21718691,168187.16423067148,209228.8524170881
7.965531918250312e-05,126787752.83837232,168154.63299330324,209026.79833926508
8.02077406431871e-05,125144480.87882918,168121.89521323412,208823.8075275953
8.076399322868948e-05,123523022.14779606,168088.94970462035,208619.87816371725
8.132410350842915e-05,121923082.51162514,168055.79527645808,208415.00845412366
8.188809823608851e-05,120344371.8383329,168022.43073258305,208209.1966304797
8.245600435089006e-05,118786603.94291736,167988.85487167106,208002.4409499438
8.30278489788845e-05,117249496.53341712,167955.06648723828,207794.73969548594
8.360365943424502e-05,115732771.15771638,167921.06436764248,207586.09117620878
8.418346322057333e-05,114236153.15107119,167886.847296084,207376.49372766676
8.476728803221204e-05,112759371.58436145,167852.41405060783,207165.94571218715
8.535516175556878e-05,111302159.21304476,167817.76340410556,206954.44551918993
8.594711247044692e-05,109864252.42681581,167782.89412431786,206741.99156550821
8.654316845138808e-05,108445391.19994889,167747.80497383742,206528.5822957083
8.714335816902137e-05,107045319.04232652,167712.4947101124,206314.21618241063
8.77477102914246e-05,105663782.95113273,167676.96208544998,206098.8917266091
8.835625368549227e-05,104300533.36321364,167641.20584702058,205882.6074579914
8.896901741831577e-05,102955324.10808463,167605.22473686258,205665.36193525887
8.958603075857039e-05,101627912.3615867,167569.01749188712,205447.15374644604
9.020732317791475e-05,100318058.6001717,167532.58284388378,205227.98150923944
9.083292435239705e-05,99025526.55581936,167495.91951952633,205007.84387129688
9.1462864163874e-05,97750083.17156558,167459.02624037908,204786.73951056553
9.209717270143677e-05,96491498.55764559,167421.90172290386,204564.6671356003
9.273588026284929e-05,95249545.94823234,167384.54467846703,204341.6254858808
9.337901735599505e-05,94024001.65877047,167346.9538133475,204117.6133321285
9.402661470033367e-05,92814645.0438945,167309.1278287447,203892.6294766233
9.467870322836952e-05,91621258.45591992,167271.0654207874,203666.67275351845
9.533531408712769e-05,90443627.20390767,167232.76528054292,203439.74202915607
9.599647863964338e-05,89281539.513283,167194.2260940267,203211.8362023811
9.666222846645819e-05,88134786.48601386,167155.44654221254,202982.95420485418
9.733259536713033e-05,87003162.06132762,167116.42530104326,202753.09500136453
9.800761136175187e-05,85886462.97697191,167077.1610414419,202522.25759014138
9.868730869247974e-05,84784488.73100014,167037.65242932338,202290.4410031641
9.93717198250742e-05,83697041.54408547,166997.8981256068,202057.6443064719
0.00010006087745045123,82623926.32234523,166957.89678622808,201823.86660047204
0.00010075481448624232,81564950.62067978,166917.64706215347,201589.10702024715
0.00010145356407836844,80519924.60660776,166877.14759939318,201353.364735861
0.00010215715960262162,79488661.02460183,166836.39703901578,201116.63895266273
0.00010286563466626082,78470975.16090691,166795.3940171633,200878.92891159124
0.00010357902310961542,77466684.80884573,166754.1371650666,200640.23388947622
0.00010429735900770343,76475610.23459373,166712.6251090615,200400.55319933893
0.00010502067667185728,75497574.1434276,166670.85647060545,200159.88619069124
0.00010574901065136443,74532401.64643086,166628.82986629466,199918.2322498331
0.00010648239573511593,73579920.22765988,166586.54390788203,199675.59080014817
0.00010722086695326983,72639959.71175463,166543.99720229552,199431.96130239786
0.0001079644595789226,71712352.23199722,166501.18835165715,199187.34325501448
0.00010871320912979584,70796932.19880328,166458.11595330274,198941.7361943905
0.00010946715136993085,69893536.26864864,166414.77859980194,198695.1396951688
0.00011022632231139877,69002003.31341733,166371.17487897928,198447.55337052827
0.00011099075821601896,68122174.39017303,166327.30337393563,198198.97687246927
0.00011176049559709272,67253892.71134,166283.16266307022,197949.4098920963
0.00011253557122114561,66397003.61529628,166238.75132010353,197698.85215989896
0.00011331602210968547,65551354.53736534,166194.06791410068,197447.30344603004
0.0001141018855409688,64716794.98120842,166149.11100949545,197194.76356058248
0.00011489319905178332,63893176.49060454,166103.87916611502,196941.2323538628
0.00011569000043923896,63080352.6216206,166058.37093920552,196686.70971666364
0.00011649232776257524,62278178.91515819,166012.58487945786,196431.19558053234
0.00011730021934497711,61486512.869880214,165966.51953303473,196174.68991803844
0.00011811371377540753,60705213.915503696,165920.17344159796,195917.19274303783
0.00011893284991044861,59934143.386462234,165873.54514233663,195658.70411093466
0.00011975766687615968,59173164.49592465,165826.63316799593,195399.22411894047
0.00012058820406994404,58422142.3101731,165779.43604690686,195138.75290633098
0.00012142450116243286,57680943.723327935,165731.9523030163,194877.29065469923
0.00012226659809937802,56949437.43242185,165684.1804559182,194614.83758820762
0.00012311453510356211,56227493.91281177,165636.1190208852,194351.39397383475
0.0001239683526767177,55514985.39393036,165587.7665089012,194086.9601216214
0.00012482809160146391,54811785.83536581,165539.12142669447,193821.5363849125
0.00012569379294325228,54117770.90327242,165490.18227677172,193555.12316059633
0.00012656549805233048,53432817.947100334,165440.94755745275,193287.72088934007
0.00012744324856571516,52756805.97664694,165391.41576290596,193019.3300558236
0.000128327086409183,52089615.639419,165341.58538318472,192749.9511889681
0.00012921705379927102,51431129.19830757,165291.4549042643,192479.5848621632
0.00013011319324529502,50781230.5095653,165241.0228080797,192208.23169348942
0.00013101554755137924,50139805.001086906,165190.28757256435,191935.8923459382
0.00013192415981850005,49506739.65098678,165139.24767168946,191662.56752762786
0.00013283907344654653,48881922.96646766,165087.90157550434,191388.25799201624
0.00013376033213639138,48265244.96298102,165036.24775017737,191112.96453810998
0.00013468797989198047,47656597.14366961,164984.28465803782,190836.6880106697
0.00013562206102243242,47055872.47909414,164932.0107576187,190559.4293004118
0.00013656262014415726,46462965.38723414,164879.4245037001,190281.18934420688
0.00013750970218298536,45877771.71376527,164826.52434735376,190001.9691252735
0.00013846335237631546,45300188.712603584,164773.30873598804,189721.76967336884
0.00013942361627527334,44730115.02671845,164719.77611339415,189440.59206497518
0.00014039053974688968,44167450.66920527,164665.92491979303,189158.43742348213
0.00014136416897628863,43612097.00461969,164611.75359188317,188875.30691936586
0.0001423445504688963,43063956.73056418,164557.26056288925,188591.2017703627
0.00014333173105265956,42522933.85952935,164502.44426261162,188306.12324164022
0.00014432575788028527,41988933.70098067,164447.30311747687,188020.07264596267
0.00014532667843149014,41461862.84369274,164391.83555058896,187733.05134385388
0.00014633454051527089,40941629.13832274,164336.03998178174,187445.06074375397
0.0001473493922721856,40428141.68022432,164279.9148276717,187156.10230217339
0.00014837128217665542,39921310.79249427,164223.45850171233,186866.17752384153
0.00014940025903927766,39421048.009253226,164166.66941424893,186575.28796185154
0.00015043637200915947,38927266.05915265,164109.5459725745,186283.43521780026
0.00015147967057626324,38439878.8491095,164052.08658098662,185990.62094192396
0.00015253020457377278,37958801.44826108,163994.28964084515,185696.846833229
0.00015358802418047115,37483950.07214147,163936.1535506308,185402.1146396187
0.00015465317992314006,37015242.06707184,163877.6767060051,185106.42615801474
0.0001557257226789706,36552595.894766666,163818.85749987065,184809.78323447445
0.00015680570367799607,36095931.117147855,163759.6943224329,184512.18776430262
0.00015789317450553628,35645168.381368816,163700.18556126262,184213.6416921599
0.00015898818710466433,35200229.40504093,163640.32960135926,183914.14701216418
0.00016009079377868476,34761036.961664215,163580.12482521575,183613.70576798974
0.00016120104719363475,34327514.86625484,163519.5696128836,183312.32005295897
0.00016231900038079686,33899587.96117127,163458.66234203955,183009.992010131
0.00016344470673923485,33477182.102132022,163397.40138805294,182706.7238323843
0.0001645782200383415,33060224.144426547,163335.7851240543,182402.51776249462
0.00016571959442040975,32648641.929312482,163273.81192100456,182097.3760932075
0.00016686888440321592,32242364.270600863,163211.48014776577,181791.30116730675
0.00016802614488262664,31841320.94142263,163148.78817117235,181484.2953776757
0.00016919143113521814,31445442.661177907,163085.7343561037,181176.36116735567
0.00017036479882091927,31054661.082661707,163022.31706555776,180867.5010295975
0.00017154630398566735,30668908.779367443,162958.5346607255,180557.71750790862
0.00017273600306408804,30288119.232962023,162894.38550106648,180247.0131960943
0.00017393395288218803,29912226.820933945,162829.86794438568,179935.39073829458
0.00017514021066007227,29541166.80440832,162764.98034691086,179622.85282901418
0.00017635483401467418,29174875.316130146,162699.72106337163,179309.402213149
0.0001775778809625106,28813289.348610017,162634.0884470789,178995.04168600542
0.00017880940992245008,28456346.7424335,162568.08085000596,178679.77409331556
0.00018004947971850618,28103986.174728494,162501.6966228704,178363.60233124616
0.00018129814958264422,27756147.14779184,162434.93411521686,178046.52934640253
0.0001825554791576131,27412769.977869738,162367.7916755012,177728.55813582637
0.00018382152849979306,27073795.78409241,162300.2676511757,177409.6917469888
0.00018509635808206312,26739166.47755994,162232.36038877507,177089.93327777745
0.00018638002879669215,26408824.750576243,162164.06823400385,176769.28587647763
0.00018767260195824454,26082714.066031363,162095.38953182474,176447.75274174887
0.00018897413930651168,25760778.646927524,162026.322626548,176125.33712259453
0.0001902847030094581,25442963.466049552,161956.86586192212,175802.04231832694
0.00019160435566619398,25129214.2357749,161887.0175812252,175477.87167852622
0.00019293316030996198,24819477.398024395,161816.776127358,175152.82860299377
0.00019427118041115125,24513700.114348657,161746.13984293744,174826.9165416997
0.00019561847988032598,24211830.256151468,161675.1070703918,174500.1389947249
0.00019697512307128112,23913816.3950451,161603.6761520566,174172.4995121972
0.0001983411747841132,23619607.79333879,161531.8454302718,173844.00169422216
0.0001997167002683186,23329154.394655768,161459.61324748,173514.64919080742
0.00020110176522590708,23042406.814679675,161386.9779463259,173184.44570178218
0.00020249643581454315,22759316.33202604,161313.93786975666,172853.39497671014
0.00020390077865070294,22479834.879239738,161240.49136112357,172521.50081479718
0.0002053148608128594,22203915.03391397,161166.6367642846,172188.76706479295
0.0002067387498446829,21931510.00993186,161092.37242370853,171855.19762488754
0.00020817251375827102,21662573.648826335,161017.69668457957,171520.79644260064
0.00020961622103739345,21397060.41125923,160942.6078929036,171185.5675146668
0.0002110699406407668,21134925.368615355,160867.1043956152,170849.51488691397
0.00021253374200534494,20876124.19471275,160791.18454068617,170512.64265413632
0.0002140076950496389,20620613.15762469,160714.84667723466,170174.95495996115
0.0002154918701770534,20368349.11161462,160638.089155636,169836.4559967111
0.00021698633827925285,20119289.489179965,160560.91032763408,169497.15000525865
0.00021849117073954413,19873392.29320576,160483.30854645435,169157.04127487674
0.00022000643943628976,19630616.08922404,160405.2821669176,168816.13414308298
0.00022153221674633755,19390919.997780282,160326.82954555497,168474.43299547752
0.00022306857554848128,19154263.686902698,160247.9490407241,168131.94226557564
0.00022461558922693824,18920607.36467544,160168.63901272643,167788.66643463564
0.0002261733316748579,18689911.77191218,160088.89782392545,167444.61003147875
0.00022774187729784792,18462138.174930625,160008.72383886628,167099.7776323056
0.0002293213010175317,18237248.35842459,159928.11542439627,166754.17386050578
0.00023091167827512334,18015204.618434455,159847.07094978652,166407.80338646195
0.00023251308503503487,17795969.755412433,159765.58878685485,166060.67092734794
0.0002341255977885009,17579507.0673835,159683.66731008978,165712.78124692276
0.00023574929355723597,17365780.34319862,159601.3048967753,165364.13915531678
0.00023738424989710978,17154753.85588107,159518.4999271172,165014.74950881384
0.00023903054490185537,16946392.35606248,159435.25078437006,164664.6172096272
0.00024068825720679555,16740661.065509455,159351.55585496585,164313.74720567054
0.0002423574659926026,16537525.67073752,159267.41352864297,163962.1444903223
0.00024403825098907663,16336952.316713138,159182.82219857702,163609.8141021858
0.00024573069247895774,16138907.600640686,159097.78026151218,163256.76112484283
0.00024743487130175665,15943358.565835172,159012.28611789385,162902.9906866027
0.00024915086885762025,15750272.695677502,158926.33817200243,162548.50796024478
0.0002508787671112154,15559617.907653218,158839.93483208804,162193.31816275715
0.0002526186485956481,15371362.547471566,158753.07451050624,161837.42655506812
0.00025437059641640175,15185475.383265702,158665.75562385516,161480.83844177405
0.00025613469425531,15001925.599871168,158577.97659311324,161123.55917086074
0.0002579110263745527,14820682.793182911,158489.73584377806,160765.5941334197
0.00025969967762067854,14641716.96458931,158401.0318060068,160406.94876336056
0.0002615007334286619,14464998.515481526,158311.8629147568,160047.62853711576
0.0002633142798259793,14290498.241838517,158222.22760992803,159687.63897334275
0.00026514040343672253,14118187.328885116,158132.12433650566,159326.98563261874
0.0002669791914857324,13948037.34582369,158041.55154470485,158965.67411713256
0.000268830731802769,13780020.24063686,157950.50769011505,158603.71007036936
0.00027069511282670257,13614108.334961908,157858.9912338467,158241.09917679222
0.00027257242360974234,13450274.319034217,157767.00064267794,157877.84716151713
0.0002744627538216855,13288491.246700473,157674.5343892029,157513.9597899849
0.0002763661937542051,13128732.530499049,157581.59095198024,157149.4428676257
0.0002782828343251578,12970971.93680826,157488.1688156838,156784.30223952196
0.0002802127670829314,12815183.581059968,157394.26647125283,156418.5437900632
0.0002821560842108133,12661341.923019143,157299.88241604427,156052.17344259904
0.00028411287853139763,12509421.762127126,157205.01515398527,155685.19715908516
0.000286083243511015,12359398.232909,157109.66319572704,155317.62093972653
0.00028806727326420096,12211246.80044288,157013.82505879924,154949.45082261434
0.0002900650625581872,12064943.255891662,156917.49926776567,154580.69288336023
0.0002920767068174325,11920463.712094937,156820.6843543804,154211.35323472426
0.00029410230212817596,11777784.59922172,156723.37885774527,153841.43802623998
0.00029614194524303156,11636882.660481684,156625.58132446773,153470.95344383377
0.0002981957335856045,11497734.947895542,156527.2903088198,153099.90570944114
0.00030026376525514955,11360318.818122398,156428.5043728979,152728.3010806176
0.0003023461390312521,11224611.928344589,156329.22208678356,152356.14585014645
0.0003044429543785509,11090592.232207967,156229.4420287044,151983.44634564125
0.0003065543114514843,10958237.975818126,156129.16278519668,151610.20892914545
0.0003086803110990791,10827527.69379054,156028.3829512681,151236.43999672667
0.00031082105486976246,10698440.205355149,155927.10113056155,150862.14597806835
0.0003129766450162176,10570954.610513365,155825.31593551938,150487.33333605606
0.0003151471845002626,10445050.28624808,155723.02598754893,150112.00856636165
0.0003173327769977737,10320706.882784655,155620.229917188,149736.17819702163
0.0003195335269036321,10197904.319903469,155516.9263642719,149359.8487880137
0.00032174953933671556,10076622.783302072,155413.11397810033,148983.0269308281
0.0003239809201449144,9956842.721007483,155308.79141760562,148605.71924803674
0.00032622777591019217,9838544.83983679,155203.9573515211,148227.93239285712
0.0003284902139536716,9721710.101906488,155098.61045855054,147849.67304871476
0.00033076834234076614,9606319.721188793,154992.7494275378,147470.94792880016
0.000333062269886336,9492355.160115443,154886.37295763736,147091.76377562425
0.0003353721061598915,9379798.126227153,154779.47975848537,146712.12736056902
0.00033769796149082096,9268630.568869244,154672.06855037113,146332.04548343638
0.0003400399469736661,9158834.675931752,154564.13806440917,145951.52497199213
0.000342398174473423,9050392.870634405,154455.6870427121,145570.5726815089
0.00034477275663089105,8943287.808354879,154346.71423856338,145189.19549430406
0.0003471638068680473,8837502.37350074,154237.21841659135,144807.40031927638
0.0003495714393934699,8733019.676423462,154127.1983529429,144425.19409143834
0.0003519957692077877,8629823.050374933,154016.65283545828,144042.5837714471
0.0003544369121091781,8527896.048504949,153905.58066384582,143659.57634513115
0.0003568949846988958,8427222.440899879,153793.98064985723,143276.17882301545
0.0003593701043868408,8327786.211661597,153681.85161746354,142892.39823984393
0.0003618623893971706,8229571.556025921,153569.19240303081,142508.24165409847
0.00036437195877394224,8132562.877520672,153456.00185549684,142123.7161475167
0.0003668989323868037,8036744.785161956,153342.2788365474,141738.828824606
0.0003694434309367139,7942102.090689047,153228.0222207937,141353.58681215686
0.0003720055759617137,7848619.805836445,153113.23089594906,140967.9972587521
0.0003745854898427254,7756283.139643511,152997.9037630069,140582.0673342758
0.0003771832958094041,7665077.495800223,152882.0397364179,140195.80422941828
0.0003797991179460179,7574988.470029528,152765.63774426823,139809.21515518078
0.00038243308119738074,7486001.847504833,152648.69672845711,139422.30734237633
0.00038508531137481424,7398103.6003030725,152531.21564487548,139035.08804113092
0.0003877559351621634,7311279.884891981,152413.19346358377,138647.56452038052
0.00039044508012184135,7225517.039651985,152294.62916899056,138259.7440673683
0.00039315287470092857,7140801.582431359,152175.5217600306,137871.63398713837
0.00039587944823730206,7057120.208135041,152055.8702503436,137483.24160203015
0.00039862493096581923,6974459.78634587,151935.6736684523,137094.57425116844
0.0004013894540245324,6892807.358978507,151814.9310579412,136705.63928995497
0.0004041731494609591,6812150.137964926,151693.64147763446,136316.44408955553
0.0004069761502383825,6732475.50297171,151571.8040017746,135926.99603638874
0.00040979859024220945,6653770.999148044,151449.41772020032,135537.30253161085
0.00041264060428635834,6576024.334904657,151326.48173852463,135147.37099060186
0.00041550232811970566,6499223.379722629,151202.99517831265,134757.20884244802
0.0004183838984325631,6423356.161992308,151078.9571772593,134366.8235294258
0.0004212854528632132,6348410.866881275,150954.36688936665,133976.22250648274
0.00042420713000447725,6274375.834231619,150829.22348512118,133585.4132407188
0.00042714906941034156,6201239.55648545,150703.5261516705,133194.40321086606
0.0004301114116026166,6128990.6766389385,150577.2740930002,132803.19990676874
0.000433094298077656,6057617.986223839,150450.46653010958,132411.8108288604
0.0004360978713131081,5987110.423316737,150323.10270118812,132020.24348764375
0.00043912227477472843,5917457.070575062,150195.18186179033,131628.5054031662
0.0004421676529232252,5848647.153300059,150066.7032850112,131236.6041044986
0.00044523415122116664,5780670.037525797,149937.66626166034,130844.54712921013
0.00044832191613992196,5713515.228134427,149808.07010043645,130452.34202284602
0.0004514310951666646,5647172.366996734,149677.91412810032,130059.99633840224
0.00045456183681140985,5581631.231138255,149547.19768964814,129667.51763580226
0.0004577142906141157,5516881.73093,149415.92014848365,129274.91348137181
0.0004608886071518181,5452913.9083040375,149284.08088658995,128882.19144731537
0.0004640849380458309,5389717.934993029,149151.67930470034,128489.35911119064
0.0004673034359689806,5327284.110793934,149018.7148224688,128096.42405538519
0.0004705442546529061,5265602.861855024,148885.1868786397,127703.39386659162
0.00047380754889539417,5204664.73898644,148751.09493121647,127310.27613528392
0.0004770934745677812,5144460.415993363,148616.43845762956,126917.07845519329
0.0004804021886223904,5084980.6880321475,148481.216954904,126523.80842278549
0.0004837338491000366,5026216.469988447,148345.42993982535,126130.47363673671
0.0004870886151375673,4968158.794877627,148209.07694910557,125737.08169741265
0.0004904666469754714,4910798.8122666525,148072.157539547,125343.64020634473
0.0004938681059655257,4854127.7867176095,147934.67128820662,124950.15676571036
0.0004972931545785082,4798137.096252126,147796.61779255778,124556.63897781106
0.000500741956411956,4742818.230836786,147657.99667065236,124163.09444455308
0.0005042146761979763,4688162.790889088,147518.8075612809,123769.53076692826
0.0005077114798111222,4634162.485803503,147379.05012413202,123375.95554449515
0.0005112325342763073,4580809.132497775,147238.7240399506,122982.37637486246
0.0005147780077767914,4528094.653978687,147097.82901069475,122588.8008531717
0.0005183480696622067,4476011.077927502,146956.36475969155,122195.23657158266
0.0005219428904566541,4424550.535304379,146814.3310317917,121801.69111875824
0.0005255626418668401,4373705.258971919,146671.7275935229,121408.17207935246
0.0005292074967902873,4323467.5823371485,146528.5542332414,121014.68703349723
0.0005328776293235835,4273829.938012153,146384.81076128304,120621.243556293
0.000536573214770707,4224784.856492623,146240.49701011216,120227.84921729856
0.0005402944296513907,4176324.9648545436,146095.61283446944,119834.51158002373
0.0005440414517095621,4128442.9854683313,145950.15811151828,119441.23820142247
0.0005478144599218253,4081131.7347305943,145804.1327409896,119048.03663138866
0.0005516136345060179,4034384.121812888,145657.5366453249,118654.91441225173
0.0005554391569298104,3988193.1474276143,145510.36976981853,118261.87907827628
0.0005592912099193832,3942551.9026104407,145362.63208275696,117868.93815516062
0.0005631699774681452,3897453.5675194142,145214.3235755581,117476.09915953976
0.0005670756448455317,3852891.410250143,145065.4442629076,117083.36959848789
0.0005710083986058442,3808858.785667214,144915.99418289406,116690.75696902447
0.0005749684265971707,3765349.1342512458,144765.9733971423,116298.26875762097
0.0005789559179703487,3722355.9809617517,144615.38199094517,115905.91243971042
0.00058297106318801,3679872.934115181,144464.2200733929,115513.69547919817
0.0005870140540336679,3637893.684278375,144312.48777750143,115121.62532797578
0.0005910850836208876,3596412.0031767813,144160.18526033798,114729.70942543547
0.000595184346402501,3555421.7426176467,144007.31270314552,114337.95519798862
0.0005993120381799036,3514916.8334275912,143853.87031146465,113946.37005858458
0.0006034683561123985,3474891.2844047407,143699.8583152539,113554.96140623341
0.0006076534987266221,3435339.1812848593,143545.27696900762,113163.7366255293
0.0006118676659260177,3396254.685721645,143390.12655187238,112772.7030861781
0.0006161110590003937,3357632.0342806345,143234.4073677605,112381.86814252529
0.0006203838806355283,3319465.5374468975,143078.1197454624,111991.23913308865
0.0006246863349228606,3281749.5786459735,142921.26403875573,111600.82338009082
0.0006290186273692288,3244478.6132782185,142763.84062651332,111210.62818899709
0.000633380964906697,3207647.167766035,142605.84991280807,110820.66084805323
0.0006377735559024286,3171249.838614151,142447.29232701618,110430.92862782821
0.0006421966101686493,3135281.291482431,142288.16832391772,110041.43878075769
0.0006466503389726586,3099736.260271388,142128.47838379515,109652.19854069174
0.0006511349550469312,3064609.5462198798,141968.223012529,109263.21512244387
0.0006556506725992681,3029896.0170151643,141807.402741692,108874.49572134462
0.0006601977073230382,2995590.605914814,141646.0181286398,108486.04751279578
0.0006647762764074706,2961688.3108806508,141484.06975659996,108097.87765182984
0.0006693865985480396,2928184.1937242146,141321.55823475815,107709.99327267015
0.0006740288939568993,2895073.379263934,141158.48419834205,107322.40148829605
0.0006787033843734135,2862351.0544935153,140994.84830870212,106935.10939000896
0.0006834102930747358,2830012.4677617126,140830.65125339085,106548.12404700374
0.0006881498448864853,2798052.927963018,140665.89374623817,106161.45250594073
0.0006929222661934751,2766467.8037394197,140500.57652742532,105775.10179052313
0.0006977277849505342,2735252.5226927986,140334.7003635551,105389.0789010757
0.0007025666306933928,2704402.570608034,140168.26604772036,105003.39081412775
0.0007074390345496404,2673913.490686595,140001.27439956908,104618.04448199931
0.0007123452292497771,2643780.882790377,139833.72626536686,104233.04683238946
0.0007172854491383174,2614000.4026958626,139665.6225180568,103848.4047679696
0.0007222599301849957,2584567.7613582076,139496.96405731648,103464.12516597836
0.0007272689099960257,2555478.72418538,139327.75180961215,103080.21487782134
0.0007323126278254613,2526729.110321944,139157.98672824993,102696.68072867293
0.0007373913245866127,2498314.791942638,138987.66979342428,102313.52951708263
0.000742505242863566,2470231.693555326,138816.80201226345,101930.76801458375
0.0007476546269227577,2442475.7913134857,138645.3844188723,101548.402965307
0.0007528397227246544,2415043.112337812,138473.41807437147,101166.44108559561
0.0007580607779354887,2387929.7340471,138300.9040669346,100784.88906362612
0.0007633180419391016,2361131.7834979924,138127.84351182144,100403.75355903097
0.0007686117658488422,2334645.4367337595,137954.23755140902,100023.04120252596
0.0007739422025195738,2308466.9181417073,137780.08735521865,99642.75859554003
0.0007793096065597393,2282592.499819364,137605.39411994105,99262.91230985033
0.0007847142343435356,2257018.5009490666,137430.1590694573,98883.50888721908
0.0007901563440231461,2231741.287181085,137254.38345485742,98504.55483903592
0.0007956361955410846,2206757.2700249255,137078.0685544556,98126.05664596237
0.000801154050642598,2182062.9062489355,136901.21567380216,97748.02075758144
0.000806710172888182,2157654.6972878617,136723.82614569238,97370.4535920496
0.0008123048276661571,2133529.188658492,136545.9013301726,96993.36153575429
0.0008179382822053573,2109682.969383037,136367.44261454226,96616.75094297303
0.0008236108055878822,2086112.6714203656,136188.45141335364,96240.62813553867
0.0008293226687619619,2062814.9691047801,136008.9291684076,95864.99940250651
0.0008350741445548862,2039786.5785924338,135828.87734874676,95489.87099982685
0.0008408655076860492,2017024.2573150757,135648.2974506448,95115.24915002007
0.0008466970347800583,1994524.8034412356,135467.19099759313,94741.14004185716
0.0008525690043799601,1972285.0553445385,135285.5595402834,94367.54983004226
0.000858481696960532,1950301.8910792589,135103.40465658784,93994.48463490138
0.0008644353949416922,1928572.2278628065,134920.72795153526,93621.95054207287
0.0008704303827019762,1907093.0215652613,134737.53105728445,93249.95360220388
0.0008764669465921339,1885861.2662056482,134553.8156330937,92878.49983064907
0.0008825453749487929,1864873.9934550726,134369.58336528763,92507.59520717499
0.0008886659581082455,1844128.2721464147,134184.8359672198,92137.2456756668
0.0008948289884203018,1823621.207790695,133999.57517923304,91767.45714384083
0.0009010347602622687,1803349.9420998218,133813.8027686152,91398.23548295956
0.0009072835700529958,1783311.6525158356,133627.52052955286,91029.58652755203
0.0009135757162670493,1763503.551746352,133440.7302830804,90661.51607513726
0.0009199114994489528,1743922.8873063351,133253.43387702675,90294.02988595281
0.0009262912222275586,1724566.9410658993,133065.6331859577,89927.13368268633
0.0009327151893304875,1705433.0288042633,132877.3301111162,89560.83315021267
0.0009391837075986989,1686518.4997695822,132688.5265803577,89195.13393533346
0.0009456970860011325,1667820.736244754,132499.22454808353,88830.04164652283
0.0009522556356494809,1649337.153118954,132309.42599516964,88465.56185367487
0.0009588596698130348,1631065.197464974,132119.13292889314,88101.700087858
0.0009655095039336618,1613002.348122136,131928.34738285432,87738.4618410712
0.0009722054556408574,1595146.1152848646,131737.07141689633,87375.85256600613
