{
  "run_id": "RSD_NESSERIS2017_REAL_20251021-091953",
  "timestamp": "2025-10-21T09:19:53+08:00",
  "mock": false,
  "dataset": {
    "tag": "NESSERIS2017",
    "citation": "Nesseris et al. (2017); Basilakos & Nesseris (2022) growth-rate compilation.",
    "transform_version": "rsd_prepare_v1",
    "release_tag": "nesseris2017",
    "notes": "No data modified; only formatting and covariance standardisation performed."
  },
  "model": "LCDM",
  "parameters": {
    "H0": 67.48127854492846,
    "Om0": 0.08497468980780037,
    "Or0": 0.0,
    "Ok0": 0.0,
    "sigma8": -0.12198504144214302,
    "Obh2": 0.022359979329157093,
    "ns": 0.9649,
    "recomb_method": "PLANCK18",
    "Tcmb": 2.7255,
    "Neff": 3.046
  },
  "metrics": {
    "chi2": 34.17680049384589,
    "dof": 16,
    "chi2_dof": 2.136050030865368,
    "AIC": 38.17680049384589,
    "BIC": 39.95754400963822,
    "p_value": 0.0051426817932005665,
    "ndata": 18,
    "nfree": 2
  },
  "observables": {
    "z": [
      0.02,
      0.02,
      0.02,
      0.1,
      0.15,
      0.17,
      0.18,
      0.38,
      0.25,
      0.37,
      0.32,
      0.59,
      0.44,
      0.6,
      0.73,
      0.6,
      0.86,
      1.4
    ],
    "fs8_observed": [
      0.428,
      0.398,
      0.314,
      0.37,
      0.49,
      0.51,
      0.36,
      0.44,
      0.3512,
      0.4602,
      0.384,
      0.488,
      0.413,
      0.39,
      0.437,
      0.55,
      0.4,
      0.482
    ],
    "sigma_fs8": [
      0.0465,
      0.065,
      0.048,
      0.13,
      0.145,
      0.06,
      0.09,
      0.06,
      0.0583,
      0.0378,
      0.095,
      0.06,
      0.08,
      0.063,
      0.072,
      0.12,
      0.11,
      0.116
    ],
    "fs8_model": [
      0.31036990455123986,
      0.31036990455123986,
      0.31036990455123986,
      0.3554638333484247,
      0.38185402793737194,
      0.3918878582904981,
      0.39677793752972124,
      0.4715293034649503,
      0.42831174194659977,
      0.4690149020236412,
      0.45433536824331944,
      0.48880582633986985,
      0.4835076766060952,
      0.48787493070904664,
      0.46145155952872685,
      0.48787493070904664,
      0.41026282708451384,
      0.030751575953100074
    ],
    "residuals": [
      0.11763009544876013,
      0.08763009544876016,
      0.00363009544876014,
      0.01453616665157531,
      0.10814597206262805,
      0.1181121417095019,
      -0.03677793752972125,
      -0.03152930346495031,
      -0.07711174194659975,
      -0.008814902023641213,
      -0.07033536824331943,
      -0.000805826339869864,
      -0.07050767660609525,
      -0.09787493070904663,
      -0.02445155952872685,
      0.062125069290953405,
      -0.010262827084513815,
      0.4512484240468999
    ]
  },
  "provenance": {
    "commit": "60fd334848bd909c2eba27b4576439a7eafd1878",
    "settings": "/home/fabian/PBUF/config/settings.yml",
    "data_dir": "/home/fabian/PBUF/data/rsd/derived",
    "params_file": "defaults",
    "sigma_source": "/home/fabian/PBUF/data/rsd/derived/rsd_index.csv",
    "covariance_source": "/home/fabian/PBUF/data/rsd/derived/rsd_index.cov.npy"
  },
  "optimisation": {
    "success": true,
    "status": 0,
    "message": "CONVERGENCE: RELATIVE REDUCTION OF F <= FACTR*EPSMCH",
    "n_iter": 11,
    "n_eval": 45
  }
}