a,H,c_s,integrand
9.722044215493203e-10,709850253790.4891,173085.1859723349,257975209194.7204
9.78946803503818e-10,709850253790.4891,173085.1874160302,254433900299.99026
9.857359448778459e-10,709850253790.4891,173085.18883010064,250941204051.59702
9.925721699549265e-10,709850253790.4891,173085.1902151542,247496453130.11096
9.994558052675245e-10,709850253790.4891,173085.1915717862,244098989376.53973
1.0063871796126594e-09,709850253790.4891,173085.1912645174,240748161390.9381
1.013366624067603e-09,709850253790.4891,173085.19081329743,237443331137.7092
1.0203944720057098e-09,709850253790.4891,173085.19035894822,234183867386.6367
1.027471059112315e-09,709850253790.4891,173085.18990144806,230969147376.714
1.0345967234007858e-09,709850253790.4891,173085.18944077502,227798556895.77902
1.0417718052286582e-09,709850253790.4891,173085.1889769072,224671490163.16522
1.0489966473139108e-09,709850253790.4891,173085.1885098224,221587349713.95236
1.0562715947513095e-09,709850253790.4891,173085.18803949826,218545546284.82443
1.0635969950289078e-09,709850253790.4891,173085.18756591235,215545498701.4761
1.070973198044636e-09,709850253790.4891,173085.18708904207,212586633767.57614
1.0784005561230323e-09,709850253790.4891,173085.18660886463,209668386155.2436
1.0858794240320436e-09,709850253790.4891,173085.1861253571,206790198297.04605
1.0934101589999905e-09,709850253790.4891,173085.18563849636,203951520279.46167
1.1009931207326198e-09,709850253790.4891,173085.1851482592,201151809737.8157
1.108628671430305e-09,709850253790.4891,173085.18465462213,198390531752.6476
1.1163171758053197e-09,709850253790.4891,173085.18415756166,195667158747.51834
1.1240590010992749e-09,709850253790.4891,173085.183657054,192981170388.20383
1.1318545171006526e-09,709850253790.4891,173085.18315307525,190332053483.2816
1.1397040961624868e-09,709850253790.4891,173085.1826456013,187719301886.07297
1.1476081132201206e-09,709850253790.4891,173085.18213460798,185142416397.94736
1.155566945809135e-09,709850253790.4891,173085.18162007089,182600904672.93704
1.1635809740833703e-09,709850253790.4891,173085.18110196534,180094281123.67212
1.1716505808331052e-09,709850253790.4891,173085.1805802667,177622066828.5969
1.1797761515033113e-09,709850253790.4891,173085.18005494997,175183789440.4748
1.187958074212083e-09,709850253790.4891,173085.17952599013,172778983096.13464
1.1961967397691664e-09,709850253790.4891,173085.17899336186,170407188327.46484
1.204492541694646e-09,709850253790.4891,173085.17845703976,168067951973.6203
1.2128458762377115e-09,709850253790.4891,173085.1779169982,165760827094.44916
1.2212571423956049e-09,709850253790.4891,173085.17737321134,163485372885.0936
1.2297267419326676e-09,709850253790.4891,173085.17682565324,161241154591.77148
1.2382550793995523e-09,709850253790.4891,173085.1762742978,159027743428.70563
1.2468425621525149e-09,709850253790.4891,173085.1757191186,156844716496.20728
1.255489600372892e-09,709850253790.4891,173085.17516008913,154691656699.87048
1.2641966070866846e-09,709850253790.4891,173085.17459718275,152568152670.88342
1.2729639981843046e-09,709850253790.4891,173085.17403037252,150473798687.4265
1.2817921924404111e-09,709850253790.4891,173085.17345963136,148408194597.16162
1.2906816115339323e-09,709850253790.4891,173085.1728849321,146370945740.7731
1.299632680068197e-09,709850253790.4891,173085.17230624717,144361662876.5655
1.3086458255912374e-09,709850253790.4891,173085.171723549,142379962106.0895
1.3177214786161784e-09,709850253790.4891,173085.17113680972,140425464800.80057
1.3268600726418228e-09,709850253790.4891,173085.17054600132,138497797529.7123
1.3360620441733465e-09,709850253790.4891,173085.16995109557,136596591988.05023
1.34532783274317e-09,709850253790.4891,173085.16935206408,134721484926.87816
1.3546578809319201e-09,709850253790.4891,173085.16874887826,132872118083.70168
1.364052634389591e-09,709850253790.4891,173085.16814150926,131048138114.01312
1.3735125418568204e-09,709850253790.4891,173085.16752992803,129249196523.78305
1.383038055186346e-09,709850253790.4891,173085.16691410542,127474949602.87172
1.3926296293645538e-09,709850253790.4891,173085.166294012,125725058359.36551
1.4022877225332283e-09,709850253790.4891,173085.16566961815,123999188454.80502
1.4120127960114526e-09,709850253790.4891,173085.165040894,122297010140.3025
1.4218053143176085e-09,709850253790.4891,173085.1644078096,120618198193.54556
1.4316657451915877e-09,709850253790.4891,173085.16377033468,118962431856.65501
1.4415945596171213e-09,709850253790.4891,173085.16312843875,117329394774.90244
1.4515922318443005e-09,709850253790.4891,173085.16248209123,115718774936.26257
1.4616592394121935e-09,709850253790.4891,173085.16183126115,114130264611.80542
1.4717960631716785e-09,709850253790.4891,173085.1611759175,112563560296.89705
1.4820031873084002e-09,709850253790.4891,173085.160516029,111018362653.213
1.4922810993659202e-09,709850253790.4891,173085.159851564,109494376451.54243
1.5026302902689698e-09,709850253790.4891,173085.15918249087,107991310515.38632
1.5130512543469212e-09,709850253790.4891,173085.15850877765,106508877665.32115
1.5235444893573889e-09,709850253790.4891,173085.15783039213,105046794664.1311
1.5341104965100282e-09,709850253790.4891,173085.1571473019,103604782162.68903
1.5447497804904392e-09,709850253790.4891,173085.15645947432,102182564646.58823
1.5554628494842986e-09,709850253790.4891,173085.15576687662,100779870383.4988
1.5662502152016187e-09,709850253790.4891,173085.15506947564,99396431371.25117
1.5771123929012167e-09,709850253790.4891,173085.15436723808,98031983286.62805
1.5880499014152863e-09,709850253790.4891,173085.1536601304,96686265434.86682
1.5990632631742062e-09,709850253790.4891,173085.15294811886,95359020699.84752
1.6101530042314809e-09,709850253790.4891,173085.1522311694,94049995494.96895
1.6213196542888937e-09,709850253790.4891,173085.1515092478,92758939714.695
1.632563746721768e-09,709850253790.4891,173085.1507823196,91485606686.77342
1.6438858186044718e-09,709850253790.4891,173085.15005035003,90229753125.10278
1.6552864107360564e-09,709850253790.4891,173085.14931330417,88991139083.2514
1.6667660676661148e-09,709850253790.4891,173085.14857114677,87769527908.60951
1.678325337720752e-09,709850253790.4891,173085.14782384242,86564686197.1783
1.6899647730288033e-09,709850253790.4891,173085.14707135543,85376383748.97229
1.7016849295481914e-09,709850253790.4891,173085.1463136498,84204393524.03809
1.7134863670925119e-09,709850253790.4891,173085.14555068943,83048491599.07285
1.7253696493577285e-09,709850253790.4891,173085.1447824378,81908457124.6453
1.737335343949128e-09,709850253790.4891,173085.14400885822,80784072282.99658
1.749384022408417e-09,709850253790.4891,173085.14322991378,79675122246.4252
1.7615162602410491e-09,709850253790.4891,173085.14244556727,78581395136.23868
1.7737326369436735e-09,709850253790.4891,173085.1416557812,77502681982.27542
1.7860337360318409e-09,709850253790.4891,173085.14086051786,76438776682.97594
1.7984201450678617e-09,709850253790.4891,173085.14005973926,75389475966.00568
1.8108924556889006e-09,709850253790.4891,173085.13925340716,74354579349.41493
1.8234512636351916e-09,709850253790.4891,173085.13844148302,73333889103.33795
1.8360971687785228e-09,709850253790.4891,173085.13762392808,72327210212.21179
1.8488307751508748e-09,709850253790.4891,173085.1368007033,71334350337.51732
1.8616526909733023e-09,709850253790.4891,173085.13597176934,70355119781.02826
1.8745635286849404e-09,709850253790.4891,173085.13513708662,69389331448.57047
1.8875639049722886e-09,709850253790.4891,173085.1342966153,68436800814.272865
1.9006544407986503e-09,709850253790.4891,173085.13345031513,67497345885.312805
1.9138357614338256e-09,709850253790.4891,173085.13259814575,66570787167.14168
1.9271084964839298e-09,709850253790.4891,173085.1317400665,65656947629.19374
1.9404732799214895e-09,709850253790.4891,173085.13087603636,64755652671.06041
1.9539307501157494e-09,709850253790.4891,173085.13000601405,63866730089.12922
1.9674815498631152e-09,709850253790.4891,173085.129129958,62990010043.68528
1.9811263264178896e-09,709850253790.4891,173085.12824782642,62125325026.45928
1.994865731523171e-09,709850253790.4891,173085.12735957713,61272509828.623886
2.008700421442019e-09,709850253790.4891,173085.12646516768,60431401509.226555
2.0226310569887485e-09,709850253790.4891,173085.1255645554,59601839364.06075
2.036658303560529e-09,709850253790.4891,173085.12465769725,58783664894.95932
2.0507828311691493e-09,709850253790.4891,173085.12374454993,57976721779.51242
2.065005314473055e-09,709850253790.4891,173085.12282506982,57180855841.19833
2.0793264328095228e-09,709850253790.4891,173085.12189921297,56395915019.92893
2.093746870227142e-09,709850253790.4891,173085.12096693518,55621749342.9949
2.108267315518473e-09,709850253790.4891,173085.12002819194,54858210896.41243
2.12288846225298e-09,709850253790.4891,173085.11908293838,54105153796.66056
2.1376110088101083e-09,709850253790.4891,173085.11813112936,53362434162.811195
2.152435658412677e-09,709850253790.4891,173085.11717271945,52629910089.03701
2.1673631191604515e-09,709850253790.4891,173085.11620766282,51907441617.49932
2.1823941040640004e-09,709850253790.4891,173085.11523591337,51194890711.60585
2.1975293310786994e-09,709850253790.4891,173085.11425742475,50492121229.639694
2.212769523139061e-09,709850253790.4891,173085.11327215016,49798998898.745926
2.228115408193246e-09,709850253790.4891,173085.11228004255,49115391289.27802
2.2435677192378715e-09,709850253790.4891,173085.1112810546,48441167789.49394
2.2591271943529676e-09,709850253790.4891,173085.1102751385,47776199580.60343
2.2747945767372674e-09,709850253790.4891,173085.10926224623,47120359612.154175
2.2905706147436892e-09,709850253790.4891,173085.10824232944,46473522577.75783
2.3064560619151172e-09,709850253790.4891,173085.10721533935,45835564891.14725
2.3224516770203395e-09,709850253790.4891,173085.106181227,45206364662.56613
2.338558224090328e-09,709850253790.4891,173085.10513994293,44585801675.47882
2.354776472454712e-09,709850253790.4891,173085.10409143742,43973757363.602295
2.3711071967785666e-09,709850253790.4891,173085.10303566037,43370114788.251076
2.387551177099354e-09,709850253790.4891,173085.1019725614,42774758615.99691
2.4041091988642215e-09,709850253790.4891,173085.10090208967,42187575096.63138
2.4207820529675003e-09,709850253790.4891,173085.0998241941,41608452041.4332
2.4375705357885197e-09,709850253790.4891,173085.0987388232,41037278801.731834
2.4544754492295886e-09,709850253790.4891,173085.09764592507,40473946247.76877
2.471497600754337e-09,709850253790.4891,173085.09654544757,39918346747.84551
2.488637803426266e-09,709850253790.4891,173085.09543733814,39370374147.759895
2.505896875947621e-09,709850253790.4891,173085.0943215438,38829923750.52271
2.523275642698441e-09,709850253790.4891,173085.09319801128,38296892296.356
2.540774933775971e-09,709850253790.4891,173085.09206668692,37771177942.962715
2.5583955850342948e-09,709850253790.4891,173085.09092751672,37252680246.06902
2.5761384381242987e-09,709850253790.4891,173085.08978044617,36741300140.23208
2.5940043405338113e-09,709850253790.4891,173085.08862542058,36236939919.91412
2.6119941456281266e-09,709850253790.4891,173085.0874623847,35739503220.81338
2.630108712690742e-09,709850253790.4891,173085.08629128302,35248895001.45309
2.6483489069644454e-09,709850253790.4891,173085.08511205963,34765021525.02152
2.6667155996925803e-09,709850253790.4891,173085.0839246582,34287790341.464092
2.685209668160692e-09,709850253790.4891,173085.08272902193,33817110269.8187
2.7038319957384635e-09,709850253790.4891,173085.08152509382,33352891380.793808
2.7225834719218452e-09,709850253790.4891,173085.08031281625,32895044979.587833
2.741464992375585e-09,709850253790.4891,173085.07909213143,32443483588.941933
2.760477458975986e-09,709850253790.4891,173085.077862981,31998120932.426823
2.7796217798540345e-09,709850253790.4891,173085.07662530628,31558871917.9576
2.798898869438702e-09,709850253790.4891,173085.07537904807,31125652621.537415
2.818309648500676e-09,709850253790.4891,173085.07412414692,30698380271.22168
2.8378550441963094e-09,709850253790.4891,173085.07286054292,30276973231.304035
2.857535990111961e-09,709850253790.4891,173085.0715881756,29861350986.7177
2.877353426308512e-09,709850253790.4891,173085.07030698433,29451434127.653763
2.897308299366318e-09,709850253790.4891,173085.06901690777,29047144334.38776
2.9174015624303983e-09,709850253790.4891,173085.06771788435,28648404362.31635
2.9376341752560087e-09,709850253790.4891,173085.06640985212,28255138027.19777
2.958007104254416e-09,709850253790.4891,173085.06509274847,27867270190.59729
2.978521322539103e-09,709850253790.4891,173085.06376651055,27484726745.53017
2.999177809972228e-09,709850253790.4891,173085.062431075,27107434602.30307
3.019977553211475e-09,709850253790.4891,173085.06108637803,26735321674.548416
3.040921545757109e-09,709850253790.4891,173085.05973235544,26368316865.4528
3.062010787999478e-09,709850253790.4891,173085.05836894255,26006350054.172123
3.083246287266774e-09,709850253790.4891,173085.05699607419,25649352082.43459
3.104629057873197e-09,709850253790.4891,173085.05561368482,25297254741.326298
3.126160121167329e-09,709850253790.4891,173085.0542217084,24949990758.26036
3.147840505580968e-09,709850253790.4891,173085.05282007848,24607493784.12283
3.1696712466782266e-09,709850253790.4891,173085.05140872806,24269698380.596214
3.191653387205047e-09,709850253790.4891,173085.04998758977,23936540007.655933
3.2137879771389308e-09,709850253790.4891,173085.04855659566,23607955011.240334
3.2360760737391413e-09,709850253790.4891,173085.04711567747,23283880611.08799
3.2585187415971793e-09,709850253790.4891,173085.04566476634,22964254888.74312
3.2811170526876854e-09,709850253790.4891,173085.04420379293,22649016775.724586
3.303872086419564e-09,709850253790.4891,173085.04273268755,22338106041.85909
3.3267849296875923e-09,709850253790.4891,173085.04125137982,22031463283.77275
3.349856676924312e-09,709850253790.4891,173085.03975979905,21729029913.541656
3.373088430152357e-09,709850253790.4891,173085.03825787402,21430748147.497246
3.3964812990370106e-09,709850253790.4891,173085.0367455329,21136560995.187088
3.4200364009392646e-09,709850253790.4891,173085.03522270353,20846412248.4854
3.443754860969159e-09,709850253790.4891,173085.03368931316,20560246470.854195
3.4676378120395827e-09,709850253790.4891,173085.03214528857,20278008986.75071
3.491686394920301e-09,709850253790.4891,173085.03059055595,19999645871.182007
3.5159017582925005e-09,709850253790.4891,173085.02902504106,19725103939.401245
3.540285058803628e-09,709850253790.4891,173085.02744866916,19454330736.746445
3.564837461122695e-09,709850253790.4891,173085.02586136493,19187274528.617672
3.589560137995824e-09,709850253790.4891,173085.02426305253,18923884290.593483
3.6144542703023182e-09,709850253790.4891,173085.02265365564,18664109698.681465
3.6395210471110392e-09,709850253790.4891,173085.0210330974,18407901119.7035
3.6647616657372644e-09,709850253790.4891,173085.0194013004,18155209601.812103
3.690177331799783e-09,709850253790.4891,173085.0177581867,17905986865.138527
3.7157692592785313e-09,709850253790.4891,173085.0161036778,17660185292.56778
3.74153867057262e-09,709850253790.4891,173085.01443769468,17417757920.640396
3.767486796558637e-09,709850253790.4891,173085.01276015778,17178658430.580313
3.793614876649493e-09,709850253790.4891,173085.01107098695,16942841139.444561
3.819924158853615e-09,709850253790.4891,173085.00937010153,16710260991.395084
3.846415899834534e-09,709850253790.4891,173085.00765742027,16480873549.090405
3.873091364970979e-09,709850253790.4891,173085.00593286136,16254634985.194782
3.899951828417222e-09,709850253790.4891,173085.00419634243,16031502074.005259
3.926998573163981e-09,709850253790.4891,173085.0024477805,15811432183.19245
3.954232891099754e-09,709850253790.4891,173085.00068709214,15594383265.654722
3.9816560830724304e-09,709850253790.4891,173084.99891419316,15380313851.485353
4.0092694589514884e-09,709850253790.4891,173084.99712899895,15169183040.04867
4.037074337690528e-09,709850253790.4891,173084.99533142417,14960950492.165714
4.065072047390339e-09,709850253790.4891,173084.99352138306,14755576422.406483
4.0932639253622364e-09,709850253790.4891,173084.99169878906,14553021591.489124
4.1216513181920055e-09,709850253790.4891,173084.98986355515,14353247298.782341
4.150235581804185e-09,709850253790.4891,173084.98801559367,14156215374.911348
4.179018081526905e-09,709850253790.4891,173084.9861548164,13961888174.464705
4.2080001921569965e-09,709850253790.4891,173084.9842811344,13770228568.802364
4.237183298025727e-09,709850253790.4891,173084.98239445823,13581199938.961357
4.266568793064891e-09,709850253790.4891,173084.98049469772,13394766168.659472
4.2961580808734576e-09,709850253790.4891,173084.97858176215,13210891637.394377
4.3259525747845115e-09,709850253790.4891,173084.97665556017,13029541213.638529
4.355953697932829e-09,709850253790.4891,173084.97471599974,12850680248.126425
4.386162883322819e-09,709850253790.4891,173084.97276298824,12674274567.234642
4.416581573897046e-09,709850253790.4891,173084.97079643238,12500290466.452105
4.447211222605036e-09,709850253790.4891,173084.96881623822,12328694703.941095
4.478053292472757e-09,709850253790.4891,173084.9668223112,12159454494.185526
4.50910925667246e-09,709850253790.4891,173084.96481455606,11992537501.727074
4.540380598593121e-09,709850253790.4891,173084.96279287693,11827911834.9867
4.57186881191118e-09,709850253790.4891,173084.96075717724,11665546040.171965
4.603575400661967e-09,709850253790.4891,173084.95870735974,11505409095.266973
4.6355018793114975e-09,709850253790.4891,173084.95664332647,11347470404.105457
4.6676497728288945e-09,709850253790.4891,173084.95456497892,11191699790.524597
4.700020616759108e-09,709850253790.4891,173084.95247221782,11038067492.600067
4.732615957296341e-09,709850253790.4891,173084.9503649432,10886544156.959276
4.765437351357862e-09,709850253790.4891,173084.9482430544,10737100833.17321
4.798486366658452e-09,709850253790.4891,173084.94610645002,10589708968.22475
4.831764581785166e-09,709850253790.4891,173084.94395502805,10444340401.053797
4.865273586272816e-09,709850253790.4891,173084.94178868574,10300967357.176394
4.899014980679853e-09,709850253790.4891,173084.93960731965,10159562443.378231
4.932990376664897e-09,709850253790.4891,173084.9374108255,10020098642.48051
4.9672013970636035e-09,709850253790.4891,173084.93519909846,9882549308.178467
5.00164967596625e-09,709850253790.4891,173084.93297203284,9746888159.949944
5.036336858795755e-09,709850253790.4891,173084.93072952222,9613089278.034306
5.071264602386348e-09,709850253790.4891,173084.92847145963,9481127098.479876
5.1064345750625914e-09,709850253790.4891,173084.92619773705,9350976408.260042
5.141848456719123e-09,709850253790.4891,173084.923908246,9222612340.455814
5.177507938900964e-09,709850253790.4891,173084.9216028771,9096010369.50442
5.213414724884186e-09,709850253790.4891,173084.91928152018,8971146306.513868
5.249570529757358e-09,709850253790.4891,173084.9169440644,8847996294.641048
5.285977080503438e-09,709850253790.4891,173084.91459039814,8726536804.533682
5.322636116082249e-09,709850253790.4891,173084.91222040894,8606744629.834782
5.359549387513621e-09,709850253790.4891,173084.9098339836,8488596882.748538
5.396718657960904e-09,709850253790.4891,173084.90743100818,8372070989.6677265
5.434145702815244e-09,709850253790.4891,173084.9050113678,8257144686.860532
5.471832309780458e-09,709850253790.4891,173084.90257494705,8143796016.21659
5.509780278958286e-09,709850253790.4891,173084.9001216294,8032003321.05201
5.547991422934461e-09,709850253790.4891,173084.89765129774,7921745241.971344
5.586467566865248e-09,709850253790.4891,173084.89516383407,7813000712.786726
5.625210548564707e-09,709850253790.4891,173084.8926591196,7705748956.492669
5.664222218592345e-09,709850253790.4891,173084.89013703467,7599969481.296728
5.7035044403415945e-09,709850253790.4891,173084.88759745884,7495642076.704059
5.743059090128778e-09,709850253790.4891,173084.88504027072,7392746809.656042
5.782888057282815e-09,709850253790.4891,173084.8824653483,7291264020.721624
5.822993244235337e-09,709850253790.4891,173084.8798725685,7191174320.341465
5.863376566611641e-09,709850253790.4891,173084.87726180747,7092458585.123095
5.904039953322146e-09,709850253790.4891,173084.8746329406,6995097954.187276
5.944985346654625e-09,709850253790.4891,173084.87198584224,6899073825.564157
5.986214702366832e-09,709850253790.4891,173084.869320386,6804367852.639484
6.027729989780014e-09,709850253790.4891,173084.86663644452,6710961940.64903
6.069533191872931e-09,709850253790.4891,173084.86393388966,6618838243.221459
6.111626305376665e-09,709850253790.4891,173084.8612125923,6527979158.968358
6.154011340869856e-09,709850253790.4891,173084.8584724225,6438367328.121583
6.196690322874826e-09,709850253790.4891,173084.8557132493,6349985629.216251
6.239665289954233e-09,709850253790.4891,173084.85293494098,6262817175.819582
6.282938294808551e-09,709850253790.4891,173084.85013736482,6176845313.30431
6.326511404373956e-09,709850253790.4891,173084.8473203872,6092053615.666943
6.370386699921159e-09,709850253790.4891,173084.84448387354,6008425882.389146
6.414566277154769e-09,709850253790.4891,173084.84162768838,5925946135.342543
6.459052246313492e-09,709850253790.4891,173084.8387516953,5844598615.735698
6.503846732270777e-09,709850253790.4891,173084.83585575692,5764367781.10349
6.5489518746364115e-09,709850253790.4891,173084.83293973492,5685238302.337345
6.594369827858666e-09,709850253790.4891,173084.83000349003,5607195060.756507
6.640102761327312e-09,709850253790.4891,173084.827046882,5530223145.219248
6.686152859477079e-09,709850253790.4891,173084.82406976962,5454307849.274179
6.732522321892102e-09,709850253790.4891,173084.82107201064,5379434668.350221
6.779213363410934e-09,709850253790.4891,173084.81805346196,5305589296.9854145
6.826228214232442e-09,709850253790.4891,173084.81501397933,5232757626.093503
6.87356912002217e-09,709850253790.4891,173084.8119534176,5160925740.26849
6.921238342019715e-09,709850253790.4891,173084.80887163058,5090079915.125743
6.969238157146678e-09,709850253790.4891,173084.8057684711,5020206614.679866
7.0175708581155336e-09,709850253790.4891,173084.8026437909,4951292488.758324
7.066238753538972e-09,709850253790.4891,173084.79949744075,4883324370.45096
7.115244168040255e-09,709850253790.4891,173084.79632927038,4816289273.594183
7.16458944236434e-09,709850253790.4891,173084.79313912842,4750174390.289671
7.214276933489509e-09,709850253790.4891,173084.78992686258,4684967088.457507
7.264309014740068e-09,709850253790.4891,173084.78669231935,4620654909.422501
7.3146880758996796e-09,709850253790.4891,173084.78343534426,4557225565.533847
7.3654165233254805e-09,709850253790.4891,173084.78015578177,4494666937.817452
7.416496780063142e-09,709850253790.4891,173084.7768534752,4432967073.660305
7.467931285962425e-09,709850253790.4891,173084.77352826684,4372114184.527008
7.519722497793811e-09,709850253790.4891,173084.77017999784,4312096643.707307
7.571872889365944e-09,709850253790.4891,173084.7668085083,4252902984.094573
7.6243849516436e-09,709850253790.4891,173084.7634136372,4194521895.995073
7.677261192866802e-09,709850253790.4891,173084.75999522238,4136942224.966974
7.730504138670555e-09,709850253790.4891,173084.75655310054,4080152969.6892123
7.784116332205615e-09,709850253790.4891,173084.75308710727,4024143279.8594265
7.838100334259766e-09,709850253790.4891,173084.74959707703,3968902454.121072
7.892458723380273e-09,709850253790.4891,173084.7460828431,3914419938.018653
7.947194095996973e-09,709850253790.4891,173084.7425442377,3860685321.981238
8.002309066546428e-09,709850253790.4891,173084.73898109174,3807688339.3334475
8.057806267596605e-09,709850253790.4891,173084.73539323508,3755418864.334074
8.11368834997276e-09,709850253790.4891,173084.7317804963,3703866910.2412963
8.169957982883978e-09,709850253790.4891,173084.7281427029,3653022627.4046607
8.226617854050802e-09,709850253790.4891,173084.72447968108,3602876301.383061
8.28367066983342e-09,709850253790.4891,173084.72079125588,3553418351.088848
8.341119155361063e-09,709850253790.4891,173084.71707725115,3504639326.957128
8.3989660546621e-09,709850253790.4891,173084.7133374895,3456529909.1403627
8.457214130795254e-09,709850253790.4891,173084.70957179228,3409080905.727583
8.515866165981357e-09,709850253790.4891,173084.70577997965,3362283250.988333
8.5749249617364e-09,709850253790.4891,173084.70196187045,3316128003.6404295
8.63439333900526e-09,709850253790.4891,173084.69811728242,3270606345.1416836
8.694274138296594e-09,709850253790.4891,173084.6942460318,3225709578.0048904
8.754570219818306e-09,709850253790.4891,173084.69034793376,3181429124.136233
8.815284463614298e-09,709850253790.4891,173084.68642280213,3137756523.1962237
8.876419769701965e-09,709850253790.4891,173084.68247044936,3094683430.9833035
8.937979058210867e-09,709850253790.4891,173084.67849068673,3052201617.839473
8.999965269521984e-09,709850253790.4891,173084.6744833241,3010302967.078069
9.062381364408314e-09,709850253790.4891,173084.67044817016,2968979473.4328704
9.125230324176211e-09,709850253790.4891,173084.66638503206,2928223241.528638
9.188515150807953e-09,709850253790.4891,173084.6622937158,2888026484.3725104
9.252238867104889e-09,709850253790.4891,173084.65817402594,2848381521.8663487
9.316404516831988e-09,709850253790.4891,173084.65402576572,2809280779.339259
9.381015164863137e-09,709850253790.4891,173084.64984873703,2770716786.100407
9.4460738973277e-09,709850253790.4891,173084.6456427403,2732682174.011552
9.511583821757685e-09,709850253790.4891,173084.64140757467,2695169676.079417
9.577548067236338e-09,709850253790.4891,173084.63714303786,2658172125.0671425
9.64396978454752e-09,709850253790.4891,173084.63284892618,2621682452.1249447
9.710852146326364e-09,709850253790.4891,173084.62852503452,2585693685.439436
9.778198347210583e-09,709850253790.4891,173084.62417115635,2550198948.9017005
9.846011603993171e-09,709850253790.4891,173084.61978708373,2515191460.7934656
9.914295155776185e-09,709850253790.4891,173084.61537260722,2480664532.491307
9.983052264125211e-09,709850253790.4891,173084.61092751604,2446611567.1888294
1.005228621322532e-08,709850253790.4891,173084.60645159782,2413026058.6361814
1.0122000310037866e-08,709850253790.4891,173084.6019446388,2379901589.896984
1.0192197884458522e-08,709850253790.4891,173084.5974064237,2347231832.1222696
1.0262882289476275e-08,709850253790.4891,173084.59283673577,2315010543.3412905
1.033405690133355e-08,709850253790.4891,173084.58823535676,2283231567.268939
1.040572511968751e-08,709850253790.4891,173084.58360206682,2251888832.1294866
1.0477890367772492e-08,709850253790.4891,173084.57893664474,2220976349.496481
1.0550556092563468e-08,709850253790.4891,173084.57423886764,2190488213.1486
1.0623725764940654e-08,709850253790.4891,173084.56950851117,2160418597.941211
1.0697402879855332e-08,709850253790.4891,173084.56474534934,2130761758.693391
1.0771590956496832e-08,709850253790.4891,173084.55994915467,2101512029.090215
1.0846293538460589e-08,709850253790.4891,173084.5551196981,2072663820.6001568
1.092151419391735e-08,709850253790.4891,173084.55025674892,2044211621.4073486
1.0997256515783658e-08,709850253790.4891,173084.5453600749,2016149995.3584583
1.107352412189351e-08,709850253790.4891,173084.54042944213,1988473580.9240324
1.1150320655171117e-08,709850253790.4891,173084.5354646151,1961177090.1741238
1.1227649783804845e-08,709850253790.4891,173084.53046535671,1934255307.7679927
1.1305515201422578e-08,709850253790.4891,173084.52543142816,1907703089.9575913
1.138392062726797e-08,709850253790.4891,173084.520362589,1881515363.6048536
1.1462869806378274e-08,709850253790.4891,173084.51525859715,1855687125.2123427
1.1542366509763032e-08,709850253790.4891,173084.51011920883,1830213439.967339
1.1622414534584401e-08,709850253790.4891,173084.50494417854,1805089440.7989118
1.170301770433832e-08,709850253790.4891,173084.49973325906,1780310327.4480734
1.1784179869037335e-08,709850253790.4891,173084.4944862016,1755871365.5505683
1.1865904905394309e-08,709850253790.4891,173084.48920275553,1731767885.732368
1.1948196717007775e-08,709850253790.4891,173084.48388266843,1707995282.7174773
1.2031059234548208e-08,709850253790.4891,173084.47852568622,1684549014.448092
1.2114496415945964e-08,709850253790.4891,173084.4731315531,1661424601.216728
1.219851224658013e-08,709850253790.4891,173084.46770001133,1638617624.810371
1.2283110739469097e-08,709850253790.4891,173084.46223080155,1616123727.6662683
1.2368295935462022e-08,709850253790.4891,173084.4567236625,1593938612.0394168
1.2454071903432063e-08,709850253790.4891,173084.45117833116,1572058039.1813688
1.2540442740470507e-08,709850253790.4891,173084.44559454263,1550477828.5304239
1.2627412572082686e-08,709850253790.4891,173084.4399720303,1529193856.912823
1.2714985552384816e-08,709850253790.4891,173084.43431052554,1508202057.7550204
1.280316586430263e-08,709850253790.4891,173084.42860975798,1487498420.3066614
1.2891957719770972e-08,709850253790.4891,173084.4228694553,1467078988.8743281
1.2981365359935176e-08,709850253790.4891,173084.41708934333,1446939862.0657072
1.307139305535345e-08,709850253790.4891,173084.41126914605,1427077192.0442274
1.3162045106201062e-08,709850253790.4891,173084.4054085854,1407487183.7938342
1.3253325842475522e-08,709850253790.4891,173084.39950738152,1388166094.393955
1.3345239624203601e-08,709850253790.4891,173084.3935652525,1369110232.3043213
1.3437790841649502e-08,709850253790.4891,173084.38758191458,1350315956.6596763
1.3530983915524506e-08,709850253790.4891,173084.38155708194,1331779676.5741508
1.3624823297198183e-08,709850253790.4891,173084.3754904668,1313497850.4551687
1.371931346891107e-08,709850253790.4891,173084.36938177946,1295466985.3267713
1.3814458943988699e-08,709850253790.4891,173084.36323072808,1277683636.1622512
1.3910264267057138e-08,709850253790.4891,173084.35703701898,1260144405.2259476
1.4006734014260108e-08,709850253790.4891,173084.35080035622,1242845941.424055
1.4103872793477619e-08,709850253790.4891,173084.34452044193,1225784939.6643465
1.4201685244546018e-08,709850253790.4891,173084.33819697623,1208958140.2247038
1.4300176039479546e-08,709850253790.4891,173084.33182965705,1192362328.1303165
1.4399349882693555e-08,709850253790.4891,173084.3254181803,1175994332.539411
1.4499211511229274e-08,709850253790.4891,173084.31896223966,1159851026.137413
1.459976569498002e-08,709850253790.4891,173084.3124615269,1143929324.5394433
1.4701017236918963e-08,709850253790.4891,173084.30591573147,1128226185.7010183
1.480297097332861e-08,709850253790.4891,173084.29932454068,1112738609.3368185
1.490563177403186e-08,709850253790.4891,173084.29268763983,1097463636.3474388
1.5009004542624563e-08,709850253790.4891,173084.28600471184,1082398348.2540236
1.5113094216709665e-08,709850253790.4891,173084.27927543753,1067539866.6406653
1.521790576813313e-08,709850253790.4891,173084.27249949548,1052885352.6044364
1.5323444203221465e-08,709850253790.4891,173084.26567656206,1038432006.2129743
1.5429714563020803e-08,709850253790.4891,173084.25880631144,1024177065.9695275
1.5536721923537607e-08,709850253790.4891,173084.2518884154,1010117808.2853459
1.564447139598121e-08,709850253790.4891,173084.2449225436,996251546.9592954
1.5752968127007997e-08,709850253790.4891,173084.23790836325,982575632.6646185
1.5862217298967174e-08,709850253790.4891,173084.23084553942,969087452.4427571
1.597222413014822e-08,709850253790.4891,173084.22373373472,955784429.2041224
1.6082993875030358e-08,709850253790.4891,173084.2165726095,942664021.2356855
1.6194531824533264e-08,709850253790.4891,173084.20936182167,929723721.7153795
1.6306843306270062e-08,709850253790.4891,173084.2021010269,916961058.2331132
1.6419933684801533e-08,709850253790.4891,173084.19478987833,904373592.318412
1.653380836189262e-08,709850253790.4891,173084.18742802684,891958918.9744909
1.6648472776770164e-08,709850253790.4891,173084.18001512077,879714666.218778
1.6763932406382994e-08,709850253790.4891,173084.17255080602,867638494.6296891
1.6880192765663255e-08,709850253790.4891,173084.16503472615,855728096.8996799
1.69972594077901e-08,709850253790.4891,173084.1574665221,843981197.3943782
1.7115137924454666e-08,709850253790.4891,173084.14984583246,832395551.7178239
1.7233833946127435e-08,709850253790.4891,173084.1421722932,820968946.283621
1.7353353142326903e-08,709850253790.4891,173084.13444553787,809699197.8920311
1.747370122189066e-08,709850253790.4891,173084.12666519737,798584153.3128195
1.7594883933247774e-08,709850253790.4891,173084.11883090012,787621688.8738807
1.771690706469369e-08,709850253790.4891,173084.11094227195,776809710.0554568
1.783977644466637e-08,709850253790.4891,173084.10299893605,766146151.0899799
1.7963497942025032e-08,709850253790.4891,173084.095000513,755628974.5673555
1.8088077466330132e-08,709850253790.4891,173084.0869466209,745256171.0457162
1.8213520968125965e-08,709850253790.4891,173084.07883687495,735025758.6674663
1.8339834439224585e-08,709850253790.4891,173084.0706708879,724935782.780648
1.84670239129923e-08,709850253790.4891,173084.06244826963,714984315.5654572
1.8595095464637553e-08,709850253790.4891,173084.05416862745,705169455.665933
1.8724055211501424e-08,709850253790.4891,173084.04583156598,695489327.8266557
1.885390931334949e-08,709850253790.4891,173084.03743668695,685942082.5344805
1.898466397266635e-08,709850253790.4891,173084.0289835894,676525895.6651422
1.911632543495174e-08,709850253790.4891,173084.02047186965,667238968.1347446
1.92488999890188e-08,709850253790.4891,173084.01190112112,658079525.5560279
1.9382393967294507e-08,709850253790.4891,173084.00327093445,649045817.8993429
1.951681374612225e-08,709850253790.4891,173083.9945808975,640136119.1582822
1.9652165746066298e-08,709850253790.4891,173083.98583059513,631348727.0199095
1.9788456432218412e-08,709850253790.4891,173083.97701960948,622681962.5395173
1.9925692314506715e-08,709850253790.4891,173083.96814751968,614134169.8198379
2.0063879948006744e-08,709850253790.4891,173083.959213902,605703715.6946576
2.020302593325444e-08,709850253790.4891,173083.95021832976,597388989.416787
2.0343136916561375e-08,709850253790.4891,173083.9411603733,589188402.3503103
2.048421959033226e-08,709850253790.4891,173083.9320396,581100387.6670535
2.062628069338473e-08,709850253790.4891,173083.92285557426,573123400.0472151
2.07693270112711e-08,709850253790.4891,173083.9136078574,565255915.3841214
2.091336537660243e-08,709850253790.4891,173083.90429600776,557496430.4930285
2.105840266937494e-08,709850253790.4891,173083.89491958058,549843462.823917
2.1204445817298738e-08,709850253790.4891,173083.88547812804,542295550.1782272
2.1351501796128624e-08,709850253790.4891,173083.87597119916,534851250.42949224
2.149957762999721e-08,709850253790.4891,173083.8663983399,527509141.24780685
2.164868039175051e-08,709850253790.4891,173083.85675909303,520267819.828068
2.179881720328586e-08,709850253790.4891,173083.84705299823,513125902.6219478
2.194999523589201e-08,709850253790.4891,173083.83727959183,506082025.0735534
2.2102221710591536e-08,709850253790.4891,173083.8274384071,499134841.35871744
2.2255503898486048e-08,709850253790.4891,173083.817528974,492283024.12784755
2.2409849121103148e-08,709850253790.4891,173083.80755081918,485525264.25233525
2.2565264750746505e-08,709850253790.4891,173083.79750346616,478860270.5744149
2.2721758210847612e-08,709850253790.4891,173083.78738643503,472286769.66048807
2.287933697632076e-08,709850253790.4891,173083.77719924258,465803505.5578011
2.3038008573919687e-08,709850253790.4891,173083.76694140222,459409239.5544962
2.3197780582597473e-08,709850253790.4891,173083.7566124241,453102749.9429247
2.335866063386817e-08,709850253790.4891,173083.74621181484,446882831.7862389
2.3520656412171714e-08,709850253790.4891,173083.73573907767,440748296.6881595
2.3683775655240567e-08,709850253790.4891,173083.72519371248,434697972.56593215
2.384802615446972e-08,709850253790.4891,173083.71457521553,428730703.4263711
2.401341575528844e-08,709850253790.4891,173083.70388307972,422845349.14500785
2.4179952357535413e-08,709850253790.4891,173083.69311679437,417040785.24824107
2.4347643915835676e-08,709850253790.4891,173083.68227584523,411315902.69850564
2.4516498439980974e-08,709850253790.4891,173083.6713597146,405669607.68236405
2.4686523995311946e-08,709850253790.4891,173083.66036788106,400100821.4015325
2.4857728703103765e-08,709850253790.4891,173083.64929981963,394608479.8667498
2.503012074095365e-08,709850253790.4891,173083.6381550017,389191533.69450235
2.5203708343171873e-08,709850253790.4891,173083.626932895,383848947.9065128
2.5378499801174674e-08,709850253790.4891,173083.61563296348,378579701.7320075
2.5554503463880687e-08,709850253790.4891,173083.60425466753,373382788.4126729
2.5731727738109342e-08,709850253790.4891,173083.5927974637,368257215.01031387
2.5910181088982806e-08,709850253790.4891,173083.5812608047,363202002.2171284
2.6089872040329925e-08,709850253790.4891,173083.5696441396,358216184.1686106
2.6270809175093714e-08,709850253790.4891,173083.5579469136,353298808.2589995
2.6453001135741178e-08,709850253790.4891,173083.54616856802,348448934.9592766
2.6636456624676e-08,709850253790.4891,173083.53430854023,343665637.6376594
2.682118440465433e-08,709850253790.4891,173083.52236626387,338948002.3825544
2.7007193299203437e-08,709850253790.4891,173083.51034116859,334295127.8279397
2.719449219304306e-08,709850253790.4891,173083.49823267997,329706124.9811503
2.7383090032509684e-08,709850253790.4891,173083.48604021975,325180117.0530284
2.757299582598396e-08,709850253790.4891,173083.47376320563,320716239.2903982
2.7764218644321108e-08,709850253790.4891,173083.46140105123,316313638.8108416
2.795676762128408e-08,709850253790.4891,173083.44895316617,311971474.4397473
2.815065195397971e-08,709850253790.4891,173083.43641895585,307688916.5495958
2.8345880903298132e-08,709850253790.4891,173083.4237978217,303465146.90144646
2.8542463794355254e-08,709850253790.4891,173083.41108916086,299299358.4885998
2.8740410016938035e-08,709850253790.4891,173083.39829236644,295190755.3824121
2.8939729025952884e-08,709850253790.4891,173083.3854068272,291138552.58022434
2.9140430341877396e-08,709850253790.4891,173083.37243192774,287141975.8553761
2.9342523551215207e-08,709850253790.4891,173083.35936704837,283200261.6092772
2.9546018306953776e-08,709850253790.4891,173083.34621156513,279312656.7255149
2.9750924329025348e-08,709850253790.4891,173083.3329648497,275478418.42596376
2.995725140477133e-08,709850253790.4891,173083.3196262694,271696814.1288665
3.016500938940993e-08,709850253790.4891,173083.30619518715,267967121.30886227
3.037420820650674e-08,709850253790.4891,173083.29267096153,264288627.35894218
3.058485784844865e-08,709850253790.4891,173083.2790529466,260660629.4542982
3.079696837692122e-08,709850253790.4891,173083.26534049198,257082434.4180376
3.1010549923389425e-08,709850253790.4891,173083.25153294273,253553358.58874068
3.122561268958144e-08,709850253790.4891,173083.23762963942,250072727.68984133
3.1442166947975774e-08,709850253790.4891,173083.223629918,246639876.70079997
3.166022304229234e-08,709850253790.4891,173083.20953310988,243254149.73003682
3.187979138798601e-08,709850253790.4891,173083.19533854182,239914899.88962346
3.210088247274467e-08,709850253790.4891,173083.1810455358,236621489.1716781
3.232350685698961e-08,709850253790.4891,173083.16665340928,233373288.32647496
3.2547675174380447e-08,709850253790.4891,173083.15216147483,230169676.7422098
3.277339813232258e-08,709850253790.4891,173083.13756904035,227010042.32643178
3.3000686512479085e-08,709850253790.4891,173083.1228754089,223893781.38908878
3.322955117128523e-08,709850253790.4891,173083.10807987873,220820298.527191
3.3460003040467516e-08,709850253790.4891,173083.09318174317,217789006.51104546
3.369205312756535e-08,709850253790.4891,173083.07818029073,214799326.17206502
3.3925712516457306e-08,709850253790.4891,173083.06307480496,211850686.29210395
3.416099236789004e-08,709850253790.4891,173083.04786456435,208942523.49432635
3.439790392001191e-08,709850253790.4891,173083.03254884254,206074282.13555956
3.4636458488909224e-08,709850253790.4891,173083.01712690803,203245414.20013756
3.487666746914732e-08,709850253790.4891,173083.0015980243,200455379.1951894
3.511854233431424e-08,709850253790.4891,173082.98596144962,197703644.0473777
3.5362094637569355e-08,709850253790.4891,173082.97021643733,194989683.001042
3.560733601219462e-08,709850253790.4891,173082.95436223535,192312977.5177526
3.585427817215082e-08,709850253790.4891,173082.93839808652,189673016.17723078
3.6102932912636497e-08,709850253790.4891,173082.9223232284,187069294.57964247
3.635331211065196e-08,709850253790.4891,173082.90613689332,184501315.2492192
3.6605427725565944e-08,709850253790.4891,173082.88983830815,181968587.5392161
3.685929179968753e-08,709850253790.4891,173082.87342669457,179470627.53816068
3.711491645884065e-08,709850253790.4891,173082.85690126874,177006957.97740218
3.737231391294388e-08,709850253790.4891,173082.84026124136,174577108.13991767
3.7631496456593395e-08,709850253790.4891,173082.8235058178,172180613.7703781
3.789247646965005e-08,709850253790.4891,173082.8066341978,169817016.986448
3.8155266417830876e-08,709850253790.4891,173082.7896455756,167485866.19129932
3.8419878853304674e-08,709850253790.4891,173082.7725391398,165186715.9873272
3.868632641529137e-08,709850253790.4891,173082.75531407353,162919127.09105256
3.895462183066563e-08,709850253790.4891,173082.737969554,160682666.24919248
3.9224777914564866e-08,709850253790.4891,173082.72050475294,158476906.1558805
3.949680757100152e-08,709850253790.4891,173082.70291883624,156301425.3710232
3.97707237934793e-08,709850253790.4891,173082.685210964,154155808.23977986
4.004653966561362e-08,709850253790.4891,173082.66738029054,152039644.81314775
4.0324268361756704e-08,709850253790.4891,173082.64942596428,149952530.7696348
4.060392314762702e-08,709850253790.4891,173082.63134712778,147894067.33800802
4.088551738094277e-08,709850253790.4891,173082.61314291757,145863861.2211037
4.116906451205977e-08,709850253790.4891,173082.59481246423,143861524.5206849
4.145457808461401e-08,709850253790.4891,173082.5763548924,141886674.66332707
4.174207173616881e-08,709850253790.4891,173082.55776932053,139938934.32732144
4.203155919886599e-08,709850253790.4891,173082.53905486097,138017931.37058407
4.2323054300081656e-08,709850253790.4891,173082.52021062002,136123298.75955468
4.26165709630868e-08,709850253790.4891,173082.5012356977,134254674.49906886
4.291212320771258e-08,709850253790.4891,173082.48212918776,132411701.56319325
4.3209725151019704e-08,709850253790.4891,173082.46289017776,130594027.82701261
4.3509391007972583e-08,709850253790.4891,173082.44351774882,128801305.99935307
4.381113509211884e-08,709850253790.4891,173082.42401097578,127033193.5564244
4.411497181627231e-08,709850253790.4891,173082.4043689271,125289352.67638047
4.4420915693202235e-08,709850253790.4891,173082.3845906646,123569450.1747699
4.472898133632565e-08,709850253790.4891,173082.36467524373,121873157.44088143
4.50391834604062e-08,709850253790.4891,173082.34462171348,120200150.37495418
4.5351536882256236e-08,709850253790.4891,173082.324429116,118550109.32625847
4.566605652144525e-08,709850253790.4891,173082.30409648703,116922719.03201859
4.5982757401011815e-08,709850253790.4891,173082.28362285552,115317668.55718172
4.630165464818186e-08,709850253790.4891,173082.2630072437,113734651.2350059
4.662276349509051e-08,709850253790.4891,173082.24224866694,112173364.60847129
4.6946099279510375e-08,709850253790.4891,173082.2213461339,110633510.37248829
4.7271677445583417e-08,709850253790.4891,173082.20029864638,109114794.31690615
4.7599513544559404e-08,709850253790.4891,173082.17910519917,107616926.2702968
4.792962323553794e-08,709850253790.4891,173082.15776478013,106139620.04451731
4.826202228621719e-08,709850253790.4891,173082.13627637006,104682593.38002682
4.859672657364626e-08,709850253790.4891,173082.1146389428,103245567.89196047
4.893375208498435e-08,709850253790.4891,173082.09285146496,101828269.01693708
4.927311491826357e-08,709850253790.4891,173082.07091289604,100430425.96060379
4.961483128315868e-08,709850253790.4891,173082.04882218828,99051771.64589384
4.995891750176054e-08,709850253790.4891,173082.0265782868,97692042.6620017
5.030539000935654e-08,709850253790.4891,173082.00418012918,96350979.21405138
5.06542653552148e-08,709850253790.4891,173081.9816266458,95028325.07346307
5.100556020337551e-08,709850253790.4891,173081.95891675958,93723827.52899371
5.1359291333446014e-08,709850253790.4891,173081.93604938601,92437237.33845684
5.1715475641403046e-08,709850253790.4891,173081.9130234329,91168308.68109873
5.2074130140399445e-08,709850253790.4891,173081.8898378007,89916799.11063254
5.2435271961576594e-08,709850253790.4891,173081.8664913821,88682469.50891641
5.2798918354882845e-08,709850253790.4891,173081.8429830622,87465084.04026642
5.316508668989776e-08,709850253790.4891,173081.81931171825,86264410.1063961
5.353379445666149e-08,709850253790.4891,173081.79547621985,85080218.30197665
5.390505926650999e-08,709850253790.4891,173081.7714754287,83912282.37080663
5.427889885291646e-08,709850253790.4891,173081.74730819857,82760379.16258216
5.4655331072338564e-08,709850253790.4891,173081.72297337532,81624288.59026046
5.5034373905071186e-08,709850253790.4891,173081.6984697969,80503793.5880103
5.5416045456104964e-08,709850253790.4891,173081.67379629295,79398680.06973925
5.580036395599136e-08,709850253790.4891,173081.64895168532,78308736.88818929
5.618734776171362e-08,709850253790.4891,173081.62393478744,77233755.79459366
5.657701535756342e-08,709850253790.4891,173081.5987444046,76173531.39888902
5.696938535602348e-08,709850253790.4891,173081.57337933386,75127861.1304737
5.7364476498656875e-08,709850253790.4891,173081.54783836383,74096545.19950327
5.776230765700243e-08,709850253790.4891,173081.5221202748,73079386.55871758
5.816289783347588e-08,709850253790.4891,173081.49622383862,72076190.86579303
5.856626616227732e-08,709850253790.4891,173081.47014781856,71086766.44621152
5.8972431910305344e-08,709850253790.4891,173081.44389096933,70110924.25663796
5.9381414478077585e-08,709850253790.4891,173081.417452037,69148477.84880064
5.979323340065716e-08,709850253790.4891,173081.390829759,68199243.33386843
6.020790834858548e-08,709850253790.4891,173081.36402286403,67263039.34731707
6.062545912882213e-08,709850253790.4891,173081.33703007177,66339687.01427642
6.104590568569108e-08,709850253790.4891,173081.3098500933,65429009.915353924
6.14692681018332e-08,709850253790.4891,173081.28248163057,64530834.05292761
6.189556659916505e-08,709850253790.4891,173081.25492337657,63644987.817902684
6.23248215398457e-08,709850253790.4891,173081.22717401534,62771301.956921436
6.27570534272483e-08,709850253790.4891,173081.19923222164,61909609.54002734
6.319228290694046e-08,709850253790.4891,173081.1710966611,61059745.92876885
6.363053076766933e-08,709850253790.4891,173081.14276599017,60221548.74474525
6.407181794235564e-08,709850253790.4891,173081.1142388559,59394857.83858009
6.451616550909251e-08,709850253790.4891,173081.08551389593,58579515.259324566
6.49635946921533e-08,709850253790.4891,173081.05658973858,57775365.224277064
6.541412686300428e-08,709850253790.4891,173081.02746500255,56982254.08922081
6.58677835413266e-08,709850253790.4891,173080.99813829703,56200030.31906619
6.632458639604304e-08,709850253790.4891,173080.96860822148,55428544.45890001
6.678455724635409e-08,709850253790.4891,173080.93887336575,54667649.10542832
6.724771806277911e-08,709850253790.4891,173080.90893230992,53917198.87881495
6.771409096820682e-08,709850253790.4891,173080.87878362407,53177050.39490296
6.818369823895092e-08,709850253790.4891,173080.84842586852,52447062.23782116
6.865656230581516e-08,709850253790.4891,173080.81785759362,51727094.93296301
6.913270575516374e-08,709850253790.4891,173080.7870773395,51017010.9203398
6.961215133000118e-08,709850253790.4891,173080.7560836364,50316674.52829654
7.009492193105755e-08,709850253790.4891,173080.72487500415,49625951.947591655
7.058104061788344e-08,709850253790.4891,173080.6934499525,48944711.20582953
7.107053060995031e-08,709850253790.4891,173080.66180698073,48272822.14224691
7.156341528776048e-08,709850253790.4891,173080.62994457778,47610156.38284279
7.205971819396356e-08,709850253790.4891,173080.59786122214,46956587.3158514
7.255946303448064e-08,709850253790.4891,173080.56555538168,46311990.06755186
7.306267367963689e-08,709850253790.4891,173080.5330255137,45676241.47840896
7.356937416530197e-08,709850253790.4891,173080.50027006477,45049220.07954169
7.407958869403794e-08,709850253790.4891,173080.46728747076,44430806.069515355
7.459334163625489e-08,709850253790.4891,173080.4340761566,43820881.2914523
7.511065753137531e-08,709850253790.4891,173080.4006345364,43219329.21045627
7.563156108900653e-08,709850253790.4891,173080.36696101315,42626034.89134641
7.615607719012071e-08,709850253790.4891,173080.3330539789,42040884.97669788
7.668423088824287e-08,709850253790.4891,173080.29891181446,41463767.66518384
7.721604741064802e-08,709850253790.4891,173080.26453288944,40894572.690213814
7.775155215956633e-08,709850253790.4891,173080.2299155622,40333191.298865765
7.829077071339621e-08,709850253790.4891,173080.19505817964,39779516.23110757
7.883372882792577e-08,709850253790.4891,173080.15995907722,39233441.69930408
7.93804524375633e-08,709850253790.4891,173080.12461657892,38694863.36800463
7.99309676565764e-08,709850253790.4891,173080.089028997,38163678.33400802
8.048530078033899e-08,709850253790.4891,173080.0531946321,37639785.10670204
8.104347828658699e-08,709850253790.4891,173080.01711177308,37123083.588672474
8.160552683668333e-08,709850253790.4891,173079.98077869686,36613475.05657805
8.217147327689179e-08,709850253790.4891,173079.94419366846,36110862.14228765
8.274134463965898e-08,709850253790.4891,173079.90735494095,35615148.81427724
8.331516814490521e-08,709850253790.4891,173079.87026075512,35126240.35928209
8.389297120132494e-08,709850253790.4891,173079.83290933972,34644043.36420026
8.447478140769638e-08,709850253790.4891,173079.79529891117,34168465.698244564
8.506062655419934e-08,709850253790.4891,173079.75742767344,33699416.49534002
8.565053462374214e-08,709850253790.4891,173079.7192938182,33236806.136763223
8.62445337932994e-08,709850253790.4891,173079.6808955245,32780546.234018482
8.684265243525656e-08,709850253790.4891,173079.6422309587,32330549.61195114
8.744491911876648e-08,709850253790.4891,173079.60329827465,31886730.292090625
8.80513626111126e-08,709850253790.4891,173079.56409561317,31449003.476224147
8.866201187908445e-08,709850253790.4891,173079.52462110232,31017285.530193843
8.927689609035987e-08,709850253790.4891,173079.4848728572,30591493.967918515
8.989604461489953e-08,709850253790.4891,173079.44484897977,30171547.435632445
9.051948702634848e-08,709850253790.4891,173079.40454755886,29757365.696342792
9.114725310345007e-08,709850253790.4891,173079.36396667003,29348869.614498265
9.177937283146693e-08,709850253790.4891,173079.32310437557,28945981.14087022
9.24158764036147e-08,709850253790.4891,173079.28195872428,28548623.297639363
9.305679422250268e-08,709850253790.4891,173079.24052775145,28156720.16368912
9.370215690158752e-08,709850253790.4891,173079.19880947875,27770196.860098965
9.435199526663403e-08,709850253790.4891,173079.1568019141,27388979.535838705
9.500634035718896e-08,709850253790.4891,173079.11450305165,27012995.35365749
9.566522342806223e-08,709850253790.4891,173079.07191087166,26642172.47616808
9.632867595082123e-08,709850253790.4891,173079.02902334035,26276440.052120563
9.699672961529258e-08,709850253790.4891,173078.98583840986,25915728.20286615
9.766941633107735e-08,709850253790.4891,173078.94235401813,25559968.00900509
9.83467682290736e-08,709850253790.4891,173078.8985680888,25209091.497219577
9.902881766301257e-08,709850253790.4891,173078.85447853114,24863031.627285816
9.97155972110034e-08,709850253790.4891,173078.8100832399,24521722.27926546
1.0040713967708888e-07,709850253790.4891,173078.7653800952,24185098.240872663
1.0110347809281268e-07,709850253790.4891,173078.7203669626,23853095.19501431
1.0180464571879755e-07,709850253790.4891,173078.67504169274,23525649.70750113
1.0251067604633359e-07,709850253790.4891,173078.62940212138,23202699.214927968
1.0322160279897755e-07,709850253790.4891,173078.5834460693,22884182.0127205
1.0393745993416405e-07,709850253790.4891,173078.53717134215,22570037.24334546
1.0465828164482798e-07,709850253790.4891,173078.49057573042,22260204.884682905
1.0538410236103732e-07,709850253790.4891,173078.4436570092,21954625.738558367
1.0611495675163726e-07,709850253790.4891,173078.39641293825,21653241.419432446
1.0685087972590655e-07,709850253790.4891,173078.3488412618,21355994.343245316
1.0759190643522541e-07,709850253790.4891,173078.3009397083,21062827.71641436
1.0833807227475411e-07,709850253790.4891,173078.25270599063,20773685.52498315
1.0908941288512318e-07,709850253790.4891,173078.20413780567,20488512.52391949
1.0984596415413617e-07,709850253790.4891,173078.15523283448,20207254.226559907
1.1060776221848436e-07,709850253790.4891,173078.10598874194,19929856.89419909
1.1137484346547233e-07,709850253790.4891,173078.0564031768,19656267.52582261
1.1214724453475559e-07,709850253790.4891,173078.00647377144,19386433.847980496
1.1292500232009106e-07,709850253790.4891,173077.95619814194,19120304.304799583
1.1370815397109981e-07,709850253790.4891,173077.90557388775,18857828.048132904
1.1449673689504107e-07,709850253790.4891,173077.85459859166,18598954.92784464
1.1529078875859848e-07,709850253790.4891,173077.8032698199,18343635.48222847
1.1609034748967972e-07,709850253790.4891,173077.75158512164,18091820.928557042
1.1689545127922862e-07,709850253790.4891,173077.69954202912,17843463.1537613
1.1770613858304885e-07,709850253790.4891,173077.64713805742,17598514.705237966
1.1852244812364035e-07,709850253790.4891,173077.5943707045,17356928.781783257
1.193444188920493e-07,709850253790.4891,173077.54123745093,17118659.22465074
1.201720901497311e-07,709850253790.4891,173077.48773575982,16883660.50873197
1.2100550143042512e-07,709850253790.4891,173077.43386307667,16651887.733858446
1.2184469254204265e-07,709850253790.4891,173077.3796168293,16423296.616222981
1.2268970356856867e-07,709850253790.4891,173077.32499442768,16197843.479918566
1.2354057487197714e-07,709850253790.4891,173077.26999326385,15975485.248593368
1.243973470941582e-07,709850253790.4891,173077.2146107118,15756179.43722057
1.2526006115885916e-07,709850253790.4891,173077.1588441272,15539884.143981157
1.2612875827363942e-07,709850253790.4891,173077.10269084756,15326558.042257925
1.2700347993183956e-07,709850253790.4891,173077.0461481918,15116160.372739304
1.278842679145626e-07,709850253790.4891,173076.98921346033,14908650.93563193
1.2877116429266917e-07,709850253790.4891,173076.93188393483,14703990.082980044
1.2966421142878733e-07,709850253790.4891,173076.87415687813,14502138.711090153
1.3056345197933782e-07,709850253790.4891,173076.81602953406,14303058.253059348
1.314689288965684e-07,709850253790.4891,173076.75749912745,14106710.671407301
1.3238068543060727e-07,709850253790.4891,173076.69856286372,13913058.450808264
1.3329876513152934e-07,709850253790.4891,173076.63921792916,13722064.590923244
1.342232118514356e-07,709850253790.4891,173076.5794614903,13533692.599330692
1.3515406974654745e-07,709850253790.4891,173076.51929069424,13347906.484554257
1.360913832793162e-07,709850253790.4891,173076.45870266817,13164670.749186018
1.3703519722054732e-07,709850253790.4891,173076.39769451943,12983950.383104151
1.3798555665153865e-07,709850253790.4891,173076.33626333534,12805710.856783843
1.3894250696623278e-07,709850253790.4891,173076.27440618296,12629918.114700124
1.3990609387338613e-07,709850253790.4891,173076.21212010903,12456538.568820957
1.4087636339875264e-07,709850253790.4891,173076.1494021399,12285539.092189722
1.4185336188728176e-07,709850253790.4891,173076.08624928124,12116887.012595952
1.428371360053314e-07,709850253790.4891,173076.022658518,11950550.106333
1.4382773274289757e-07,709850253790.4891,173075.9586268142,11786496.592041148
1.4482519941585957e-07,709850253790.4891,173075.89415111282,11624695.124635238
1.4582958366823925e-07,709850253790.4891,173075.82922833567,11465114.789315926
1.4684093347447623e-07,709850253790.4891,173075.7638553833,11307725.095663056
1.4785929714172001e-07,709850253790.4891,173075.69802913463,11152495.971809968
1.48884723312138e-07,709850253790.4891,173075.63174644703,10999397.75869776
1.4991726096523816e-07,709850253790.4891,173075.56500415612,10848401.204408657
1.5095695942020807e-07,709850253790.4891,173075.49779907553,10699477.4585771
1.5200386833827114e-07,709850253790.4891,173075.43012799683,10552598.06687742
1.5305803772505943e-07,709850253790.4891,173075.36198768936,10407734.965587152
1.541195179330014e-07,709850253790.4891,173075.29337490007,10264860.476225212
1.5518835966372645e-07,709850253790.4891,173075.22428635336,10123947.300263602
1.562646139704874e-07,709850253790.4891,173075.1547187509,9984968.513911575
1.573483322605995e-07,709850253790.4891,173075.08466877157,9847897.562971424
1.5843956629789537e-07,709850253790.4891,173075.01413307118,9712708.257765021
1.595383682051969e-07,709850253790.4891,173074.94310828237,9579374.76812999
1.6064479046680542e-07,709850253790.4891,173074.87159101447,9447871.618484447
1.6175888593100937e-07,709850253790.4891,173074.7995778533,9318173.682959454
1.6288070781260792e-07,709850253790.4891,173074.72706536096,9190256.180598482
1.6401030969545207e-07,709850253790.4891,173074.65405007586,9064094.670622736
1.6514774553500485e-07,709850253790.4891,173074.58052851225,8939665.04776133
1.66293069660919e-07,709850253790.4891,173074.50649716036,8816943.537645606
1.6744633677963157e-07,709850253790.4891,173074.43195248608,8695906.692266764
1.6860760197697614e-07,709850253790.4891,173074.3568909307,8576531.385495894
1.697769207208147e-07,709850253790.4891,173074.281308911,8458794.808665339
1.7095434886368784e-07,709850253790.4891,173074.20520281882,8342674.4662107155
1.7213994264548175e-07,709850253790.4891,173074.12856902104,8228148.171372914
1.7333375869611394e-07,709850253790.4891,173074.0514038594,8115194.041959081
1.7453585403823874e-07,709850253790.4891,173073.97370365015,8003790.49616165
1.757462860899718e-07,709850253790.4891,173073.89546468417,7893916.248434799
1.7696511266763196e-07,709850253790.4891,173073.81668322653,7785550.305427607
1.7819239198850198e-07,709850253790.4891,173073.73735551652,7678671.961973077
1.794281826736102e-07,709850253790.4891,173073.6574777673,7573260.797132041
1.8067254375053125e-07,709850253790.4891,173073.57704616577,7469296.670291412
1.8192553465620464e-07,709850253790.4891,173073.49605687245,7366759.717316119
1.831872152397729e-07,709850253790.4891,173073.41450602125,7265630.346753866
1.8445764576544224e-07,709850253790.4891,173073.33238971923,7165889.236091752
1.8573688691536016e-07,709850253790.4891,173073.2497040466,7067517.328064531
1.8702499979251308e-07,709850253790.4891,173073.16644505633,6970495.827013513
1.8832204592364572e-07,709850253790.4891,173073.08260877398,6874806.195295338
1.8962808726220064e-07,709850253790.4891,173072.9981911977,6780430.14974006
1.9094318619127677e-07,709850253790.4891,173072.91318829777,6687349.658157944
1.9226740552660822e-07,709850253790.4891,173072.8275960167,6595546.935894243
1.9360080851956565e-07,709850253790.4891,173072.74141026876,6505004.442431111
1.9494345886017807e-07,709850253790.4891,173072.65462693994,6415704.878036222
1.9629542068017433e-07,709850253790.4891,173072.56724188782,6327631.180457465
1.976567585560455e-07,709850253790.4891,173072.47925094108,6240766.521663011
1.990275375121303e-07,709850253790.4891,173072.3906498997,6155094.30462604
2.0040782302372155e-07,709850253790.4891,173072.30143453443,6070598.16015361
2.0179768102019308e-07,709850253790.4891,173072.21160058677,5987261.943759131
2.0319717788814782e-07,709850253790.4891,173072.1211437687,5905069.732577808
2.0460638047458968e-07,709850253790.4891,173072.03005976247,5824005.822324292
2.060253560901172e-07,709850253790.4891,173071.93834422043,5744054.7242921265
2.0745417251213808e-07,709850253790.4891,173071.84599276487,5665201.162394456
2.088928979881054e-07,709850253790.4891,173071.7530009876,5587430.070245372
2.1034160123877854e-07,709850253790.4891,173071.65936445,5510726.588281221
2.1180035146150638e-07,709850253790.4891,173071.5650786827,5435076.060921437
2.132692183335317e-07,709850253790.4891,173071.4701391853,5360464.033768439
2.147482720153184e-07,709850253790.4891,173071.37454142628,5286876.250845959
2.1623758315390361e-07,709850253790.4891,173071.27828084264,5214298.651875198
2.1773722288627307e-07,709850253790.4891,173071.1813528399,5142717.36958837
2.1924726284275805e-07,709850253790.4891,173071.0837527916,5072118.727079217
2.207677751504559e-07,709850253790.4891,173070.98547603935,5002489.235189887
2.2229883243667613e-07,709850253790.4891,173070.88651789236,4933815.589933596
2.2384050783241023e-07,709850253790.4891,173070.78687362745,4866084.669952685
2.2539287497582407e-07,709850253790.4891,173070.68653848872,4799283.534011641
2.269560080157742e-07,709850253790.4891,173070.5855076872,4733399.418524523
2.2852998161535046e-07,709850253790.4891,173070.4837764009,4668419.7351162825
2.301148709554432e-07,709850253790.4891,173070.38133977426,4604332.0682175215
2.3171075173833353e-07,709850253790.4891,173070.27819291817,4541124.172692374
2.33317700191308e-07,709850253790.4891,173070.17433090968,4478783.971498946
2.3493579307030085e-07,709850253790.4891,173070.06974879172,4417299.553381769
2.3656510766356094e-07,709850253790.4891,173069.96444157278,4356659.170595976
2.382057217953428e-07,709850253790.4891,173069.8584042269,4296851.236662749
2.398577138296225e-07,709850253790.4891,173069.7516316932,4237864.3241556175
2.415211626738421e-07,709850253790.4891,173069.64411887582,4179687.1625170247
2.4319614778267947e-07,709850253790.4891,173069.53586064358,4122308.63590492
2.448827491618423e-07,709850253790.4891,173069.42685182966,4065717.781068946
2.465810473718889e-07,709850253790.4891,173069.31708723158,4009903.7852557898
2.482911235320769e-07,709850253790.4891,173069.2065616107,3954855.9841432204
2.500130593242391e-07,709850253790.4891,173069.09526969225,3900563.859802493
2.5174693699668394e-07,709850253790.4891,173068.98320616476,3847017.0386887793
2.534928393681225e-07,709850253790.4891,173068.87036568002,3794205.2896592026
2.5525084983162745e-07,709850253790.4891,173068.7567428528,3742118.522017943
2.5702105235861486e-07,709850253790.4891,173068.6423322605,3690746.7835883126
2.58803531502854e-07,709850253790.4891,173068.52712844306,3640080.258811285
2.6059837240450695e-07,709850253790.4891,173068.41112590246,3590109.2668700577
2.624056607941967e-07,709850253790.4891,173068.29431910274,3540824.259840373
2.642254829971006e-07,709850253790.4891,173068.1767024695,3492215.8208662807
2.6605792593707306e-07,709850253790.4891,173068.05827038974,3444274.662360939
2.6790307714079826e-07,709850253790.4891,173067.93901721164,3396991.624232063
2.697610247419719e-07,709850253790.4891,173067.8189372441,3350357.672131734
2.716318574855101e-07,709850253790.4891,173067.69802475668,3304363.8957302836
2.7351566473178694e-07,709850253790.4891,173067.57627397933,3259001.5070138797
2.7541253646090397e-07,709850253790.4891,173067.45367910192,3214261.838605421
2.7732256327698923e-07,709850253790.4891,173067.33023427404,3170136.342108485
2.792458364125239e-07,709850253790.4891,173067.20593360486,3126616.586474065
2.8118244773269866e-07,709850253790.4891,173067.0807711627,3083694.2563897236
2.831324897398031e-07,709850253790.4891,173066.95474097482,3041361.1506908024
2.8509605557764504e-07,709850253790.4891,173066.8278370271,2999609.1807934553
2.8707323903599825e-07,709850253790.4891,173066.70005326375,2958430.369149229
2.8906413455508153e-07,709850253790.4891,173066.571383587,2917816.8477208647
2.9106883723007055e-07,709850253790.4891,173066.44182185695,2877760.8564789724
2.9308744281564135e-07,709850253790.4891,173066.31136189107,2838254.741919339
2.9512004773054275e-07,709850253790.4891,173066.17999746406,2799290.9556006496
2.971667490622009e-07,709850253790.4891,173066.04772230753,2760862.0527022635
2.9922764457135744e-07,709850253790.4891,173065.91453010959,2722960.690601753
3.013028326967406e-07,709850253790.4891,173065.78041451477,2685579.6274719746
3.033924125597658e-07,709850253790.4891,173065.64536912335,2648711.720897422
3.0549648396926894e-07,709850253790.4891,173065.5093874916,2612349.9265096043
3.07615147426275e-07,709850253790.4891,173065.37246313086,2576487.2966410806
3.097485041287998e-07,709850253790.4891,173065.23458950777,2541116.9789979956
3.118966559766822e-07,709850253790.4891,173065.09576004362,2506232.21535087
3.1405970557645064e-07,709850253790.4891,173064.95596811408,2471826.3402433596
3.162377562462248e-07,709850253790.4891,173064.81520704905,2437892.7797187073
3.184309120206522e-07,709850253790.4891,173064.67347013217,2404425.0500636715
3.206392776558761e-07,709850253790.4891,173064.5307506006,2371416.7565697394
3.2286295863453795e-07,709850253790.4891,173064.3870416447,2338861.592311343
3.2510206117081677e-07,709850253790.4891,173064.24233640754,2306753.3369408133
3.273566922155042e-07,709850253790.4891,173064.09662798487,2275085.8554998687
3.2962695946111134e-07,709850253790.4891,173063.94990942455,2243853.097247467
3.319129713470116e-07,709850253790.4891,173063.80217372626,2213049.0945037347
3.3421483706462146e-07,709850253790.4891,173063.6534138413,2182667.961509742
3.3653266656261754e-07,709850253790.4891,173063.50362267203,2152703.8933029193
3.388665705521867e-07,709850253790.4891,173063.35279307174,2123151.1646079607
3.4121666051231315e-07,709850253790.4891,173063.20091784428,2094004.128742934
3.435830486951042e-07,709850253790.4891,173063.04798974362,2065257.216540389
3.459658481311536e-07,709850253790.4891,173062.8940014735,2036904.9352832648
3.483651726349392e-07,709850253790.4891,173062.73894568716,2008941.867655446
3.5078113681025754e-07,709850253790.4891,173062.5828149871,1981362.6707067206
3.5321385605569965e-07,709850253790.4891,173062.42560192442,1954162.0748319123
3.556634465701643e-07,709850253790.4891,173062.26729899872,1927334.8827640305
3.581300253584068e-07,709850253790.4891,173062.10789865768,1900875.9685812725
3.6061371023662565e-07,709850253790.4891,173061.94739329664,1874780.2767276624
3.6311461983809453e-07,709850253790.4891,173061.78577525835,1849042.821047066
3.656328736188262e-07,709850253790.4891,173061.6230368325,1823658.6838305371
3.6816859186327736e-07,709850253790.4891,173061.45917025537,1798623.0148767284
3.707218956900951e-07,709850253790.4891,173061.29416770957,1773931.0305651757
3.7329290705790395e-07,709850253790.4891,173061.12802132347,1749578.0129423006
3.758817487711295e-07,709850253790.4891,173060.96072317104,1725559.3088199904
3.7848854448586277e-07,709850253790.4891,173060.79226527133,1701870.3288865527
3.8111341871576805e-07,709850253790.4891,173060.62263958817,1678506.5468298423
3.837564968380321e-07,709850253790.4891,173060.45183802966,1655463.4984724282
3.8641790509935084e-07,709850253790.4891,173060.27985244803,1632736.780918665
3.890977706219584e-07,709850253790.4891,173060.10667463893,1610322.0517134576
3.9179622140970036e-07,709850253790.4891,173059.93229634134,1588215.0280125672
3.945133863541496e-07,709850253790.4891,173059.75670923697,1566411.4857642874
3.9724939524076114e-07,709850253790.4891,173059.57990495002,1544907.2589023975
4.0000437875506987e-07,709850253790.4891,173059.4018750466,1523698.2385501773
4.0277846848893416e-07,709850253790.4891,173059.22261103455,1502780.3722353387
4.055717969468231e-07,709850253790.4891,173059.0421043629,1482149.6631157238
4.08384497552144e-07,709850253790.4891,173058.86034642134,1461802.1692156603
4.1121670465361367e-07,709850253790.4891,173058.67732854016,1441734.002672801
4.1406855353167707e-07,709850253790.4891,173058.4930419895,1421941.3289952767
4.169401804049709e-07,709850253790.4891,173058.30747797916,1402420.3663290464
4.1983172243682825e-07,709850253790.4891,173058.12062765798,1383167.3847353281
4.227433177418288e-07,709850253790.4891,173057.93248211363,1364178.7054779488
4.2567510539239703e-07,709850253790.4891,173057.74303237206,1345450.7003204578
4.286272254254472e-07,709850253790.4891,173057.55226939707,1326979.7908328795
4.315998188490705e-07,709850253790.4891,173057.36018408995,1308762.4477080172
4.3459302764926806e-07,709850253790.4891,173057.16676728902,1290795.1900871343
4.376069947967353e-07,709850253790.4891,173056.97200976912,1273074.584894869
4.4064186425369234e-07,709850253790.4891,173056.77590224132,1255597.246183286
4.436977809807585e-07,709850253790.4891,173056.57843535233,1238359.8344849492
4.4677489094387504e-07,709850253790.4891,173056.37959968418,1221359.0561748738
4.498733411212783e-07,709850253790.4891,173056.17938575367,1204591.6628412209
4.529932795105226e-07,709850253790.4891,173055.97778401195,1188054.450664626
4.561348551355472e-07,709850253790.4891,173055.77478484416,1171744.2598060716
4.5929821805379256e-07,709850253790.4891,173055.57037856884,1155657.9738031616
4.624835193633699e-07,709850253790.4891,173055.36455543755,1139792.5189746614
4.6569091121027996e-07,709850253790.4891,173055.1573056343,1124144.8638332149
4.689205467956788e-07,709850253790.4891,173054.94861927527,1108712.0185061423
4.7217258038319317e-07,709850253790.4891,173054.7384864082,1093491.0341641873
4.75447167306291e-07,709850253790.4891,173054.52689701197,1078479.002458088
4.787444639757028e-07,709850253790.4891,173054.31384099607,1063673.0549628828
4.820646278868907e-07,709850253790.4891,173054.09930820015,1049070.3626298616
4.854078176275695e-07,709850253790.4891,173053.88328839367,1034668.1352460425
4.88774192885283e-07,709850253790.4891,173053.66577127518,1020463.6209010469
4.921639144550338e-07,709850253790.4891,173053.44674647192,1006454.1054612983
4.955771442469622e-07,709850253790.4891,173053.22620353947,992636.9120514499
4.990140452940756e-07,709850253790.4891,173053.004131961,979009.4005429408
5.024747817600433e-07,709850253790.4891,173052.780521147,965568.9670495315
5.059595189470332e-07,709850253790.4891,173052.55536043472,952313.0434298055
5.094684233036072e-07,709850253790.4891,173052.3286390875,939239.0967964886
5.130016624326716e-07,709850253790.4891,173052.10034629446,926344.6290324983
5.165594050994867e-07,709850253790.4891,173051.87047116994,913627.1763136273
5.201418212397246e-07,709850253790.4891,173051.63900275296,901084.3086378006
5.237490819675841e-07,709850253790.4891,173051.40593000664,888713.6293607937
5.273813595839668e-07,709850253790.4891,173051.17124181776,876512.7747383041
5.310388275847086e-07,709850253790.4891,173050.9349269963,864479.4134743183
5.347216606688648e-07,709850253790.4891,173050.69697427464,852611.246275684
5.384300347470523e-07,709850253790.4891,173050.45737230737,840906.0054128033
5.421641269498543e-07,709850253790.4891,173050.2161096705,829361.4542863369
5.459241156362833e-07,709850253790.4891,173049.97317486108,817975.3869998622
5.497101804022975e-07,709850253790.4891,173049.72855629647,806745.6279384061
5.53522502089378e-07,709850253790.4891,173049.48224231397,795670.0313527668
5.573612627931684e-07,709850253790.4891,173049.2342211702,784746.4809495265
5.612266458721744e-07,709850253790.4891,173048.98448104053,773972.8894866939
5.651188359565206e-07,709850253790.4891,173048.7330100185,763347.1983749085
5.690380189567665e-07,709850253790.4891,173048.4797961154,752867.3772841215
5.729843820727888e-07,709850253790.4891,173048.22482725934,742531.4237556607
5.769581138027256e-07,709850253790.4891,173047.96809129525,732337.362819623
5.809594039519776e-07,709850253790.4891,173047.70957598372,722283.2466175307
5.849884436422716e-07,709850253790.4891,173047.44926900082,712367.1540301673
5.89045425320792e-07,709850253790.4891,173047.18715793727,702587.1903105099
5.931305427693755e-07,709850253790.4891,173046.92323029807,692941.486721702
5.972439911137645e-07,709850253790.4891,173046.6574735017,683428.2001800062
6.013859668329248e-07,709850253790.4891,173046.38987487968,674045.512902659
6.055566677684333e-07,709850253790.4891,173046.12042167588,664791.6320605469
6.097562931339298e-07,709850253790.4891,173045.84910104595,655664.7894356526
6.139850435246304e-07,709850253790.4891,173045.57590005672,646663.2410832135
6.182431209269064e-07,709850253790.4891,173045.30080568555,637785.2669985166
6.225307287279342e-07,709850253790.4891,173045.0238048197,629029.170788259
6.268480717254135e-07,709850253790.4891,173044.74488425584,620393.2793464178
6.311953561373458e-07,709850253790.4891,173044.46403069925,611875.9425345822
6.355727896118831e-07,709850253790.4891,173044.1812307633,603475.5328666708
6.399805812372478e-07,709850253790.4891,173043.8964709688,595190.4451979687
6.444189415517229e-07,709850253790.4891,173043.6097377433,587019.0964184331
6.488880825537055e-07,709850253790.4891,173043.3210174205,578959.9251502194
6.533882177118305e-07,709850253790.4891,173043.03029623968,571011.3914493573
6.579195619751694e-07,709850253790.4891,173042.73756034486,563171.9765115156
6.624823317835004e-07,709850253790.4891,173042.44279578433,555440.1823818025
6.670767450776432e-07,709850253790.4891,173042.14598850982,547814.5316685628
6.71703021309867e-07,709850253790.4891,173041.847124376,540293.5672611017
6.76361381454375e-07,709850253790.4891,173041.54618913974,532875.8520512728
6.810520480178622e-07,709850253790.4891,173041.24316845942,525559.9686588923
6.857752450501402e-07,709850253790.4891,173040.93804789413,518344.5191609278
6.905311981548369e-07,709850253790.4891,173040.6308129033,511228.1248244061
6.95320134500173e-07,709850253790.4891,173040.32144884582,504209.42584298045
7.001422828298235e-07,709850253790.4891,173040.0099409792,497287.0810771017
7.049978734738258e-07,709850253790.4891,173039.69627445913,490459.76779779635
7.098871383595921e-07,709850253790.4891,173039.38043433873,483726.1814339214
7.14810311022988e-07,709850253790.4891,173039.0624055677,477085.03532290214
7.197676266194854e-07,709850253790.4891,173038.74217299174,470535.06046489737
7.247593219353915e-07,709850253790.4891,173038.4197213518,464075.00528033875
7.297856353991611e-07,709850253790.4891,173038.09503528324,457703.6353707916
7.348468070927891e-07,709850253790.4891,173037.76809931538,451419.7332830976
7.399430787632747e-07,709850253790.4891,173037.4388978705,445222.0982767634
7.450746938341652e-07,709850253790.4891,173037.10741526328,439109.54609454214
7.502418974171866e-07,709850253790.4891,173036.7736356998,433080.9087361561
7.554449363239538e-07,709850253790.4891,173036.43754327722,427135.03423512785
7.606840590777572e-07,709850253790.4891,173036.09912198258,421270.78643867956
7.659595159254297e-07,709850253790.4891,173035.75835569238,415487.04479065497
7.712715588493035e-07,709850253790.4891,173035.4152281716,409782.7041174137
7.766204415792485e-07,709850253790.4891,173035.06972307307,404156.6744166662
7.820064196047889e-07,709850253790.4891,173034.72182393662,398607.8806492119
7.874297501873039e-07,709850253790.4891,173034.37151418833,393135.26253353775
7.92890692372318e-07,709850253790.4891,173034.01877713975,387737.77434323024
7.983895070018783e-07,709850253790.4891,173033.66359598705,382414.38470716635
8.039264567270105e-07,709850253790.4891,173033.30595381034,377164.0764124561
8.095018060202603e-07,709850253790.4891,173032.94583357277,371985.84621008905
8.151158211883304e-07,709850253790.4891,173032.58321811983,366878.7046232421
8.207687703848028e-07,709850253790.4891,173032.21809017842,361841.6757582198
8.264609236229445e-07,709850253790.4891,173031.8504323561,356873.7971179955
8.321925527886016e-07,709850253790.4891,173031.4802271402,351974.11941831163
8.379639316531884e-07,709850253790.4891,173031.10745689712,347141.7064062994
8.437753358867681e-07,709850253790.4891,173030.7321038714,342375.63468158804
8.49627043071217e-07,709850253790.4891,173030.35415018498,337674.99351987516
8.555193327134792e-07,709850253790.4891,173029.9735778362,333038.88469891954
8.614524862589211e-07,709850253790.4891,173029.590368699,328466.4223269165
8.674267871047776e-07,709850253790.4891,173029.20450452215,323956.73267322965
8.734425206136859e-07,709850253790.4891,173028.81596692838,319508.9540014518
8.794999741273119e-07,709850253790.4891,173028.42473741338,315122.2364047565
8.855994369800784e-07,709850253790.4891,173028.0307973451,310795.7416435061
8.917412005129889e-07,709850253790.4891,173027.6341279627,306528.6429850876
8.979255580875403e-07,709850253790.4891,173027.23471037578,302320.12504595285
9.041528050997311e-07,709850253790.4891,173026.8325255635,298169.3836358275
9.10423238994175e-07,709850253790.4891,173026.42755437363,294075.6256040528
9.167371592783118e-07,709850253790.4891,173026.01977752158,290038.0686880371
9.230948675367103e-07,709850253790.4891,173025.60917558966,286055.9413637928
9.294966674454686e-07,709850253790.4891,173025.19572902605,282128.4826985249
9.359428647867243e-07,709850253790.4891,173024.77941814382,278254.94220523763
9.424337674632626e-07,709850253790.4891,173024.36022312017,274434.57969933865
9.48969685513221e-07,709850253790.4891,173023.9381239954,270666.6651572144
9.55550931124893e-07,709850253790.4891,173023.5131006719,266950.47857674834
9.621778186516448e-07,709850253790.4891,173023.08513291337,263285.3098397484
9.68850664626933e-07,709850253790.4891,173022.65420034368,259670.45857626383
9.755697877794215e-07,709850253790.4891,173022.2202824461,256105.23403076796
9.823355090481984e-07,709850253790.4891,173021.78335856216,252588.95493018013
9.89148151598118e-07,709850253790.4891,173021.3434078907,249120.9493536887
9.96008040835231e-07,709850253790.4891,173020.9004094871,245700.55460437157
1.0029155044223233e-06,705736213732.1064,173020.45434226203,243739.7461180606
1.0098708722945706e-06,696057081640.6863,173020.0051849805,243736.05206564988
1.0168744766753024e-06,686510757921.3491,173019.552916261,243732.3325157526
1.0239266520918664e-06,677095419884.2399,173019.09751457445,243728.5872934185
1.0310277353916025e-06,667809269857.3274,173018.63895824304,243724.81622251007
1.038178065757937e-06,658650534842.9889,173018.17722543937,243721.01912569528
1.0453779847265882e-06,649617466179.3102,173017.7122941854,243717.19582443943
1.052627836201875e-06,640708339206.0477,173017.24414235126,243713.34613899706
1.0599279664731395e-06,631921452935.1729,173016.7727476545,243709.46988840387
1.067278724231292e-06,623255129725.9291,173016.2980876587,243705.56689046914
1.07468046058547e-06,614707714964.3507,173015.8201397727,243701.636961767
1.0821335290798053e-06,606277576747.1903,173015.33888124934,243697.67991762873
1.0896382857103061e-06,597963105570.1849,173014.85428918453,243693.6955721342
1.0971950889418661e-06,589762714020.5903,173014.36634051614,243689.683738104
1.1048042997253901e-06,581674836473.9385,173013.87501202273,243685.64422709047
1.1124662815150317e-06,573697928794.9645,173013.38028032277,243681.57684936994
1.1201814002855481e-06,565830468042.6405,173012.88212187335,243677.4814139342
1.1279500245497854e-06,558070952179.2494,173012.380512969,243673.35772848164
1.1357725253762865e-06,550417899783.4496,173011.8754297408,243669.20559940918
1.1436492764070086e-06,542869849767.2922,173011.3668481551,243665.02483180337
1.1515806538751677e-06,535425361097.1172,173010.8547440124,243660.8152294319
1.1595670366232125e-06,528083012518.27655,173010.33909294623,243656.57659473468
1.1676088061209248e-06,520841402283.6334,173009.81987042207,243652.3087288156
1.1757063464836363e-06,513699147885.79803,173009.29705173612,243648.01143143326
1.183860044490571e-06,506654885793.0381,173008.77061201408,243643.68450099215
1.1920702896033232e-06,499707271188.8077,173008.2405262101,243639.32773453376
1.2003374739844675e-06,492854977714.84875,173007.70676910563,243634.940927728
1.2086619925162828e-06,486096697217.83075,173007.16931530804,243630.52387486363
1.2170442428196112e-06,479431139499.4656,173006.62813924966,243626.07636883942
1.2254846252728539e-06,472857032070.0446,173006.0832151864,243621.59820115523
1.2339835430311006e-06,466373119905.3612,173005.53451719665,243617.08916190232
1.242541402045382e-06,459978165206.9749,173004.98201917994,243612.5490397544
1.2511586110820536e-06,453670947165.76855,173004.42569485592,243607.97762195862
1.259835581742327e-06,447450261728.74225,173003.86551776296,243603.37469432552
1.268572728481934e-06,441314921369.0085,173003.3014612568,243598.74004122004
1.277370468630918e-06,435263754858.95355,173002.73349850965,243594.07344555212
1.2862292224135642e-06,429295607046.50977,173002.16160250866,243589.37468876693
1.2951494129684746e-06,423409338634.4946,173001.58574605468,243584.6435508354
1.3041314663687854e-06,417603825962.977,173001.00590176103,243579.87981024454
1.3131758116425137e-06,411877960794.63837,173000.42204205223,243575.08324398755
1.3222828807930443e-06,406230650103.0805,172999.8341391627,243570.25362755446
1.3314531088197693e-06,400660815864.0318,172999.2421651354,243565.39073492188
1.3406869337388718e-06,395167394849.4201,172998.64609182053,243560.49433854324
1.3499847966042414e-06,389749338424.27905,172998.04589087435,243555.5642093391
1.3593471415285378e-06,384405612346.4408,172997.4415337576,243550.6001166867
1.3687744157044036e-06,379135196568.9762,172996.83299173444,243545.60182841006
1.3782670694258465e-06,373937085045.33405,172996.22023587077,243540.5691107699
1.387825556109713e-06,368810285537.18787,172995.60323703327,243535.50172845364
1.397450332317365e-06,363753819424.88916,172994.9819658877,243530.3994445646
1.4071418577764916e-06,358766721520.53204,172994.35639289772,243525.26202061216
1.416900595403061e-06,353848039883.58936,172993.72648832336,243520.08921650104
1.4267270113234271e-06,348996835639.0774,172993.0922222198,243514.88079052136
1.436621574896599e-06,344212182798.21356,172992.45356443583,243509.63649933742
1.446584758736666e-06,339493168081.53357,172991.81048461242,243504.35609797752
1.4566170387353666e-06,334838890744.44336,172991.16295218142,243499.03933982353
1.4667188940848128e-06,330248462405.1655,172990.5109363641,243493.6859765998
1.476890807300385e-06,325721006875.04205,172989.85440616962,243488.2957583624
1.4871332642437857e-06,321255659991.1656,172989.19333039364,243482.8684334887
1.49744675414624e-06,316851569451.31525,172988.52767761686,243477.40374866608
1.507831769631859e-06,312507894651.1562,172987.85741620348,243471.90144888093
1.5182888067411735e-06,308223806523.6708,172987.1825142999,243466.36127740794
1.528818364954837e-06,303998487380.79114,172986.50293983307,243460.78297579897
1.539420947217474e-06,299831130757.21423,172985.8186605089,243455.16628387134
1.5500970599616992e-06,295720941256.35724,172985.12964381103,243449.51093969744
1.5608472131323123e-06,291667134398.4252,172984.43585699913,243443.81667959286
1.5716719202106623e-06,287668936470.5625,172983.73726710735,243438.08323810497
1.5825716982391677e-06,283725584379.0671,172983.03384094284,243432.31034800212
1.5935470678460064e-06,279836325503.63293,172982.32554508417,243426.49774026158
1.6045985532699896e-06,276000417553.5892,172981.61234587978,243420.64514405758
1.6157266823856095e-06,272217128426.11032,172980.89420944647,243414.75228675135
1.6269319867282461e-06,268485736066.3814,172980.17110166769,243408.81889387724
1.6382150015195494e-06,264805528329.6787,172979.44298819194,243402.8446891324
1.6495762656930113e-06,261175802845.34146,172978.70983443139,243396.8293943644
1.6610163219197137e-06,257595866882.6095,172977.97160555996,243390.77272955966
1.6725357166342433e-06,254065037218.30838,172977.22826651196,243384.67441283114
1.684135000060785e-06,250582640006.34897,172976.4797819802,243378.53416040636
1.6958147262394098e-06,247148010649.0155,172975.7261164146,243372.35168661535
1.7075754530525459e-06,243760493670.02014,172974.96723402033,243366.1267038782
1.719417742251619e-06,240419442589.3027,172974.2030987562,243359.8589226936
1.7313421594838773e-06,237124219799.55228,172973.4336743331,243353.54805162514
1.7433492743194165e-06,233874196444.416,172972.65892421204,243347.19379729027
1.7554396602783927e-06,230668752298.38214,172971.87881160268,243340.79586434684
1.767613894858409e-06,227507275648.31506,172971.0932994616,243334.35395548146
1.7798725595620934e-06,224389163176.61673,172970.30235049035,243327.86777139557
1.7922162399248809e-06,221313819845.9868,172969.50592713404,243321.33701079417
1.8046455255429885e-06,218280658785.76685,172968.70399157927,243314.76137037185
1.8171610101015709e-06,215289101179.84662,172967.8965057526,243308.14054480073
1.8297632914030697e-06,212338576156.10928,172967.08343131866,243301.4742267176
1.8424529713957756e-06,209428520677.39157,172966.26472967846,243294.76210670997
1.8552306562025873e-06,206558379433.93927,172965.44036196737,243288.0038733041
1.8680969561499555e-06,203727604737.34406,172964.61028905364,243281.19921295077
1.8810524857970283e-06,200935656415.93393,172963.77447153622,243274.34781001342
1.8940978639650123e-06,198182001711.5989,172962.9328697433,243267.44934675365
1.907233713766739e-06,195466115178.03082,172962.0854437301,243260.5035033183
1.92046066263642e-06,192787478580.3644,172961.23215327732,243253.50995772603
1.9337793423596034e-06,190145580796.19617,172960.37295788896,243246.46838585366
1.9471903891033778e-06,187539917717.95502,172959.5078167908,243239.37846142272
1.960694443446743e-06,184969992156.62024,172958.63668892818,243232.2398559856
1.974292150411202e-06,182435313746.75986,172957.75953296418,243225.05223891194
1.987984159491578e-06,179935398852.86972,172956.87630727785,243217.81527737467
2.001771124687045e-06,177469770476.9986,172955.98696996208,243210.52863633618
2.0156537045323575e-06,175037958167.64343,172955.09147882173,243203.1919785341
2.0296325621292993e-06,172639497929.89594,172954.1897913717,243195.80496446753
2.0437083651783633e-06,170273932136.81876,172953.28186483492,243188.36725238283
2.057881786010652e-06,167940809442.03943,172952.3676561403,243180.87849825906
2.0721535016199845e-06,165639684693.5457,172951.44712192085,243173.33835579405
2.086524193695224e-06,163370118848.66476,172950.52021851164,243165.74647639
2.1009945486528473e-06,161131678890.20685,172949.58690194768,243158.1025091385
2.115565257669739e-06,158923937743.75946,172948.647127962,243150.40610080663
2.130237016716199e-06,156746474196.11987,172947.70085198342,243142.65689582186
2.1450105265891754e-06,154598872814.84723,172946.7480291347,243134.8545362576
2.1598864929457474e-06,152480723868.9163,172945.78861423035,243126.99866181798
2.174865626336839e-06,150391623250.46002,172944.8225617745,243119.08890982383
2.1899486422411507e-06,148331172397.58972,172943.84982595878,243111.12491519641
2.2051362610993256e-06,146298978218.27338,172942.8703606604,243103.10631044384
2.2204292083483686e-06,144294653015.2577,172941.88411943967,243095.03272564456
2.2358282144563076e-06,142317814412.01956,172940.89105553817,243086.90378843338
2.2513340149570743e-06,140368085279.73737,172939.89112187634,243078.71912398498
2.2669473504856284e-06,138445093665.26385,172938.88427105147,243070.4783549995
2.2826689668133427e-06,136548472720.08585,172937.87045533545,243062.1811016866
2.298499614883635e-06,134677860630.25883,172936.8496266724,243053.82698174985
2.314440050847827e-06,132832900547.30594,172935.82173667685,243045.4156103716
2.3304910361012527e-06,131013240520.065,172934.78673663098,243036.9466001964
2.3466533373196346e-06,129218533427.46921,172933.74457748278,243028.41956131603
2.362927726495716e-06,127448436912.25009,172932.69520984354,243019.83410125304
2.3793149809761245e-06,125702613315.55325,172931.63858398574,243011.18982494518
2.3958158834984913e-06,123980729612.45099,172930.5746498406,243002.486334729
2.41243122222885e-06,122282457348.3383,172929.5033569958,242993.7232303239
2.4291617907992917e-06,120607472576.20207,172928.42465469317,242984.90010881564
2.446008388345865e-06,118955455794.75298,172927.33849182646,242976.01656464054
2.4629718195467347e-06,117326091887.40701,172926.2448169388,242967.0721895685
2.480052894660628e-06,115719070062.10245,172925.14357822033,242958.06657268666
2.4972524295655473e-06,114134083791.94257,172924.03472350587,242948.999300383
2.51457124579773e-06,112570830756.65587,172922.91820027263,242939.8699563295
2.532010170590879e-06,111029012784.85887,172921.7939556375,242930.67812146546
2.549570036915685e-06,109508335797.1105,172920.66193635488,242921.42337398027
2.567251683519625e-06,108008509749.74704,172919.52208881406,242912.10528929735
2.585055954967015e-06,106529248579.49112,172918.37435903688,242902.72344005608
2.6029837016793373e-06,105070270148.81989,172917.218692675,242893.27739609545
2.6210357799758754e-06,103631296192.08205,172916.05503500768,242883.7667244362
2.6392130521146243e-06,102212052262.35405,172914.88333093908,242874.19098926423
2.6575163863334653e-06,100812267679.02786,172913.70352499583,242864.54975191285
2.6759466568916232e-06,99431675476.1183,172912.51556132428,242854.8425708449
2.6945047441114556e-06,98070012351.27629,172911.31938368824,242845.06900163597
2.713191534420487e-06,96727018615.50557,172910.1149354661,242835.22859695624
2.7320079203937375e-06,95402438143.56938,172908.90215964828,242825.32090655272
2.7509548007963663e-06,94096018325.07613,172907.6809988348,242815.34547723175
2.770033080626615e-06,92807510016.23645,172906.4513952324,242805.3018528405
2.7892436711590207e-06,91536667492.28435,172905.21329065203,242795.1895742495
2.8085874899879347e-06,90283248400.5508,172903.9666265061,242785.00817933437
2.8280654610713613e-06,89047013714.18051,172902.71134380577,242774.75720295732
2.847678514775101e-06,87827727686.48389,172901.44738315835,242764.4361769491
2.86742758791718e-06,86625157805.91673,172900.1746847644,242754.04463009065
2.8873136238125852e-06,85439074751.67833,172898.89318841515,242743.58208809435
2.907337572318333e-06,84269252349.91711,172897.60283348974,242733.0480735861
2.927500389878849e-06,83115467530.53804,172896.30355895215,242722.4421060855
2.947803039571646e-06,81977500284.60356,172894.99530334875,242711.7637019882
2.968246491153308e-06,80855133622.32005,172893.67800480538,242701.0123745463
2.9888317211058256e-06,79748153531.59865,172892.3516010243,242690.1876338499
3.009559712683249e-06,78656348937.18597,172891.01602928166,242679.2889868076
3.0304314559586415e-06,77579511660.35614,172889.67122642434,242668.31593712798
3.051447947871357e-06,76517436379.157,172888.3171288673,242657.2679852994
3.072610192274672e-06,75469920589.19963,172886.95367259043,242646.1446285719
3.0939191999837483e-06,74436764564.98721,172885.5807931358,242634.94536093657
3.1153759888238988e-06,73417771321.77522,172884.19842560464,242623.66967310684
3.136981583679194e-06,72412746577.95529,172882.80650465426,242612.31705249852
3.158737016541429e-06,71421498717.9543,172881.40496449533,242600.88698321034
3.1806433265594254e-06,70443838755.6426,172879.9937388886,242589.37894600374
3.202701560088658e-06,69479580298.24571,172878.57276114196,242577.79241828347
3.2249127707412192e-06,68528539510.75142,172877.14196410746,242566.1268740773
3.2472780194361565e-06,67590535080.804306,172875.70128017815,242554.3817840158
3.2697983744501623e-06,66665388184.0819,172874.2506412851,242542.55661531267
3.2924749114685862e-06,65752922450.147606,172872.789978894,242530.65083174358
3.3153087136368023e-06,64852963928.77183,172871.31922400248,242518.66389362715
3.338300871611958e-06,63965341056.71484,172869.83830713664,242506.59525780298
3.361452483615084e-06,63089884624.965126,172868.3471583479,242494.44437761215
3.384764655483537e-06,62226427746.42871,172866.8457072099,242482.21070287612
3.408238500723806e-06,61374805824.06201,172865.33388281535,242469.89367987632
3.431875140564712e-06,60534856519.44093,172863.81161377253,242457.49275133232
3.4556757040109786e-06,59706419721.76138,172862.2788282023,242445.00735638238
3.4796413278971457e-06,58889337517.26647,172860.73545373476,242432.43693056138
3.5037731569418543e-06,58083454159.093216,172859.1814175059,242419.78090577974
3.5280723438025395e-06,57288616037.53203,172857.61664615417,242407.03871030264
3.5525400491305e-06,56504671650.69484,172856.04106581752,242394.2097687283
3.577177441626326e-06,55731471575.58622,172854.45460212955,242381.29350196655
3.6019856980957024e-06,54968868439.57204,172852.8571802166,242368.289327218
3.626966003505638e-06,54216716892.23865,172851.24872469387,242355.196657951
3.652119551041078e-06,53474873577.63819,172849.6291596624,242342.01490388156
3.677447542161882e-06,52743197106.91605,172847.99840870543,242328.74347095058
3.702951186660197e-06,52021548031.31378,172846.3563948849,242315.38176130204
3.7286317027182587e-06,51309788815.541885,172844.70304073807,242301.92917326099
3.7544903169665923e-06,50607783811.51786,172843.03826827384,242288.38510131178
3.7805282645425874e-06,49915399232.465805,172841.36199896943,242274.74893607583
3.806746789149472e-06,49232503127.37171,172839.67415376665,242261.02006428866
3.833147143115763e-06,48558965355.78722,172837.97465306835,242247.19786877854
3.859730587455064e-06,47894657562.981476,172836.26341673484,242233.28172844328
3.886498391926275e-06,47239453155.43363,172834.54036408017,242219.27101822768
3.913451835094267e-06,46593227276.66079,172832.8054138687,242205.1651091016
3.940592204390962e-06,45955856783.37808,172831.0584843111,242190.9633680361
3.9679207961768116e-06,45327220221.986534,172829.29949306094,242176.6651579814
3.995438915802707e-06,44707197805.38357,172827.52835721074,242162.26983784363
4.023147877672339e-06,44095671390.09125,172825.74499328842,242147.77676246193
4.051049005305e-06,43492524453.69833,172823.94931725334,242133.185282585
4.0791436313987865e-06,42897642072.612755,172822.1412444926,242118.49474484823
4.107433097894236e-06,42310910900.11941,172820.3206898172,242103.70449175008
4.135918756038443e-06,41732219144.73843,172818.48756745827,242088.81386162905
4.164601966449618e-06,41161456548.88047,172816.64179106295,242073.82218863943
4.193484099182061e-06,40598514367.79582,172814.78327369087,242058.72880272864
4.222566533791585e-06,40043285348.81215,172812.9119278099,242043.5330296128
4.2518506594014264e-06,39495663710.85689,172811.0276652923,242028.23419075305
4.2813378747686154e-06,38955545124.26042,172809.13039741083,242012.8316033323
4.311029588350771e-06,38422826690.83733,172807.2200348347,241997.32458023014
4.340927218373355e-06,37897406924.24096,172805.2964876255,241981.7124299997
4.371032192897434e-06,37379185730.58694,172803.35966523326,241965.9944568431
4.401345949887909e-06,36868064389.34274,172801.4094764923,241950.16996058731
4.431869937282179e-06,36363945534.480225,172799.44582961695,241934.23823665932
4.462605613059289e-06,35866733135.8866,172797.46863219788,241918.1985760628
4.493554445309581e-06,35376332481.03031,172795.47779119748,241902.05026535242
4.524717912304842e-06,34892650156.87828,172793.47321294606,241885.79258660975
4.556097502568893e-06,34415594032.06205,172791.45480313728,241869.4248174186
4.58769471494867e-06,33945073239.28869,172789.42246682418,241852.94623083994
4.6195110586858355e-06,33480998157.992558,172787.37610841484,241836.35609538743
4.6515480534888845e-06,33023280397.225147,172785.3156316681,241819.65367500216
4.683807229605716e-06,32571832778.780434,172783.24093968925,241802.8382290274
4.716290127896708e-06,32126569320.551632,172781.15193492558,241785.90901218384
4.748998299908332e-06,31687405220.116116,172779.0485191622,241768.8652745442
4.781933307947285e-06,31254256838.54541,172776.93059351758,241751.70626150773
4.815096725155092e-06,30827041684.438053,172774.79805843902,241734.4312137753
4.84849013558323e-06,30405678398.171627,172772.6508136983,241717.03936732304
4.882115134268805e-06,29990086736.370304,172770.48875838722,241699.52995337773
4.915973327310766e-06,29580187556.585724,172768.311790913,241681.90219839037
4.9500663319465926e-06,29175902802.188534,172766.11980899377,241664.15532401085
4.9843957766295284e-06,28777155487.46739,172763.91270965408,241646.28854706185
5.018963301106382e-06,28383869682.931843,172761.6903892202,241628.30107951316
5.0537705564958685e-06,27995970500.817135,172759.45274331563,241610.1921284557
5.0888192053674585e-06,27613384080.7883,172757.1996668563,241591.96089607506
5.124110921820766e-06,27236037575.840527,172754.9310540459,241573.60657962557
5.159647391565536e-06,26863859138.39254,172752.6467983714,241555.12837140428
5.195430312002179e-06,26496777906.570942,172750.346792598,241536.5254587242
5.2314613923028324e-06,26134723990.683113,172748.03092876443,241517.79702388824
5.2677423534929615e-06,25777628459.876076,172745.69909817842,241498.94224416258
5.304274928533634e-06,25425423328.977314,172743.35119141146,241479.96029174994
5.341060862404256e-06,25078041545.517296,172740.98709829428,241460.8503337633
5.3781019121859055e-06,24735416976.92991,172738.60670791176,241441.61153219896
5.415399847145278e-06,24397484397.92825,172736.20990859813,241422.24304390984
5.452956448819218e-06,24064179478.05361,172733.79658793187,241402.74402057845
5.490773511099792e-06,23735438769.39585,172731.36663273087,241383.11360869004
5.528852840319953e-06,23411199694.48219,172728.91992904744,241363.3509495058
5.56719625533984e-06,23091400534.33193,172726.45636216304,241343.45517903546
5.605805587633681e-06,22775980416.6751,172723.97581658344,241323.42542801026
5.644682681377249e-06,22464879304.333195,172721.47817603353,241303.2608218558
5.6838293935359244e-06,22158037983.759396,172718.96332345216,241282.96048066448
5.723247593953423e-06,21855398053.735615,172716.43114098703,241262.52351916864
5.762939165441122e-06,21556901914.224854,172713.88150998935,241241.94904671243
5.802906003867979e-06,21262492755.37673,172711.31431100878,241221.2361672253
5.8431500182510605e-06,20972114546.684097,172708.72942378809,241200.38397919314
5.8836731308467465e-06,20685712026.287964,172706.12672725774,241179.39157563166
5.924477277242577e-06,20403230690.4293,172703.5060995308,241158.25804405857
5.965564406449678e-06,20124616783.04595,172700.86741789736,241136.98246646544
6.006936480995832e-06,19849817285.51233,172698.21055881918,241115.56391929017
6.048595477019246e-06,19578779906.519573,172695.53539792437,241094.00147338898
6.090543384362958e-06,19311453072.094666,172692.84181000185,241072.29419400857
6.132782206669868e-06,19047785915.756733,172690.12966899574,241050.4411407583
6.175313961478409e-06,18787728268.808643,172687.39884800004,241028.4413675816
6.218140680318944e-06,18531230650.76132,172684.6492192529,241006.2939227286
6.261264408810823e-06,18278244259.889694,172681.8806541311,240983.99784872722
6.304687206760074e-06,18028720963.918392,172679.09302314435,240961.5521823557
6.3484111482577575e-06,17782613290.835396,172676.28619592972,240938.95595461383
6.392438321779063e-06,17539874419.83142,172673.46004124577,240916.2081906948
6.436770830283092e-06,17300458172.363693,172670.61442696713,240893.30790995696
6.4814107913132796e-06,17064319003.342585,172667.74922007826,240870.2541258953
6.526360337098513e-06,16831411992.439356,172664.86428666802,240847.04584611268
6.571621614655001e-06,16601692835.512733,172661.95949192368,240823.68207229223
6.617196785888858e-06,16375117836.153294,172659.03470012508,240800.1618001679
6.663088027699338e-06,16151643897.34413,172656.08977463865,240776.48401949654
6.709297532082784e-06,15931228513.235998,172653.12457791154,240752.64771402866
6.755827506237363e-06,15713829761.034988,172650.13897146552,240728.65186148032
6.802680172668514e-06,15499406293.001663,172647.13281589118,240704.49543350443
6.8498577692950816e-06,15287917328.560196,172644.1059708415,240680.1773956613
6.897362549556182e-06,15079322646.515781,172641.0582950262,240655.6967073913
6.945196782518866e-06,14873582577.378725,172637.98964620515,240631.05232198417
6.993362752986529e-06,14670657995.793684,172634.89988118262,240606.2431865523
7.041862761608019e-06,14470510313.073305,172631.78885580075,240581.26824200014
7.090699124987494e-06,14273101469.834122,172628.6564249335,240556.1264229963
7.139874175795107e-06,14078393928.733418,172625.5024424802,240530.8166579442
7.189390262878454e-06,13886350667.305668,172622.32676135958,240505.33786895406
7.239249751374736e-06,13696935170.897676,172619.12923350278,240479.68897181223
7.289455022823704e-06,13510111425.700506,172615.90970984768,240453.86887595398
7.34000847528144e-06,13325843911.876934,172612.6680403319,240427.87648443357
7.390912523434931e-06,13144097596.783165,172609.40407388666,240401.71069389605
7.442169598717374e-06,12964837928.28389,172606.11765843004,240375.37039454686
7.493782149424276e-06,12788030828.158978,172602.80864086075,240348.85447012467
7.545752640830478e-06,12613642685.600367,172599.47686705104,240322.1617978705
7.598083555307868e-06,12441640350.798523,172596.12218184065,240295.29124850055
7.650777392443924e-06,12271991128.616982,172592.74442902967,240268.2416861758
7.70383666916113e-06,12104662772.353428,172589.34345137211,240241.01196847344
7.757263919837237e-06,11939623477.58643,172585.919090569,240213.6009463579
7.811061696426275e-06,11776841876.106829,172582.4711872617,240186.00746415218
7.86523256858043e-06,11616287029.932396,172578.99958102504,240158.230359508
7.919779123772802e-06,11457928425.404459,172575.50411036046,240130.26846337755
7.974703967421035e-06,11301735967.365522,172571.98461268903,240102.12059998422
8.030009723011732e-06,11147679973.417032,172568.44092434467,240073.7855867935
8.085699032225728e-06,10995731168.255901,172564.87288056692,240045.26223448434
8.141774555064313e-06,10845860678.088575,172561.28031549416,240016.5493469199
8.198238969976308e-06,10698040025.121822,172557.66306215635,239987.64572111896
8.25509497398598e-06,10552241122.129244,172554.02095246804,239958.5501472265
8.312345282821819e-06,10408436267.092394,172550.35381722107,239929.2614084854
8.369992631046301e-06,10266598137.915245,172546.66148607765,239899.77828120752
8.42803977218653e-06,10126699787.211222,172542.9437875627,239870.09953474416
8.48648947886573e-06,9988714637.16193,172539.20054905702,239840.2239314584
8.545344542935644e-06,9852616474.446444,172535.43159678963,239810.15022669558
8.60460777560992e-06,9718379445.240023,172531.63675583055,239779.87716875479
8.664282007598426e-06,9585978050.281464,172527.81585008345,239749.40349886054
8.724370089242423e-06,9455387140.00834,172523.96870227804,239718.72795113333
8.784874890650675e-06,9326581909.758936,172520.0951339627,239687.8492525622
8.84579930183658e-06,9199538067.74916,172516.19496549683,239656.7616237349
8.90714623285624e-06,9074231458.874826,172512.26801604347,239625.46428222966
8.968918613947426e-06,8950638129.671501,172508.31410356148,239593.9599311485
9.031119395669513e-06,8828734608.58311,172504.3330447979,239562.24726870126
9.093751549044439e-06,8708497745.930262,172500.32465528036,239530.32498582403
9.156818065698656e-06,8589904709.49391,172496.2887493092,239498.1917661511
9.220321958005993e-06,8472932980.159768,172492.2251399497,239465.84628598674
9.284266259231498e-06,8357560347.622505,172488.1336390243,239433.28721427688
9.348654023676365e-06,8243764906.148744,172484.01405710462,239400.51321258178
9.413488326823856e-06,8131525050.398222,172479.86620350357,239367.52293504745
9.478772265486165e-06,8020819471.302432,172475.68988626738,239334.31502837836
9.544508957952301e-06,7911627151.999825,172471.4849121676,239300.8881318093
9.610701544137074e-06,7803927363.826636,172467.2510866929,239267.24087707826
9.677353185731101e-06,7697699662.362795,172462.98821404116,239233.3718883984
9.744467066351797e-06,7592923883.532165,172458.6960971111,239199.27978243076
9.812046391695376e-06,7489580139.756359,172454.37453749427,239164.96316825753
9.88009438969011e-06,7387648816.161047,172450.02333546663,239130.42064735363
9.948614310650357e-06,7287110566.834733,172445.64228998031,239095.6508135608
1.001760942743196e-05,7187946311.138457,172441.23119865532,239060.6522530599
1.0087083035588427e-05,7090137230.066565,172436.78985777116,239025.42354434438
1.0157038453528501e-05,6993664762.656971,172432.3180622582,238989.96325819346
1.0227479022674499e-05,6898510602.451161,172427.81560568942,238954.2699576453
1.0298408107622078e-05,6804656694.002294,172423.28228027176,238918.3421979708
1.0369829096300785e-05,6712085229.43169,172418.71787683762,238882.1785266472
1.0441745400136044e-05,6620778645.032126,172414.1221848361,238845.77748333183
1.0514160454211935e-05,6530719617.918185,172409.49499232447,238809.13759983602
1.0587077717435445e-05,6441891062.722145,172404.83608595928,238772.25740009907
1.0660500672701504e-05,6354276128.33563,172400.14525098779,238735.1354001629
1.0734432827059523e-05,6267858194.695562,172395.42227123902,238697.770108146
1.0808877711880734e-05,6182620869.61463,172390.66692911487,238660.16002421826
1.0883838883027043e-05,6098547985.654839,172385.87900558137,238622.3036405759
1.0959319921020695e-05,6015623597.044398,172381.0582801594,238584.19944141572
1.1035324431215476e-05,5933831976.636484,172376.20453091597,238545.84590291066
1.1111856043968748e-05,5853157612.910152,172371.31753445516,238507.2414931851
1.1188918414815033e-05,5773585207.012,172366.39706590868,238468.3846722902
1.126651522464043e-05,5695099669.838845,172361.44289892705,238429.2738921795
1.1344650179858627e-05,5617686119.16002,172356.45480567036,238389.90759668473
1.1423327012587743e-05,5541329876.779552,172351.43255679877,238350.2842214921
1.1502549480828792e-05,5466016465.736913,172346.37592146336,238310.4021941182
1.158232136864498e-05,5391731607.5465555,172341.28466729692,238270.25993388687
1.1662646486342649e-05,5318461219.474957,172336.1585604042,238229.85585190533
1.1743528670653092e-05,5246191411.855389,172330.99736535273,238189.18835104178
1.1824971784915991e-05,5174908485.439198,172325.8008451632,238148.2558259017
1.190697971926377e-05,5104598928.78376,172320.5687612999,238107.05666280616
1.1989556390807596e-05,5035249415.675949,172315.30087366106,238065.58923976883
1.2072705743824284e-05,4966846802.591315,172309.9969405694,238023.85192647364
1.2156431749944893e-05,4899378126.187758,172304.65671876215,237981.84308425346
1.2240738408344233e-05,4832830600.833961,172299.27996338136,237939.561066068
1.232562974593206e-05,4767191616.171406,172293.86642796424,237897.0042164831
1.241110981754535e-05,4702448734.710086,172288.41586443305,237854.17087164812
1.2497182706141893e-05,4638589689.457152,172282.9280230855,237811.05935927728
1.2583852522995505e-05,4575602381.577969,172277.40265258434,237767.66799862694
1.2671123407892191e-05,4513474878.089493,172271.83949994776,237723.9951004771
1.2758999529328089e-05,4452195409.585065,172266.23831053908,237680.03896711007
1.2847485084708374e-05,4391752367.990662,172260.5988280567,237635.79789229177
1.2936584300547953e-05,4332134304.351696,172254.9207945239,237591.2701612512
1.3026301432673134e-05,4273329926.6504216,172249.20395027866,237546.45405066313
1.3116640766425123e-05,4215328097.653061,172243.4480339632,237501.3478286274
1.320760661686449e-05,4158117832.7867117,172237.65278251396,237455.949754652
1.3299203328977501e-05,4101688298.0451365,172231.81793115087,237410.25807963416
1.3391435277883442e-05,4046028807.9235444,172225.94321336714,237364.2710458426
1.3484306869043805e-05,3991128823.3814583,172220.02836091872,237317.98688690062
1.3577822538472501e-05,3936977949.833796,172214.07310381366,237271.4038277685
1.3671986752947969e-05,3883565935.169245,172208.07717030167,237224.52008472726
1.3766804010226308e-05,3830882667.7961073,172202.04028686328,237177.33386536178
1.3862278839256332e-05,3778918174.714691,172195.9621781992,237129.84336854523
1.395841580039568e-05,3727662619.616409,172189.84256721975,237082.04678442338
1.4055219485628857e-05,3677106301.00871,172183.6811750337,237033.9422943992
1.4152694518786348e-05,3627239650.3659873,172177.47772093775,236985.52807111843
1.4250845555765707e-05,3578053230.3056226,172171.23192240528,236936.80227845444
1.4349677284753708e-05,3529537732.7892857,172164.94349507563,236887.76307149508
1.4449194426450517e-05,3481683977.348686,172158.612152743,236838.40859652864
1.4549401734294938e-05,3434482909.33591,172152.23760734525,236788.7369910304
1.4650303994691694e-05,3387925598.197526,172145.819568953,236738.74638365043
1.4751906027239819e-05,3342003235.7726016,172139.3577457582,236688.4348942008
1.48542126849631e-05,3296707134.6138525,172132.85184406297,236637.80063364402
1.4957228854541645e-05,3252028726.33205,172126.30156826842,236586.84170408163
1.5060959456545534e-05,3207959559.9629264,172119.706620863,236535.55619874262
1.5165409445669607e-05,3164491300.3567023,172113.06670241148,236483.94220197396
1.5270583810970376e-05,3121615726.589502,172106.3815115432,236431.99778922982
1.5376487576104074e-05,3079324730.3967786,172099.65074494065,236379.72102706207
1.5483125799566857e-05,3037610314.628024,172092.8740973278,236327.1099731114
1.559050357493618e-05,2996464591.7228823,172086.0512614587,236274.1626760992
1.569862603111434e-05,2955879782.2079864,172079.1819281056,236220.87717581852
1.5807498332573208e-05,2915848213.214599,172072.26578604724,236167.25150312754
1.5917125679601156e-05,2876362317.016421,172065.30252205709,236113.2836799416
1.6027513308551203e-05,2837414629.587628,172058.29182089158,236058.97171922796
1.6138666492091386e-05,2798997789.1805263,172051.23336527802,236004.31362499876
1.6250590539456337e-05,2761104534.922905,172044.1268359028,235949.30739230593
1.6363290796701158e-05,2723727705.4344397,172036.97191139933,235893.95100723696
1.64767726469565e-05,2686860237.462278,172029.76826833593,235838.24244690966
1.6591041510685962e-05,2650495164.5351505,172022.5155812037,235782.17967946935
1.6706102845944725e-05,2614625615.636146,172015.2135224046,235725.7606640854
1.682196214864053e-05,2579244813.8935003,172007.8617622387,235668.9833509487
1.6938624952795907e-05,2544346075.2895417,172000.45996889248,235611.84568126992
1.705609683081281e-05,2509922807.3871617,171993.00780842602,235554.3455872778
1.7174383393738474e-05,2475968508.0739417,171985.50494476082,235496.48099221938
1.729349029153369e-05,2442476764.3233523,171977.95103966747,235438.24981035912
1.7413423213342566e-05,2409441250.9730487,171970.34575275282,235379.6499469796
1.753418788776416e-05,2376855729.5199275,171962.68874144764,235320.67929838347
1.7655790083126354e-05,2344714046.931629,171954.97966099397,235261.33575189434
1.777823560776111e-05,2313010134.4744697,171947.2181644325,235201.6171858607
1.7901530310282165e-05,2281738006.557333,171939.4039025896,235141.52146965743
1.8025680079864115e-05,2250891759.591546,171931.53652406493,235081.04646369154
1.8150690846524014e-05,2220465570.866264,171923.6156752182,235020.19001940556
1.8276568581404306e-05,2190453697.4394317,171915.6410001566,234958.94997928353
1.8403319297058347e-05,2160850475.043812,171907.61214072167,234897.3241768568
1.8530949047737293e-05,2131650317.0081687,171899.52873647635,234835.31043671115
1.865946392967958e-05,2102847713.1931138,171891.39042469193,234772.90657449374
1.8788870081401808e-05,2074437228.9416878,171883.19684033497,234710.11039692204
1.8919173683992264e-05,2046413504.0442011,171874.947616054,234646.9197017923
1.905038096140583e-05,2018771251.7174242,171866.64238216655,234583.3322779901
1.9182498180761607e-05,1991505257.5976324,171858.2807666456,234519.34590550014
1.931553165264194e-05,1964610378.7476146,171849.8623951065,234454.95835541817
1.944948773139414e-05,1938081542.6771662,171841.38689079334,234390.16738996268
1.9584372815433728e-05,1911913746.3771486,171832.85387456577,234324.97076248846
1.9720193347550323e-05,1886102055.3666797,171824.26296488533,234259.3662175001
1.9856955815215093e-05,1860641602.7535212,171815.613777802,234193.35149066645
1.9994666750890954e-05,1835527588.307225,171806.90592694053,234126.92430883643
2.013333273234424e-05,1810755277.5451343,171798.13902348682,234060.08239005518
2.027296038295925e-05,1786320000.830785,171789.3126761743,233992.82344358132
2.041355637205426e-05,1762217152.4848115,171780.42649127002,233925.14516990492
2.0555127415200433e-05,1738442189.9079223,171771.48007256098,233857.0452607664
2.0697680274542242e-05,1714990632.7160296,171762.4730213402,233788.5213991767
2.084122175912081e-05,1691858061.8871272,171753.4049363928,233719.5712594377
2.098575872519879e-05,1669040118.9199898,171744.275413982,233650.19250716385
2.113129807658822e-05,1646532505.0042946,171735.08404783523,233580.3827993051
2.1277846764979914e-05,1624330980.2022488,171725.83042912997,233510.13978417008
2.142541179027587e-05,1602431362.6413264,171716.51414647957,233439.4611014509
2.1574000200923276e-05,1580829527.7181942,171707.13478591916,233368.34438224827
2.172361909425152e-05,1559521407.3134494,171697.6919308914,233296.787249098
2.1874275616810842e-05,1538502989.0172353,171688.18516223223,233224.78731599863
2.2025976964714053e-05,1517770315.3653796,171678.6140581565,233152.34218843977
2.2178730383979893e-05,1497319483.0861096,171668.97819424357,233079.44946343135
2.2332543170879493e-05,1477146642.3570106,171659.27714342295,233006.10672953367
2.2487422672284532e-05,1457247996.0722606,171649.51047595972,232932.31156688998
2.2643376286018515e-05,1437619799.1198382,171639.67775944015,232858.06154725788
2.2800411461209765e-05,1418258357.66873,171629.77855875687,232783.35423404325
2.2958535698647604e-05,1399160028.4658267,171619.81243609465,232708.18718233518
2.3117756551140256e-05,1380321218.1425567,171609.77895091524,232632.55793894106
2.327808162387597e-05,1361738382.5309424,171599.6776599429,232556.46404242382
2.3439518574785923e-05,1343408025.9891236,171589.50811714976,232479.90302313978
2.3602075114910374e-05,1325326700.736052,171579.2698737406,232402.87240327735
2.376575900876659e-05,1307491006.195396,171568.96247813833,232325.36969689737
2.3930578074720067e-05,1289897588.3483636,171558.58547596898,232247.3924099745
2.409654018535783e-05,1272543139.095461,171548.13841004658,232168.9380404392
2.426365326786431e-05,1255424395.627003,171537.62082035837,232090.00407822191
2.443192530440034e-05,1238538139.8022106,171527.0322440495,232010.58800529697
2.460136433248402e-05,1221881197.5368972,171516.37221540825,231930.68729572944
2.477197844537504e-05,1205450438.1994798,171505.64026585052,231850.29941572153
2.4943775792460832e-05,1189242774.0153525,171494.83592390481,231769.42182366113
2.5116764579646257e-05,1173255159.4793513,171483.95871519702,231688.05197017125
2.5290953069745127e-05,1157484590.776356,171473.0081624351,231606.1872981616
2.5466349582875312e-05,1141928105.2097673,171461.98378539362,231523.82524287916
2.5642962496855714e-05,1126582780.6378956,171450.88510089865,231440.96323196273
2.582080024760687e-05,1111445734.9180071,171439.7116228121,231357.59868549684
2.5999871329553464e-05,1096514125.3580694,171428.4628620163,231273.7290160678
2.6180184296030493e-05,1081785148.1759508,171417.13832639868,231189.3516288203
2.6361747759691386e-05,1067256037.9660972,171405.73752083603,231104.46392151705
2.654457039291981e-05,1052924067.1734699,171394.25994717894,231019.06328459704
2.672866092824349e-05,1038786545.5747546,171382.70510423626,230933.1471012376
2.6914028158751742e-05,1024840819.7666274,171371.07248775935,230846.71274741663
2.7100680938515045e-05,1011084272.6611061,171359.3615904265,230759.7575919759
2.7288628183008392e-05,997514322.9877515,171347.571901827,230672.27899668695
2.747787886953669e-05,984128424.8027729,171335.70290844547,230584.2743163166
2.766844203766402e-05,970924067.004792,171323.75409364607,230495.74089869592
2.786032678964495e-05,957898772.8573202,171311.72493765663,230406.67608478878
2.8053542290859764e-05,945050099.5177183,171299.61491755262,230317.07720876267
2.824809777025179e-05,932375637.5726824,171287.42350724136,230226.94159806112
2.8444002520768673e-05,919873010.580039,171275.1501774461,230136.266573477
2.8641265899805804e-05,907539874.6168842,171262.7943956899,230045.04944922778
2.8839897329653734e-05,895373917.8338643,171250.35562627963,229953.28753303143
2.9039906297947755e-05,883372860.0156243,171237.83333028987,229860.97812618533
2.924130235812156e-05,871534452.1472336,171225.2269655469,229768.11852364457
2.9444095129863085e-05,859856475.9866085,171212.53598661258,229674.70601410387
2.964829429957446e-05,848336743.6427491,171199.75984476804,229580.73788007963
2.9853909620834225e-05,836973097.1598136,171186.8979879976,229486.21139799367
3.0060950914863666e-05,825763408.1068447,171173.9498609726,229391.1238382589
3.026942807099546e-05,814705577.1731734,171160.914905035,229295.4724653665
3.0479351047146512e-05,803797533.7693236,171147.7925581812,229199.25453797446
3.0690729870293116e-05,793037235.6334404,171134.5822550457,229102.4673089973
3.090357463695038e-05,782422668.4430654,171121.28342688485,229005.1080256983
3.1117895513653995e-05,771951845.4322864,171107.89550156036,228907.17392978288
3.1333702737446345e-05,761622807.01409,171094.41790352302,228808.6622574931
3.155100661636496e-05,751433620.407943,171080.8500537962,228709.5702397041
3.1769817529935384e-05,741382379.2724304,171067.19136995956,228609.8951020231
3.199014592966647e-05,731467203.342983,171053.44126613246,228509.6340648881
3.221200233955011e-05,721686238.0745232,171039.59915295758,228408.78434366998
3.243539735656335e-05,712037654.2890625,171025.6644375844,228307.34314877552
3.266034165117512e-05,702519647.8280815,171011.63652365262,228205.30768575185
3.288684596785537e-05,693130439.209728,170997.5148112758,228102.67515539314
3.311492112558881e-05,683868273.290666,170983.29869702455,227999.4427538486
3.334457801839116e-05,674731418.9326117,170968.98757391036,227895.60767273227
3.357582761582993e-05,665718168.6733989,170954.58083136857,227791.16709923465
3.380868096354823e-05,656826838.4025841,170940.0778552421,227686.1182162355
3.4043149183792136e-05,648055767.0414984,170925.47802776477,227580.45820241972
3.427924347594243e-05,639403316.2276633,170910.78072754457,227474.1842323929
3.4516975117048976e-05,630867870.0035727,170895.98532954714,227367.29347680064
3.475635546236993e-05,622447834.5097015,170881.0912050792,227259.7831024482
3.499739594591358e-05,614141637.6817642,170866.09772177174,227151.65027242296
3.524010808098503e-05,605947728.9520878,170851.00424356345,227042.8921462176
3.548450346073557e-05,597864578.9551162,170835.81013068408,226933.50587985606
3.5730593758717044e-05,589890679.2369167,170820.51473963776,226823.48862602073
3.597839072943877e-05,582024541.9687083,170805.11742318628,226712.83753418154
3.622790620892965e-05,574264699.6642796,170789.61753033253,226601.54975072673
3.647915211530291e-05,566609704.9013199,170774.01440630373,226489.62241909615
3.673214044932595e-05,559058130.0465356,170758.30739253477,226377.052679915
3.698688329499297e-05,551608566.9845712,170742.49582665163,226263.83767113124
3.7243392820102776e-05,544259626.8506126,170726.57904245463,226149.97452815296
3.750168127683936e-05,537009939.7666926,170710.55636990178,226035.46038398915
3.776176100235772e-05,529858154.5815776,170694.4271350921,225920.29236939125
3.8023644419372565e-05,522802938.614255,170678.19066024906,225804.4676129973
3.828734403675227e-05,515842977.40090495,170661.8462637039,225687.98324147757
3.855287245011576e-05,508976974.4453747,170645.3932598789,225570.83637968218
3.882024234243477e-05,502203650.97304195,170628.8309592709,225453.02415079033
3.9089466484639014e-05,495521745.68808556,170612.15866843463,225334.54367646234
3.936055773622678e-05,488930014.53405344,170595.37568996614,225215.39207699237
3.9633529045878617e-05,482427230.45774317,170578.4813224862,225095.56647146394
3.990839345207638e-05,476012183.1762921,170561.47486062368,224975.06397790686
4.0185164083725416e-05,469683678.94748944,170544.3555949992,224853.88171345645
4.0463854160782315e-05,463440540.3432083,170527.1228122084,224732.01679451446
4.074447699488569e-05,457281606.0259747,170509.77579480564,224609.46633691227
4.1027045989992676e-05,451205730.5285702,170492.31382128724,224486.22745607496
4.131157464301851e-05,445211784.0366858,170474.73616607542,224362.29726718913
4.159807654448188e-05,439298652.17452776,170457.04209950156,224237.67288537073
4.188656537915338e-05,433465235.79338986,170439.23088779,224112.3514258368
4.2177054926709875e-05,427710450.76309896,170421.30179304155,223986.3300040768
4.2469559062392e-05,422033227.7663455,170403.25407321722,223859.6057360284
4.2764091757667564e-05,416432512.09580827,170385.08698212204,223732.1757382536
4.3060667080898256e-05,410907263.45408684,170366.79976938854,223604.037128117
4.335929919801227e-05,405456455.7563507,170348.39168046083,223475.18702396692
4.366000237318028e-05,400079076.9357204,170329.86195657827,223345.62254531757
4.3962790969497436e-05,394774128.7512919,170311.2098347593,223215.34081303325
4.426767944966875e-05,389540626.598817,170292.4345477855,223084.3389495156
4.4574682376700586e-05,384377599.323956,170273.53532418527,222952.61407889085
4.4883814414595554e-05,379284089.03811395,170254.5113882183,222820.16332720165
4.5195090329053675e-05,374259150.93677866,170235.36195985912,222686.98382259812
4.550852498817691e-05,369301853.1203726,170216.0862547816,222553.07269553316
4.582413336318009e-05,364411276.41753715,170196.6834843428,222418.42707895825
4.614193052910528e-05,359586514.21086365,170177.1528555675,222283.0441085222
4.646193166554255e-05,354826672.26498985,170157.4935711322,222146.92092277104
4.678415205735433e-05,350130868.5570759,170137.70482934962,222010.05466335092
4.71086070954061e-05,345498233.1095844,170117.78582415314,221872.44247521163
4.7435312277301296e-05,340927907.82536477,170097.7357450811,221734.08150681359
4.776428320812124e-05,336419046.32500046,170077.5537772615,221594.9689103357
4.809553560117119e-05,331970813.7863715,170057.2391013965,221455.1018418856
4.8429085278730116e-05,327582386.7864365,170036.79089374715,221314.4774617119
4.8764948172807246e-05,323252953.1451625,170016.2083261182,221173.09293441864
4.910314032590226e-05,318981711.77161574,169995.49056584283,221030.9454291809
4.944367789177233e-05,314767872.5121413,169974.63677576758,220888.03211996306
4.9786577136202965e-05,310610656.0006435,169953.6461142374,220744.35018573943
5.0131854437785687e-05,306509293.51090056,169932.51773508074,220599.8968107154
5.047952628869959e-05,302463026.81092167,169911.25078759465,220454.66918455207
5.082960929549987e-05,298471108.0192821,169889.84441653,220308.66450259153
5.1182120179910266e-05,294532799.46344584,169868.297762077,220161.87996608572
5.153707577962253e-05,290647373.54001313,169846.60995985055,220014.31278242523
5.189449304909992e-05,286814112.5769005,169824.7801408757,219865.9601653714
5.2254389060387814e-05,283032308.69739234,169802.80743157343,219716.81933529009
5.2616781003928344e-05,279301263.6860744,169780.6909537464,219566.8875193872
5.298168618938233e-05,275620288.8565863,169758.4298245646,219416.1619519459
5.334912204645524e-05,271988704.92120546,169736.02315655164,219264.63987456632
5.371910612573055e-05,268405841.86220008,169713.4700575705,219112.3185364063
5.4091656099507224e-05,264871038.80496317,169690.76963080995,218959.19519442535
5.446678976264466e-05,261383643.8928689,169667.9209747708,218805.26711362874
5.484452503341182e-05,257943014.16386038,169644.92318325234,218650.53156731508
5.522487995434396e-05,254548515.42871234,169621.77534533868,218494.98583732426
5.560787269310356e-05,251199522.15097907,169598.47654538584,218338.6272142891
5.599352154334895e-05,247895417.3285721,169575.0258630082,218181.45299788663
5.6381844925607284e-05,244635592.3769758,169551.4223730657,218023.46049709295
5.677286138815525e-05,241419447.0140483,169527.66514565068,217864.64703043897
5.71665896079041e-05,238246389.14641747,169503.75324607527,217705.00992626825
5.756304839129275e-05,235115834.75741747,169479.6857348587,217544.5465229966
5.796225667518505e-05,232027207.7965775,169455.4616677149,217383.25416937305
5.836423352777531e-05,228979940.07060868,169431.08009553986,217221.13022474345
5.876899814949811e-05,225973471.13590077,169406.54006439992,217058.1720593154
5.917656987394637e-05,223007248.19247806,169381.84061551926,216894.37705442365
5.9586968168793876e-05,220080725.97942132,169356.9807852683,216729.74260279947
6.00002126367261e-05,217193366.67171025,169331.9596051519,216564.26610883995
6.0416323016375555e-05,214344639.77849263,169306.77610179788,216397.94498888013
6.083531918326559e-05,211534022.0427351,169281.42929694557,216230.7766714652
6.125722115075877e-05,208760997.34226045,169255.91820743465,216062.75859762655
6.168204907101381e-05,206025056.5921304,169230.24184519408,215893.88822115716
6.210982323594712e-05,203325697.6483773,169204.3992172313,215724.16300889038
6.254056407820303e-05,200662425.21304294,169178.38932562154,215553.5804409791
6.297429217212887e-05,198034750.74053097,169152.21116749741,215382.1380111772
6.341102823475856e-05,195442192.34523043,169125.86373503855,215209.833227122
6.385079312680123e-05,192884274.71041742,169099.34601546158,215036.66361061865
6.429360785363867e-05,190360528.99839237,169072.65699101015,214862.62669792573
6.473949356632754e-05,187870492.76186153,169045.7956389454,214687.7200400424
6.518847156261079e-05,185413709.85652003,169018.76093153626,214511.94120299688
6.564056328793381e-05,182989730.35484514,168991.55183605052,214335.2877681368
6.609579033646975e-05,180598110.46105954,168964.16731474546,214157.75733242018
6.655417445215059e-05,178238412.427267,168936.60632485908,213979.34750870825
6.701573752970523e-05,175910204.47073704,168908.86781860175,213800.05592606007
6.748050161570637e-05,173613060.6923163,168880.95074314752,213619.88023002702
6.794848890962239e-05,171346560.99596745,168852.85404062612,213438.81808295046
6.841972176487883e-05,169110291.00940043,168824.576648115,213256.86716425893
6.889422268992501e-05,166903842.0058012,168796.11749763179,213074.02517076797
6.937201434931022e-05,164726810.82662287,168767.47551612672,212890.28981697984
6.985311956476523e-05,162578799.80544427,168738.64962547543,212705.65883538584
7.033756131629346e-05,160459416.69286236,168709.63874247222,212520.12997676834
7.082536274326747e-05,158368274.5824232,168680.44177882324,212333.701010505
7.131654714553543e-05,156304991.83755755,168651.05764114013,212146.36972487366
7.181113798453276e-05,154269192.019528,168621.4852309339,211958.13392735814
7.230915888440406e-05,152260503.8163525,168591.72344460897,211768.9914449552
7.281063363313029e-05,150278560.97271204,168561.7711734578,211578.94012448294
7.331558618366614e-05,148323002.22080874,168531.6273036553,211387.97783288904
7.382404065508302e-05,146393471.21218047,168501.29071625398,211196.10245756124
7.43360213337223e-05,144489616.45044014,168470.76028717926,211003.31190663748
7.485155267435412e-05,142611091.22494584,168440.03488722487,210809.6041093182
7.537065930134665e-05,140757553.54537064,168409.11338204876,210614.97701617776
7.589336600984114e-05,138928666.07717684,168377.99463216934,210419.4285994786
7.641969776693744e-05,137124096.07796627,168346.677492962,210222.95685348444
7.694967971288529e-05,135343515.33471063,168315.16081465562,210025.55979477536
7.748333716228644e-05,133586600.10183287,168283.4434423299,209827.23546256256
7.802069560530253e-05,131853031.04014578,168251.52421591294,209627.98191900505
7.856178070887389e-05,130142493.15661809,168219.4019701785,209427.79724952503
7.910661831794425e-05,128454675.74497384,168187.07553474465,209226.6795631262
7.965523445669648e-05,126789272.32709774,168154.5437340718,209024.6269927102
8.020765532979442e-05,125145980.5952504,168121.80538746173,208821.6376953955
8.076390732363576e-05,123524502.35506758,168088.85930905648,208617.70985283508
8.132401700761112e-05,121924543.4693479,168055.70430783817,208412.84167153607
8.188801113537447e-05,120345813.80260243,168022.3391876284,208207.03138317793
8.245591664611965e-05,118788027.1663716,167988.76274708874,208000.2772449329
8.302776066586849e-05,117250901.26528358,167954.97377972145,207792.57753978518
8.360357050876514e-05,115734157.64385837,167920.97107387002,207583.93057685104
8.418337367838205e-05,114237521.63403381,167886.75341272078,207374.33469169858
8.476719786903235e-05,112760722.30341668,167852.31957430462,207163.78824666876
8.535507096709407e-05,111303492.40423587,167817.668331499,206952.28963119458
8.594702105234067e-05,109865568.32300152,167782.79845203052,206739.8372621224
8.65430763992837e-05,108446690.03084655,167747.70869847783,206526.42958403178
8.714326547852198e-05,107046601.03455496,167712.397828275,206312.06506955586
8.774761695810284e-05,105665048.32825433,167676.86459371506,206096.74221970112
8.835615970489007e-05,104301782.34577602,167641.10774195456,205880.4595641681
8.896892278594414e-05,102956556.91366152,167605.12601501768,205663.21566167034
8.958593546990924e-05,101629129.20481853,167568.9181498017,205445.00910025468
9.020722722841257e-05,100319259.69280551,167532.4828780821,205225.83849761967
9.083282773747084e-05,99026712.106748,167495.8189265187,205005.70250143507
9.146276687890894e-05,97751253.38686669,167458.92501666184,204784.59978965978
9.209707474178603e-05,96492653.64061987,167421.79986495938,204562.5290708602
9.273578162383384e-05,95250686.0994412,167384.44218276377,204339.4890845275
9.337891803290339e-05,94025127.0760734,167346.85067634002,204115.4786013944
9.402651468842161e-05,92815755.9224858,167309.0240468737,203890.49642375173
9.467860252286e-05,91622354.98836489,167270.9609904797,203664.5413857638
9.533521268321054e-05,90444709.58017832,167232.6601982115,203437.6123537833
9.5996376532475e-05,89282607.92079352,167194.12035607075,203209.70822666574
9.666212565116145e-05,88135841.10965511,167155.34014501746,202980.82793608218
9.733249183879426e-05,87004203.08350159,167116.31824098076,202750.97044683216
9.800750711543142e-05,85887490.57762556,167077.0533148699,202520.13475715474
9.868720372319558e-05,84785503.08765873,167037.54403258616,202288.3198990391
9.937161412781247e-05,83698042.8318854,166997.78905503498,202055.52493853442
0.00010006077102016331,82624914.71406662,166957.7870381387,201821.74897605716
0.00010075470731784454,81565926.2867785,166917.53663284998,201586.99114669938
0.00010145345616674193,80520887.71524692,166877.0364851654,201351.25062053365
0.00010215705094261196,79489611.7416829,166836.28523614022,201114.52660291878
0.00010286552525267786,78471913.65010066,166795.28152190283,200876.81833480162
0.00010357891293723304,77467611.2316223,166754.02397367082,200638.12509302085
0.00010429724807125922,76476524.7502527,166712.51121776662,200398.44619060593
0.00010502056496605237,75498476.9091273,166670.74187563427,200157.78097707708
0.00010574889817086318,74533292.81721762,166628.71456385677,199916.128838742
0.00010648228247454571,73580799.9564966,166586.4278941738,199673.4891989924
0.00010722075290722073,72640828.14954914,166543.88047350015,199429.86151859723
0.00010796434474194725,71713209.52763012,166501.07090394472,199185.2452959961
0.00010871309349640901,70797778.4991556,166457.99778283024,198939.64006758877
0.00010946703493460931,69894371.71862882,166414.6597027134,198693.0454080252
0.00011022620506858101,69002828.05598809,166371.05525140578,198445.46093049113
0.00011099064016010485,68122988.56637782,166327.1830119953,198196.88628699337
0.00011176037672244332,67254696.4603289,166283.04156286843,197947.32116864313
0.00011253545152208289,66397797.07435193,166238.62947773284,197696.76530593607
0.00011331590158049197,65552137.841928095,166193.94532564093,197445.21846903098
0.00011410176417588746,64717568.26490137,166148.9876710139,197192.6804680269
0.00011489307684501712,63893939.88525833,166103.75507366637,196939.15115323567
0.00011568987738495071,63081106.25729755,166058.2460888319,196684.63041545555
0.00011649220385488723,62278922.92017642,166012.45926718906,196429.11818623912
0.0001173000945779709,61487247.37083723,165966.39315488818,196172.614438161
0.00011811358814312361,60705939.03729979,165920.04629357875,195915.1191850817
0.00011893272340688617,59934859.252323456,165873.4172204377,195656.63248241023
0.00011975753949527625,59173871.22742558,165826.50446819814,195397.15442736246
0.00012058807580565528,58422840.027259134,165779.306565179,195136.68515921847
0.00012142437200861222,57681632.544337526,165731.82203531518,194875.2248595751
0.00012226646804985647,56950117.47410821,165684.04939818886,194612.77375259862
0.00012311440415212782,56228165.29036438,165635.98716906086,194349.33210527129
0.0001239682208171158,55515648.220996104,165587.63385890334,194084.9002276373
0.00012482795882739608,54812440.22407005,165538.98797443302,193819.4784730446
0.00012569365924837658,54118416.964239456,165490.04801814514,193553.06723838462
0.00012656536343026096,53433455.78947383,165440.81248834805,193285.66696432736
0.00012744311301002162,52757435.70810998,165391.27987919888,193017.27813555504
0.0001283269499133906,52090237.36621389,165341.4486807398,192747.9012809914
0.00012921691635686005,51431743.02525533,165291.31737893488,192477.53697402804
0.00013011305484970053,50781836.540084966,165240.88445570826,192206.18583274758
0.00013101540819599077,50140403.337214485,165190.14838898237,191933.84852014296
0.00013192401949666126,49507330.39339401,165139.10765271774,191660.52574433433
0.00013283893215155498,48882506.21448046,165087.76071695294,191386.21825878051
0.0001337601898614981,48265820.814597756,165036.1060478458,191110.9268624894
0.0001346878366303897,47657165.69557906,164984.14210771516,190834.6524002224
0.00013562191676730123,47056433.82669324,164931.8673550837,190557.39576269675
0.00013656247488859534,46463519.62464542,164879.2802447213,190279.15788678318
0.00013750955592005453,45878318.93385421,164826.3792276896,189999.93975570088
0.00013846320509902952,45300729.0069955,164773.16275138708,189719.7423992068
0.00013942346797659756,44730648.485815406,164719.629259595,189438.56689378302
0.00014039039041974057,44167977.382202595,164665.77719252475,189156.4143628189
0.0001413640186135336,43612617.05952225,164611.60498686516,188873.28597678992
0.00014234439906335322,43064470.21420258,164557.11107583143,188589.18295343156
0.00014333157859709657,42523440.85757577,164502.29388921472,188304.10655791042
0.00014432560436742034,41989434.29796453,164447.15185343235,188018.05810298942
0.0001453265238539907,41462357.12301621,164391.68339157943,187731.03894919105
0.00014633438486575355,40942117.18227593,164335.88692348072,187443.0505049535
0.00014734923554321575,40428623.57000036,164279.76086574417,187154.09422678576
0.0001483711243607469,39921786.60820414,164223.30363181463,186864.17161941476
0.00014940010012889237,39421517.82994041,164166.51363202892,186573.28423593147
0.0001504362119967071,38927729.962807484,164109.38927367187,186281.43367793018
0.00015147950945410075,38440336.912683524,164051.92896103286,185988.62159564442
0.00015253004233420418,37959253.74768103,163994.13109546376,185694.84968807758
0.00015358786081574708,37484396.68232308,163935.9940754377,185400.11970313004
0.0001546530154254574,37015683.06193362,163877.51629660832,185104.43343771982
0.00015572555704047208,36553031.34724331,163818.6961518709,184807.79273790072
0.00015680553689076997,36096361.0992035,163759.5320314236,184510.19949897396
0.00015789300656161604,35645592.96401022,163700.02232283002,184211.65566559593
0.00015898801799602805,35200648.65833041,163640.1654110827,183912.1632318804
0.000160090623497255,34761450.95473233,163579.9596786678,183611.72424149737
0.000161200875731278,34327923.667313054,163519.40350563018,183310.34078776438
0.00016231882772932323,33899991.637524344,163458.49526964026,183008.01501373592
0.0001634445328903976,33477580.72019024,163397.23334606114,182704.74911228527
0.00016457804498383677,33060617.769717794,163335.61610801733,182400.54532618303
0.00016571941815187604,32649030.62649418,163273.6419264639,182095.40594816924
0.00016686870691223378,32242748.103471704,163211.30917025727,181789.333321022
0.0001680259661607182,31841699.972934168,163148.61620622638,181482.32983761877
0.00016919125117384674,31445816.953445993,163085.56139924543,181174.397940995
0.00017036461761148905,31055030.696977776,163022.14311230727,180865.54012439496
0.00017154612151952284,30669273.776209626,162958.35970659807,180555.75893131972
0.00017273581933251373,30288479.67200612,162894.20954157278,180245.05695556797
0.000173933767876408,29912582.761064246,162829.69097503187,179933.4368412727
0.00017514002437124968,29541518.303728297,162764.802363199,179620.9012829316
0.00017635464643391094,29175222.431972966,162699.54206079972,179307.45302543326
0.00017757769208084695,28813632.137548923,162633.90842114118,178993.0948640766
0.00017880921973086405,28456685.26029209,162567.89979619317,178677.82964458602
0.0001800492882079133,28104320.476590797,162501.5145366699,178361.66026312028
0.00018129795674389694,27756477.288012292,162434.75099211294,178044.58966627676
0.0001825552849815005,27413096.010083012,162367.6075109753,177726.62085108875
0.00018382133297704028,27074117.76122313,162300.08244070658,177407.75686501892
0.00018509616120333103,26739484.451832242,162232.17412783916,177088.00080594624
0.00018637983055257685,26409138.77352318,162163.88091807545,176767.35582214716
0.00018767240233927686,26083024.18850428,162095.20115637616,176445.82511227202
0.00018897393830315682,25761084.919105187,162026.13318704997,176123.41192531504
0.00019028450061211517,25443265.937447216,161956.6753538439,175800.11956057904
0.00019160415186519542,25129512.955253262,161886.8260000349,175475.95136763444
0.00019293295509557326,24819772.413798366,161816.58346852285,175150.91074627294
0.0001942709737735703,24513991.473996125,161745.946101924,174825.00114645433
0.00019561827180968272,24212118.006621808,161674.91224266627,174498.22606824958
0.00019697491355763708,23914100.582667638,161603.48023308502,174170.589061776
0.00019834096381746093,23619888.46383119,161531.64841552044,173842.0937271286
0.0001997164878385813,23329431.593132213,161459.41513241545,173512.74371430415
0.000201101551322938,23042680.585659016,161386.7787264155,173182.542723121
0.00020249622042812525,22759586.7194398,161313.73754046863,172851.4945031314
0.00020390056177054826,22480101.92643999,161240.2899179275,172519.60285353032
0.00020531464242860866,22204178.783681136,161166.43420265155,172186.8716230557
0.000206738529945905,21931770.50448243,161092.16873911137,171853.3047098858
0.00020817229233446242,21662830.929820407,161017.49187249324,171518.90606152845
0.00020961599807797787,21397314.51980798,160942.40194880546,171183.6796747065
0.0002110697161350946,21135176.345288463,160866.89731498534,170847.62959523525
0.00021253351594269256,20876372.079545636,160790.9763190076,170510.75991789662
0.0002140074674192085,20620857.990125693,160714.63730999376,170173.07478630546
0.00021549164096797217,20368590.930772107,160637.87863832267,169834.5783927714
0.00021698610748057263,20119528.333469287,160560.6986557421,169495.27497815405
0.0002184909383402408,19873628.20059614,160483.09571548182,169155.16883171344
0.00022000620542526276,19630849.09718538,160405.068172367,168814.26429095367
0.00022153198111240935,19391150.14328988,160326.61438293368,168472.56574146144
0.00022306833828039684,19154491.006451808,160247.7327055447,168130.07761673862
0.0002246153503133644,18920831.89427586,160168.4215005069,167786.80439802958
0.000226173091104383,18690133.54710263,160088.67913018962,167442.7506141416
0.00022774163505898104,18462357.23078313,160008.50395914412,167097.9208412613
0.00022932105709870233,18237464.729550727,159927.89435422412,166752.31970276378
0.00023091143266468068,18015418.338991527,159846.84868470766,166405.95186901742
0.00023251283772124734,17796180.85910955,159765.36532241965,166058.82205718153
0.00023412534875955554,17579715.587487612,159683.44264185603,165710.93503100015
0.00023574904280123792,17365986.312540423,159601.07902030865,165362.2956005887
0.00023738399740208166,17154957.306860857,159518.27283799142,165012.9086222161
0.00023903029065573678,16946593.320655923,159435.0224781675,164662.77899808023
0.00024068800119744237,16740859.575273266,159351.3263272777,164311.9116760796
0.00024235720820778655,16537721.756815085,159267.1827750696,163960.3116495768
0.00024403799141648464,16337146.009840047,159182.59021472847,163607.98395715957
0.00024573043110619127,16139098.9311502,159097.54704300838,163254.93368239386
0.0002474346081163313,15943547.563663578,159012.05166036502,162901.1659535729
0.0002491506038469649,15750459.390369475,158926.1024710895,162546.68594346
0.0002508785002626718,15559802.328367025,158839.69788344295,162191.49886902684
0.00025261837989647027,15371544.722984245,158752.8363097924,161835.60999118525
0.00025437032585375524,15185655.34197818,158665.5161667477,161479.02461451496
0.0002561344218162714,15002103.369813262,158577.73587529943,161121.74808698503
0.0002579107520461089,14820858.402018314,158489.49386095788,160763.78579967024
0.00025969940138972626,14641890.439620476,158400.78855389304,160405.14318646293
0.000261500455282007,14465169.883654501,158311.61838907562,160045.82572377843
0.000263313999750336,14290667.529747711,158221.98180641927,159685.83893025684
0.00026514012141871316,14118354.562777981,158131.87725092334,159325.18836645797
0.0002669789075118863,13948202.551605377,158041.30317281734,158963.8796345529
0.00026883044585952206,13780183.443874791,157950.2580277058,158601.91837800914
0.0002706948249003968,13614269.560890265,157858.74027671435,158239.31028127178
0.00027257213368662487,13450433.592558412,157766.7483866369,157876.0610694389
0.00027446246188790824,13288648.592401527,157674.2808300836,157512.17650793295
0.0002763658997958238,13128887.972637929,157581.33608562977,157147.66240216602
0.00027828253832813145,12971125.49933015,157487.91263796602,156782.52459720193
0.00028021246903312176,12815335.287598468,157394.00897804907,156416.76897741176
0.00028215578409398394,12661491.796900446,157299.62360325357,156050.40146612635
0.0002841125763332135,12509569.826374108,157204.75501752485,155683.42802528248
0.0002860829392170416,12359544.51024526,157109.40173153268,155315.85465506613
0.00028806696685990373,12211391.313296732,157013.56226282584,154947.68739354957
0.0002900647540289307,12065086.026400078,156917.23513598752,154578.9323163251
0.0002920763961484798,11920604.762107423,156820.4188827917,154209.59553613342
0.000294101989304688,11777923.950304147,156723.11204236056,153839.6832024886
0.00029614163025006626,11637020.333920063,156625.31316132218,153469.20150129742
0.0002981954164081162,11497870.964699762,156527.02079396986,153098.1566544756
0.00030026344587798833,11360453.199029885,156428.2335024217,152726.55491955893
0.0003023458174391629,11224744.693823947,156328.9498567811,152354.4025893105
0.0003044426305561728,11090723.402462551,156229.16843529834,151981.7059913239
0.00030655398538334994,10958367.570789572,156128.88782453263,151608.47148762233
0.0003086799827696138,10827655.733162247,156028.106619515,151234.70547425302
0.00031082072426328363,10698566.708555702,155926.82342391217,150860.41438087897
0.00031297631211693377,10571079.596719947,155825.0368501908,150485.60467036505
0.00031514684929227283,10445173.774389794,155722.745519783,150110.28283836244
0.00031733243946506674,10320828.89154583,155619.9480632518,149734.4554128868
0.00031953318703008575,10198024.867726907,155516.6431204581,149358.12895389483
0.00032174919710609574,10076741.88839226,155412.82934072774,148981.31005285576
0.0003239805755408744,9956960.40133376,155308.50538301963,148604.00533232023
0.000326227428916272,9838661.113136468,155203.66991609416,148226.22144548444
0.0003284898645532971,9721824.985687928,155098.3216186826,147847.96507575244
0.00033076799051724823,9606433.23273445,154992.45917965675,147469.24293629313
0.0003330619156228698,9492467.31648486,154886.08129819954,147090.06176959586
0.00033537174943955555,9379908.944259916,154779.18668397603,146710.4283470208
0.0003376976022965765,9268740.065187909,154671.77405730484,146330.3494683478
0.0003400395852883563,9158942.866944704,154563.84214933045,145949.8319613208
0.0003423978102797719,9050499.772538722,154455.38970219568,145568.88268119015
0.0003447723899115029,8943393.437139109,154346.41546921487,145187.50851025106
0.0003471634376054058,8837606.744947677,154236.9182150476,144805.71635737992
0.0003495710675699372,8733122.80611287,154126.89671587248,144423.5131575666
0.0003519953948056036,8629924.953686232,154016.34975956197,144040.90587144566
0.0003544365351104592,8527996.74061987,153905.2761458571,143657.90148482285
0.0003568946050856349,8427321.936805073,153793.6746865428,143274.50700820042
0.0003593697221409055,8327884.526151231,153681.54420562377,142890.72947629925
0.0003618620045003031,8229668.70370421,153568.8835395002,142506.57594757807
0.00036437157120775785,8132658.872804398,153455.69153714448,142122.05350375138
0.0003668985421327903,8036839.642282949,153341.96706027753,141737.1692493032
0.000369443037976231,7942195.823696623,153227.70898354615,141351.93031100064
0.0003720051802759915,7848712.428599823,153112.91619469973,140966.343837403
0.00037458509141286397,7756374.665854191,152997.58759476827,140580.41699837055
0.00037718289461637246,7665167.938974333,152881.72209823946,140194.1569845699
0.00037979871397065304,7575077.843510139,152765.31863323704,139807.57100697845
0.00038243267442038677,7486090.164464245,152648.37614169825,139420.66629638514
0.00038508490177676145,7398190.873745069,152530.8935795526,139033.45010289183
0.0003877555227234873,7311366.127654048,152412.86991689945,138645.92969541033
0.00039044466482284184,7225602.26440751,152294.30413818682,138258.1123611592
0.00039315245652176887,7140885.801691792,152175.1952423895,137870.0054051583
0.0003958790271580078,7057203.434252031,152055.54224318772,137481.61614972237
0.00039862450696627754,6974542.031513371,151935.34416914513,137092.95193395147
0.000401389027084491,6892888.635234848,151814.60006388757,136704.02011322236
0.0004041727195600251,6812230.457194873,151693.30898628128,136314.82805867598
0.00040697571735602176,6732554.876908485,151571.47001061114,135925.38315670585
0.0004097981543577453,6653849.439375306,151449.0822267587,135535.69280844304
0.00041264016537897075,6576101.852858495,151326.1447403804,135145.76442924203
0.00041550188616843017,6499299.986693483,151202.6566730852,134755.60544816373
0.0004183834534162899,6423431.869126895,151078.61716261247,134365.22330745903
0.0004212850047606862,6348485.685184473,150954.02536300904,133974.62546204962
0.00042420667879429264,6274449.774568336,150828.88044480674,133583.81937900983
0.0004271486150709473,6201312.629582459,150703.18159519904,133192.81253704565
0.0004301109541123112,6129062.893086699,150576.9280182177,132801.6124259751
0.0004330938374145875,6057689.356478276,150450.11893490894,132410.22654620573
0.0004360974074552729,5987180.95770102,150322.75358350942,132018.66240821368
0.0004391218076999703,5917526.779281335,150194.8312196214,131626.92753202008
0.00044216718260923425,5848716.046391172,150066.3511163881,131235.02944666898
0.00044523367764547837,5780738.124936993,149937.3125646678,130842.97568970291
0.000448321439279916,5713582.51967502,149807.71487320837,130450.7738066402
0.0004514306149995637,5647238.872351756,149677.55736882024,130058.43135044977
0.0004545613533142789,5581696.959870086,149546.83939654974,129665.95588102796
0.0004577138037638603,5516946.692479972,149415.56031985118,129273.35496467336
0.00046088811692518395,5452978.111994033,149283.71952075863,128880.63617356267
0.00046408444441940234,5389781.390027024,149151.316400057,128487.80708522623
0.0004673029389191795,5327346.826259557,149018.35037745233,128094.87528202403
0.00047054375415599083,5265664.846725074,148884.82089174126,127701.84835062065
0.00047380704492745854,5204726.00212038,148750.72740098013,127308.73388146209
0.00047709296710475314,5144520.966138816,148616.0693826529,126915.53946825153
0.00048040167764003093,5085040.533826352,148480.84633383836,126522.27270742631
0.0004837333345739386,5026275.619959693,148345.05777137633,126128.94119763435
0.00048708809704315443,4968217.257446691,148208.70323203347,125735.5525392126
0.0004904661252879969,4910856.595748192,148071.7822726674,125342.11433366385
0.0004938675806600711,4854184.89932155,147934.29447039054,124948.63418313667
0.0004972926256299823,4798193.546085028,147796.2394227325,124555.11968990361
0.0005007414237950936,4742874.025903196,147657.61674780148,124161.57845584153
0.000504214139887337,4688217.939092866,147518.42608444518,123768.01808191318
0.000507710939781089,4634216.994949137,147378.66709240945,123374.44616764749
0.0005112319905010856,4580863.010291671,147238.33945249696,122980.87031062355
0.0005147774602304078,4528147.908030452,147097.44286672404,122587.29810595307
0.0005183475183185077,4476063.715751205,146955.97705847656,122193.73714576587
0.0005219423352893047,4424602.564319787,146813.9417726642,121800.19501869478
0.0005255620828493228,4373756.686505731,146671.3367758742,121406.67930936349
0.0005292069338959004,4323518.415624205,146528.16185652267,121013.19759787347
0.0005328770625254406,4273880.18419663,146384.41682500584,120619.75745929457
0.0005365726440417349,4224834.522629207,146240.1015138487,120226.36646315473
0.0005402938549643284,4176374.0579096014,146095.21577785315,119833.03217293293
0.0005440408730369598,4128491.512321047,145949.75949424406,119439.76214555197
0.0005478138772360427,4081179.702174112,145803.7325628143,119046.56393087436
0.0005516130477792228,4034431.5365554243,145657.13490606763,118653.44507119813
0.0005554385661339779,3988240.0160935572,145509.9664693611,118260.41310075622
0.0005592906150262939,3942598.231741439,145362.22722104433,117867.47554521511
0.0005631693784493841,3897499.363575453,145213.91715259865,117474.63992117782
0.0005670750416724865,3852936.679610597,145065.03627877348,117081.91373568634
0.0005710077912497044,3808903.534631895,144915.58463772168,116689.30448572784
0.0005749678150289259,3765393.369041433,144765.56229113266,116296.81965774119
0.0005789553021607875,3722399.7077212036,144614.96932436406,115904.46672712665
0.0005829704431077181,3679916.1589111476,144463.8058465715,115512.25315775676
0.0005870134296530271,3637936.4131025807,144312.0719908364,115120.18640148987
0.0005910844549100744,3596454.2419464015,144159.76791429205,114728.27389768495
0.0005951837133314849,3555463.4971762737,144006.89379824774,114336.52307271998
0.0005993114007184462,3514958.1095461836,143853.44984831056,113944.94133951048
0.0006034677142300512,3474932.0877825622,143699.43629450604,113553.53609703275
0.0006076528523927254,3435379.517550405,143544.85339139585,113162.31472984685
0.0006118670151096995,3396294.5604335517,143389.70141819408,112771.28460762437
0.0006161104036705678,3357671.4529285836,143233.98067888102,112380.45308467648
0.0006203832207608928,3319504.5054525053,143077.69150231523,111989.8274994861
0.0006246856704718965,3281788.1013636678,142920.8342423428,111599.41517424105
0.0006290179583101987,3244516.695996103,142763.4092779054,111209.22341437152
0.0006333802912076432,3207684.8157067443,142605.41701314502,110819.25950808813
0.0006377728775311719,3171287.0569356936,142446.8578775072,110429.53072592428
0.0006421959270927872,3135318.08527902,142287.7323258416,110040.04432028002
0.000646649651159564,3099772.6345742643,142128.0408385005,109650.80752496938
0.0006511342624637508,3064645.505998118,141967.78392143475,109261.82755476993
0.0006556499752129205,3029931.5671764743,141806.96210628736,108873.11160497577
0.0006601970051002127,2995625.7513063294,141645.5759504846,108484.66685095221
0.0006647755693146257,2961723.056289705,141483.62603732498,108096.50044769497
0.0006693858865514009,2928218.5438791094,141321.11297606523,107708.6195293904
0.0006740281770224582,2895107.338834699,141158.03740200444,107321.03120898076
0.0006787026624669256,2862384.6280926513,140994.39997656454,106933.74257773001
0.0006834095661617192,2830045.6599449315,140830.20138736986,106546.76070479536
0.0006881491129322192,2798085.74322997,140665.44234832225,106160.09263679932
0.0006929215291629975,2766500.2465344137,140500.1235996751,105773.74539740705
0.000697727042808641,2735284.5974055054,140334.24590810374,105387.72598690503
0.0007025658834046352,2704434.2815741915,140167.81006677335,105002.04138178403
0.0007074382820783245,2673944.8421886954,140000.81689540477,104616.69853432532
0.0007123444715599608,2643811.8790583448,139833.26724033637,104231.7043721891
0.0007172846861938099,2614031.047907732,139665.16197458442,103847.06579800746
0.0007222591619493547,2584598.059640784,139496.5019978996,103462.78968897965
0.0007272681364325565,2555508.679614889,139327.28823682162,103078.88289647171
0.0007323118488972146,2526758.7269246844,139157.52164472992,102695.35224561799
0.0007373905402563831,2498344.0736956135,138987.2032018927,102312.20453492797
0.0007425044530938899,2470260.644386878,138816.33391551184,101929.44653589456
0.0007476538316759117,2442504.4151039086,138644.91481976604,101547.08499260788
0.0007528389219626533,2415071.412919972,138472.94697585,101165.1266213704
0.0007580599716200842,2387957.7152070315,138300.4314720113,100783.57811031763
0.0007633172300317803,2361159.4489754993,138127.36942358385,100402.44611904061
0.0007686109483108232,2334672.7902230043,137953.76197301885,100021.73727821364
0.0007739413793118072,2308493.9632917875,137779.61028991197,99641.45818922397
0.0007793087776429046,2282619.240234887,137604.9155710282,99261.61542380671
0.0007847133996780397,2257044.9401907166,137429.67904032295,98882.21552368172
0.0007901555035691211,2231767.4287661775,137253.90194896085,98503.26500019636
0.0007956353492583861,2206783.117427962,137077.58557533048,98124.77033396934
0.0008011531984908034,2182088.462902143,136900.73122505666,97746.73797454065
0.0008067093148265884,2157679.9665817297,136723.3402310092,97369.1743400237
0.0008123039636537788,2133554.1739423047,136545.41395330903,96992.08581676238
0.0008179374122009251,2109707.6739653903,136366.95377933004,96615.47875899058
0.0008236099295498401,2086137.0985696877,136187.96112369915,96239.35948849726
0.0008293217866484659,2062839.1220498371,136008.4374282916,95863.73429429339
0.0008350732563238022,2039810.4605228312,135828.38416222468,95488.6094322851
0.0008408646132949508,2017047.8713817552,135647.80282184642,95113.991124948
0.0008466961341862249,1994548.152756963,135466.69493072265,94739.88556100822
0.0008525680975403748,1972308.142984388,135285.06203961946,94366.29889512478
0.0008584807838318795,1950324.7200810844,135102.9057264833,93993.23724757833
0.000864434475480357,1928594.8012277181,134920.22759641727,93620.70670396158
0.0008704294568640402,1907115.342258083,134737.02928165437,93248.71331487586
0.0008764660143333744,1885883.3371553782,134553.31244152688,92877.26309562978
0.0008825444362246807,1864895.8175553351,134369.07876243346,92506.36202594354
0.0008886650128739422,1844149.8522559053,134184.3299578015,92136.01604965571
0.0008948280366306583,1823642.5467336199,133999.0677680476,91766.23107443588
0.0009010338018718227,1803371.0426663333,133813.29396053325,91397.01297149943
0.00090728260501597,1783332.5174624585,133627.01032951858,91028.36757532817
0.0009135747445373483,1763524.1837964086,133440.21869611126,90660.3006833936
0.0009199105209801621,1743943.289150362,133252.92090821345,90292.81805588548
0.0009262902369729417,1724587.1153620572,133065.11884046404,89925.92541544356
0.0009327141972429835,1705452.9781787458,132876.81439417877,89559.62844689447
0.000939182708630921,1686538.2268170165,132688.00949728588,89193.93279699137
0.0009456960801053647,1667840.243528598,132498.7061042591,88828.84407415963
0.0009522546227776767,1649356.4431718828,132308.9061960468,88464.3678482446
0.0009588586499168143,1631084.2727892713,132118.61177999811,88100.5096502654
0.0009655084769643095,1613021.2111900717,131927.82488978526,87737.27497217173
0.0009722044215493213,1595164.7685390671,131736.54758532305,87374.6692666056
