{
  "params": {
    "H0": 72.87347661864817,
    "Om0": 0.25935700734060946,
    "Obh2": 0.02237,
    "ns": 0.9649,
    "alpha": 0.0005,
    "Rmax": 1000000000.0,
    "eps0": 0.7,
    "n_eps": 0.0,
    "k_sat": 0.9762,
    "Neff": 3.046,
    "Tcmb": 2.7255,
    "recomb_method": "PLANCK18"
  },
  "results": {
    "cmb": {
      "chi2": 1609.893042633932,
      "predictions": {
        "R": 1.72495432733067,
        "l_A": 301.8081030978018,
        "theta_star": 1.0409238921500232
      },
      "observations": {
        "R": 1.7502,
        "l_A": 301.845,
        "theta_star": 1.04092
      },
      "covariance": "[[ 2.30e-06  2.99e-06 -8.93e-09]\n [ 2.99e-06  4.33e-06 -1.28e-08]\n [-8.93e-09 -1.28e-08  4.64e-11]]"
    },
    "sn": {
      "chi2": 1365.5807987975575,
      "predictions": {
        "distance_modulus": "[36.97655937 37.99673113 38.58834464 39.07492641 39.32730312 40.26383752\n 40.79754904 41.12478519 41.40233128 41.40271751 41.62588411 41.78828372\n 41.81025782 41.83028002 42.02719943 42.18531014 42.69980746 43.01100569\n 43.01930954 43.12681196 43.13004973 43.19120037 43.62231812 43.6814992\n 44.06490871 44.11564054 44.2114471  44.43354738 44.53557318 44.56605439\n 44.59030648 44.70106919 44.91803658 44.94636321 44.95742611 44.98616815\n 45.00525422 45.22004741 45.30701905 45.39933367 45.48882398 45.67747419\n 45.75575745 45.83441001 45.94088167 46.07096149 46.18473696 46.18987595\n 46.23141565 46.24320442]"
      },
      "observations": {
        "redshift": "[0.05713849 0.08874971 0.11637145 0.14301147 0.15896815 0.23366914\n 0.28946756 0.32944094 0.36722745 0.36728269 0.40050024 0.42637917\n 0.42999633 0.4333167  0.46725296 0.49625656 0.60260616 0.67691473\n 0.67901125 0.70671474 0.70756553 0.72381836 0.84896862 0.86769687\n 0.99915409 1.01794921 1.05440026 1.14395512 1.18759686 1.20095577\n 1.21169223 1.26196654 1.36662936 1.38092793 1.38655338 1.40127771\n 1.41114313 1.52717603 1.57689363 1.6314862  1.68626613 1.80805295\n 1.86122993 1.91629365 1.99354337 2.09234372 2.18294788 2.18713576\n 2.22129736 2.23109356]",
        "distance_modulus": "[37.05552993 37.92665611 38.47200097 38.8918049  38.94488835 39.89514625\n 40.39901974 40.90757226 41.03633451 40.72066233 41.22174259 41.25133366\n 41.22590151 41.43589467 41.66252631 41.77833941 41.93440127 42.26640404\n 42.36919042 42.55266858 42.33707328 42.43041521 42.63862402 42.67252524\n 43.28015731 43.40218263 43.26434208 43.60269095 43.58770669 43.46098317\n 43.63128703 43.89606076 43.83299591 44.09566769 43.47683727 44.01602252\n 43.92102846 44.03471047 44.16289219 43.92489776 44.26179587 44.49973869\n 44.73080032 44.49468584 44.53697048 44.68801767 44.99264322 44.90880745\n 44.81368554 44.9796951 ]",
        "sigma_mu": "[0.2785118  0.20786845 0.26148803 0.27921826 0.16360069 0.12201038\n 0.14558703 0.18542156 0.26360295 0.27214612 0.10139043 0.20214946\n 0.1834822  0.14442156 0.12397307 0.16752303 0.28858194 0.16464059\n 0.20375812 0.24060379 0.17272592 0.29435642 0.29248946 0.15035646\n 0.1994497  0.16017566 0.1569681  0.10737739 0.22191287 0.2005358\n 0.11029575 0.15572929 0.28165318 0.14791238 0.12897897 0.19789055\n 0.29713009 0.14841105 0.23442711 0.25232392 0.14752751 0.24564327\n 0.17355663 0.22646117 0.22670594 0.20715494 0.11805795 0.2670605\n 0.16415601 0.1373037 ]"
      },
      "covariance": "[[0.07756882 0.         0.         ... 0.         0.         0.        ]\n [0.         0.04320929 0.         ... 0.         0.         0.        ]\n [0.         0.         0.06837599 ... 0.         0.         0.        ]\n ...\n [0.         0.         0.         ... 0.07132131 0.         0.        ]\n [0.         0.         0.         ... 0.         0.0269472  0.        ]\n [0.         0.         0.         ... 0.         0.         0.01885231]]"
    }
  },
  "metrics": {
    "chi2": 0.0,
    "chi2_reduced": 0.0,
    "aic": 18.0,
    "bic": 45.273941292531916,
    "dof": 144,
    "n_params": 9,
    "n_data": 153,
    "p_value": 1.0
  },
  "chi2_breakdown": {
    "cmb": 1609.893042633932,
    "sn": 1365.5807987975575
  },
  "datasets": [
    "cmb",
    "sn"
  ],
  "model": "pbuf",
  "_execution_time": 1.2497053146362305
}