{
  "timestamp": "2025-10-20T13:28:52+08:00",
  "model": "pbuf",
  "priors": {
    "means": {
      "DM_rs_0.38": 10.27,
      "DM_rs_0.51": 13.36,
      "DM_rs_0.61": 16.21,
      "Hrs_0.38": 0.0459,
      "Hrs_0.51": 0.0434,
      "Hrs_0.61": 0.0421
    },
    "cov": [
      [
        0.0389,
        0.0161,
        0.0,
        0.0,
        0.0,
        0.0
      ],
      [
        0.0161,
        0.0359,
        0.0133,
        0.0,
        0.0,
        0.0
      ],
      [
        0.0,
        0.0133,
        0.0432,
        0.0,
        0.0,
        0.0
      ],
      [
        0.0,
        0.0,
        0.0,
        0.001,
        0.0003,
        0.0
      ],
      [
        0.0,
        0.0,
        0.0,
        0.0003,
        0.0009,
        0.0003
      ],
      [
        0.0,
        0.0,
        0.0,
        0.0,
        0.0003,
        0.001
      ]
    ],
    "labels": [
      "DM_rs_0.38",
      "DM_rs_0.51",
      "DM_rs_0.61",
      "Hrs_0.38",
      "Hrs_0.51",
      "Hrs_0.61"
    ],
    "meta": {
      "description": "Anisotropic BAO priors on D_M/r_s and H(z)*r_s.",
      "release_tag": "BAO_DR12_ANISOTROPIC",
      "source": "BOSS DR12 anisotropic BAO",
      "reference": "Alam et al. 2017 (SDSS Collaboration)",
      "unit": "dimensionless ratio",
      "type": "anisotropic",
      "resolved_path": "/home/fabian/PBUF/data/bao/bao_ani.json",
      "source_tag": "primary"
    }
  },
  "parameters": {
    "H0": 67.4,
    "Om0": 0.315,
    "Obh2": 0.02237,
    "alpha": 0.0005,
    "Rmax": 1000000000.0,
    "eps0": 0.7,
    "n_eps": 0.0,
    "k_sat": 0.9761904761904762,
    "ns": 0.9649,
    "recomb_method": "PLANCK18",
    "Tcmb": 2.7255,
    "Neff": 3.046,
    "Ok0": 0.0
  },
  "predictions": {
    "DM_rs_0.38": 10.450422486203113,
    "Hrs_0.38": 0.04055774843430257,
    "DM_rs_0.51": 13.533783464058022,
    "Hrs_0.51": 0.04386501837146703,
    "DM_rs_0.61": 15.74528563874818,
    "Hrs_0.61": 0.04663035300819663,
    "r_s": 146.6574850375636,
    "z_d": 1065.1122080365822
  },
  "metrics": {
    "chi2": 8.218485536424804,
    "dof": 5,
    "chi2_dof": 1.6436971072849609,
    "AIC": 10.218485536424804,
    "BIC": 10.010245005652859,
    "p_value": 0.14459843357672375
  },
  "provenance": {
    "commit": "5089bd7dae6111c29f4f3b73d6a7aa757c48f2d5",
    "recomb": "PLANCK18",
    "cmb_calibration": "proofs/results/CMB_PBUF_CMB_PLANCK2018_REAL_20251020-132848/fit_results.json"
  }
}