{
  "params": {
    "H0": 67.4,
    "Om0": 0.315,
    "Obh2": 0.02237,
    "ns": 0.9649,
    "Neff": 3.046,
    "Tcmb": 2.7255,
    "recomb_method": "PLANCK18",
    "alpha": 0.0005,
    "Rmax": 1000000000.0,
    "eps0": 0.7,
    "n_eps": 0.0,
    "k_sat": 0.9762,
    "Omh2": 0.14309694000000003,
    "Orh2": 4.1769223554e-05,
    "z_recomb": 1089.8,
    "z_drag": 1020.7239634915809,
    "r_s_drag": 222.27692204822,
    "model_class": "pbuf"
  },
  "metrics": {
    "total_chi2": 10.50000001,
    "aic": 14.50000002,
    "bic": 18.2,
    "dof": 5,
    "p_value": 0.062
  },
  "results": {
    "cmb": {
      "chi2": 1.79,
      "predictions": {
        "R": 1.7502,
        "l_A": 301.845,
        "theta_star": 1.04092
      }
    }
  },
  "_execution_time": 0.1
}