{
  "params": {
    "H0": 67.4,
    "Om0": 0.315,
    "Obh2": 0.02237,
    "ns": 0.9649,
    "alpha": 0.0005,
    "Rmax": 1000000000.0,
    "eps0": 0.7,
    "n_eps": 0.0,
    "k_sat": 0.9762,
    "Neff": 3.046,
    "Tcmb": 2.7255,
    "recomb_method": "PLANCK18"
  },
  "results": {
    "cmb": {
      "chi2": 5124.531737483086,
      "predictions": {
        "R": 1.758254699160931,
        "l_A": 301.813311852091,
        "theta_star": 1.04090592767803
      },
      "observations": {
        "R": 1.7502,
        "l_A": 301.845,
        "theta_star": 1.04092
      },
      "covariance": "[[ 2.30e-06  2.99e-06 -8.93e-09]\n [ 2.99e-06  4.33e-06 -1.28e-08]\n [-8.93e-09 -1.28e-08  4.64e-11]]"
    }
  },
  "metrics": {
    "chi2": 0.0,
    "chi2_reduced": 0.0,
    "aic": 18.0,
    "bic": 23.08454421715383,
    "dof": 4,
    "n_params": 9,
    "n_data": 13,
    "p_value": 1.0,
    "total_chi2": 5124.531737483086
  },
  "chi2_breakdown": {
    "cmb": 5124.531737483086,
    "bao": 275.5600310558655
  },
  "datasets": [
    "cmb",
    "bao"
  ],
  "model": "pbuf",
  "_execution_time": 0.002172231674194336
}