{
  "defaults": {
    "H0": 67.4,
    "Om0": 0.315,
    "Obh2": 0.02237,
    "ns": 0.9649,
    "Neff": 3.046,
    "Tcmb": 2.7255,
    "recomb_method": "PLANCK18",
    "alpha": 0.0005,
    "Rmax": 1000000000.0,
    "eps0": 0.7,
    "n_eps": 0.0,
    "k_sat": 0.9762
  },
  "optimization_metadata": {
    "initialized": "2025-10-22T15:44:19.306850+00:00",
    "source": "hardcoded_defaults"
  }
}