{
  "timestamp": "2025-10-20T13:28:51+08:00",
  "model": "lcdm",
  "priors": {
    "means": {
      "DM_rs_0.38": 10.27,
      "DM_rs_0.51": 13.36,
      "DM_rs_0.61": 16.21,
      "Hrs_0.38": 0.0459,
      "Hrs_0.51": 0.0434,
      "Hrs_0.61": 0.0421
    },
    "cov": [
      [
        0.0389,
        0.0161,
        0.0,
        0.0,
        0.0,
        0.0
      ],
      [
        0.0161,
        0.0359,
        0.0133,
        0.0,
        0.0,
        0.0
      ],
      [
        0.0,
        0.0133,
        0.0432,
        0.0,
        0.0,
        0.0
      ],
      [
        0.0,
        0.0,
        0.0,
        0.001,
        0.0003,
        0.0
      ],
      [
        0.0,
        0.0,
        0.0,
        0.0003,
        0.0009,
        0.0003
      ],
      [
        0.0,
        0.0,
        0.0,
        0.0,
        0.0003,
        0.001
      ]
    ],
    "labels": [
      "DM_rs_0.38",
      "DM_rs_0.51",
      "DM_rs_0.61",
      "Hrs_0.38",
      "Hrs_0.51",
      "Hrs_0.61"
    ],
    "meta": {
      "description": "Anisotropic BAO priors on D_M/r_s and H(z)*r_s.",
      "release_tag": "BAO_DR12_ANISOTROPIC",
      "source": "BOSS DR12 anisotropic BAO",
      "reference": "Alam et al. 2017 (SDSS Collaboration)",
      "unit": "dimensionless ratio",
      "type": "anisotropic",
      "resolved_path": "/home/fabian/PBUF/data/bao/bao_ani.json",
      "source_tag": "primary"
    }
  },
  "parameters": {
    "H0": 67.48127854492846,
    "Om0": 0.31634869901324536,
    "Obh2": 0.022359979329157093,
    "ns": 0.9649,
    "recomb_method": "PLANCK18",
    "Tcmb": 2.7255,
    "Neff": 3.046,
    "Ok0": 0.0
  },
  "predictions": {
    "DM_rs_0.38": 10.46387733835152,
    "Hrs_0.38": 0.04052036425726115,
    "DM_rs_0.51": 13.549763244345849,
    "Hrs_0.51": 0.04383358663296899,
    "DM_rs_0.61": 15.762695737057749,
    "Hrs_0.61": 0.04660342839399085,
    "r_s": 146.2393951160728,
    "z_d": 1065.180797985107
  },
  "metrics": {
    "chi2": 8.078853052897882,
    "dof": 6,
    "chi2_dof": 1.3464755088163136,
    "AIC": 8.078853052897882,
    "BIC": 8.078853052897882,
    "p_value": 0.23238308201185595
  },
  "provenance": {
    "commit": "5089bd7dae6111c29f4f3b73d6a7aa757c48f2d5",
    "recomb": "PLANCK18",
    "cmb_calibration": "proofs/results/CMB_LCDM_CMB_PLANCK2018_REAL_20251020-132847/fit_results.json"
  }
}