{
  "params": {
    "H0": 67.4,
    "Om0": 0.315,
    "Obh2": 0.02237,
    "ns": 0.9649,
    "Neff": 3.046,
    "Tcmb": 2.7255,
    "recomb_method": "PLANCK18"
  },
  "results": {
    "bao_ani": {
      "chi2": 891.345700527233,
      "predictions": {
        "DM_over_rs": "[ 6.89539405  8.92997089 10.38928397]",
        "H_times_rs": "[81.17556083 87.7924816  93.32504059]"
      },
      "observations": {
        "redshift": "[0.38 0.51 0.61]",
        "DM_over_rs": "[10.23 13.36 16.69]",
        "H_times_rs": "[81.2 90.9 99. ]"
      },
      "covariance": "[[ 0.0289  0.      0.      0.      0.      0.    ]\n [ 0.      0.0441  0.      0.      0.      0.    ]\n [ 0.      0.      0.6889  0.      0.      0.    ]\n [ 0.      0.      0.      4.41    0.      0.    ]\n [ 0.      0.      0.      0.      5.29    0.    ]\n [ 0.      0.      0.      0.      0.     15.21  ]]"
    }
  },
  "metrics": {
    "chi2": 0.0,
    "chi2_reduced": 0.0,
    "aic": 8.0,
    "bic": 8.788898309344878,
    "dof": 5,
    "n_params": 4,
    "n_data": 9,
    "p_value": 1.0
  },
  "chi2_breakdown": {
    "bao_ani": 891.345700527233
  },
  "datasets": [
    "bao_ani"
  ],
  "model": "lcdm",
  "_execution_time": 0.0009288787841796875
}