a,H,c_s,integrand
9.722106965202417e-10,709807254170.9064,173085.18598222034,257987506858.04752
9.789531219925942e-10,709807254170.9064,173085.1874257128,254446029149.0286
9.857423071862795e-10,709807254170.9064,173085.18883958456,250953166403.72293
9.925785763869133e-10,709807254170.9064,173085.19022444348,247508251270.88895
9.994622561290678e-10,709807254170.9064,173085.1915808849,244110625560.15973
1.006393675211885e-09,709807254170.9064,173085.19127197968,240759637838.52054
1.0133731647147734e-09,709807254170.9064,173085.1908208115,237454650044.34155
1.020401058013239e-09,709807254170.9064,173085.19036651443,234195030914.93546
1.0274776907947838e-09,709807254170.9064,173085.18990906668,230980157659.60858
1.034603401074957e-09,709807254170.9064,173085.18944844653,227809416036.91946
1.0417785292134908e-09,709807254170.9064,173085.1889846319,224682200237.3242
1.049003417930576e-09,709807254170.9064,173085.18851760062,221597912767.42123
1.0562784123232062e-09,709807254170.9064,173085.18804733045,218555964335.8046
1.0636038598816774e-09,709807254170.9064,173085.18757379884,215555773740.4645
1.0709801105061787e-09,709807254170.9064,173085.18709698328,212596767757.74527
1.0784075165235215e-09,709807254170.9064,173085.1866168609,209678381032.8171
1.0858864327039433e-09,709807254170.9064,173085.18613340883,206800055971.66812
1.09341721627807e-09,709807254170.9064,173085.18564660393,203961242634.56244
1.1010002269539703e-09,709807254170.9064,173085.185156423,201161398630.9707
1.1086358269343554e-09,709807254170.9064,173085.18466284257,198399989015.93283
1.1163243809338524e-09,709807254170.9064,173085.1841658391,195676486187.86038
1.1240662561964433e-09,709807254170.9064,173085.18366538885,192990369787.7248
1.1318618225129967e-09,709807254170.9064,173085.18316146787,190341126599.6399
1.1397114522389497e-09,709807254170.9064,173085.18265405216,187728250452.79926
1.1476155203120658e-09,709807254170.9064,173085.18214311745,185151242124.77518
1.1555744042703618e-09,709807254170.9064,173085.18162863934,182609609246.13022
1.1635884842701327e-09,709807254170.9064,173085.18111059323,180102866206.34634
1.1716581431041277e-09,709807254170.9064,173085.1805889544,177630534061.0377
1.1797837662198056e-09,709807254170.9064,173085.18006369798,175192140440.4512
1.1879657417377663e-09,709807254170.9064,173085.17953479878,172787219459.20786
1.1962044604702783e-09,709807254170.9064,173085.1790022316,170415311627.29324
1.2045003159399658e-09,709807254170.9064,173085.178465971,168075963762.26025
1.2128537043985765e-09,709807254170.9064,173085.17792599136,165768728902.65137
1.2212650248459274e-09,709807254170.9064,173085.1773822669,163493166222.5957
1.229734679048953e-09,709807254170.9064,173085.1768347716,161248840947.58636
1.2382630715609172e-09,709807254170.9064,173085.17628347938,159035324271.40607
1.2468506097407049e-09,709807254170.9064,173085.17572836386,156852193274.2065
1.2554977037723007e-09,709807254170.9064,173085.17516939854,154699030841.69882
1.2642047666843706e-09,709807254170.9064,173085.17460655668,152575425585.46127
1.2729722143700118e-09,709807254170.9064,173085.17403981148,150480971764.33356
1.2818004656065856e-09,709807254170.9064,173085.1734691358,148415269206.90244
1.290689942075742e-09,709807254170.9064,173085.17289450244,146377923235.03876
1.2996410683835506e-09,709807254170.9064,173085.17231588386,144368544588.49203
1.3086542720808028e-09,709807254170.9064,173085.17173325253,142386749350.51263
1.3177299836834025e-09,709807254170.9064,173085.17114658054,140432158874.50665
1.3268686366929505e-09,709807254170.9064,173085.17055583993,138504399711.68637
1.3360706676174398e-09,709807254170.9064,173085.16996100242,136603103539.72026
1.345336515992128e-09,709807254170.9064,173085.16936203965,134727907092.3561
1.3546666244004984e-09,709807254170.9064,173085.16875892298,132878452090.0211
1.364061438495416e-09,709807254170.9064,173085.1681516236,131054385171.36485
1.3735214070204316e-09,709807254170.9064,173085.16754011254,129255357825.74197
1.3830469818311823e-09,709807254170.9064,173085.16692436056,127481026326.63135
1.392638617916997e-09,709807254170.9064,173085.16630433826,125731051665.95851
1.4022967734226168e-09,709807254170.9064,173085.165680016,124005099489.32622
1.4120219096701025e-09,709807254170.9064,173085.16505136402,122302840032.12764
1.4218144911808336e-09,709807254170.9064,173085.16441835221,120623948056.54704
1.4316749856977211e-09,709807254170.9064,173085.1637809504,118968102789.41481
1.4416038642075364e-09,709807254170.9064,173085.1631391281,117334987860.92183
1.451601600963431e-09,709807254170.9064,173085.1624928547,115724291244.16934
1.4616686735075556e-09,709807254170.9064,173085.16184209927,114135705195.55792
1.4718055626938923e-09,709807254170.9064,173085.16118683078,112568926195.98558
1.4820127527112102e-09,709807254170.9064,173085.16052701793,111023654892.85847
1.4922907311062186e-09,709807254170.9064,173085.1598626292,109499596042.89212
1.5026399888068166e-09,709807254170.9064,173085.15919363277,107996458455.70728
1.5130610201455674e-09,709807254170.9064,173085.15851999682,106513954938.1905
1.523554322883298e-09,709807254170.9064,173085.15784168913,105051802239.62419
1.5341203982328988e-09,709807254170.9064,173085.15715867723,103609720997.56454
1.5447597508832278e-09,709807254170.9064,173085.15647092857,102187435684.47124
1.5554728890232408e-09,709807254170.9064,173085.1557784103,100784674555.06079
1.5662603243662535e-09,709807254170.9064,173085.1550810893,99401169594.38812
1.5771225721744085e-09,709807254170.9064,173085.1543789323,98036656466.63557
1.5880601512832485e-09,709807254170.9064,173085.15367190572,96690874464.6133
1.599073584126524e-09,709807254170.9064,173085.15295997582,95363566459.9446
1.610163396761135e-09,709807254170.9064,173085.15224310858,94054478853.93985
1.621330118892283e-09,709807254170.9064,173085.1515212698,92763361529.1405
1.6325742838987352e-09,709807254170.9064,173085.15079442496,91489967801.53531
1.6438964288583252e-09,709807254170.9064,173085.15006253935,90234054373.42557
1.655297094573595e-09,709807254170.9064,173085.149325578,88995381286.9413
1.6667768255976522e-09,709807254170.9064,173085.14858350574,87773711878.19157
1.6783361702601414e-09,709807254170.9064,173085.1478362871,86568812732.05121
1.689975680693461e-09,709807254170.9064,173085.1470838864,85380453637.56108
1.7016959128591225e-09,709807254170.9064,173085.14632626768,84208407543.94487
1.7134974265743343e-09,709807254170.9064,173085.14556339482,83052450517.22537
1.7253807855386989e-09,709807254170.9064,173085.1447952313,81912361697.44334
1.7373465573611662e-09,709807254170.9064,173085.14402174047,80787923256.45671
1.7493953135871318e-09,709807254170.9064,173085.14324288536,79678920356.32304
1.7615276297257642e-09,709807254170.9064,173085.1424586288,78585141108.24965
1.7737440852774525e-09,709807254170.9064,173085.14166893333,77506376532.11342
1.7860452637615137e-09,709807254170.9064,173085.14087376118,76442420516.52994
1.7984317527440508e-09,709807254170.9064,173085.14007307444,75393069779.47473
1.8109041438660468e-09,709807254170.9064,173085.1392668348,74358123829.44112
1.8234630328715812e-09,709807254170.9064,173085.1384550038,73337384927.13759
1.8361090196363135e-09,709807254170.9064,173085.13763754265,72330658047.70486
1.848842708196123e-09,709807254170.9064,173085.13681441228,71337750843.45503
1.8616647067759904e-09,709807254170.9064,173085.1359855734,70358473607.1189
1.8745756278190036e-09,709807254170.9064,173085.1351509864,69392639235.60355
1.8875760880156346e-09,709807254170.9064,173085.13431061144,68440063194.24219
1.9006667083332177e-09,709807254170.9064,173085.13346440837,67500563481.53491
1.913848114045566e-09,709807254170.9064,173085.13261233672,66573960594.37825
1.9271209347628655e-09,709807254170.9064,173085.1317543559,65660077493.766945
1.9404858044617437e-09,709807254170.9064,173085.13089042486,64758739570.968605
1.953943361515541e-09,709807254170.9064,173085.1300205023,63869774614.16348
1.967494248724836e-09,709807254170.9064,173085.12914454678,62993012775.538864
1.9811391133481012e-09,709807254170.9064,173085.12826251634,62128286538.84082
1.994878607132642e-09,709807254170.9064,173085.1273743689,61275430687.366554
2.0087133863457524e-09,709807254170.9064,173085.12648006208,60434282272.39617
2.0226441118060135e-09,709807254170.9064,173085.1255795531,59604680582.062386
2.036671448914889e-09,709807254170.9064,173085.12467279896,58786467110.64242
2.050796067688493e-09,709807254170.9064,173085.12375975636,57979485528.274536
2.065018642789625e-09,709807254170.9064,173085.12284038172,57183581651.08751
2.0793398535599462e-09,709807254170.9064,173085.12191463102,56398603411.74447
2.0937603840524617e-09,709807254170.9064,173085.12098246018,55624400830.38695
2.108280923064177e-09,709807254170.9064,173085.1200438246,54860825985.98003
2.1229021641690328e-09,709807254170.9064,173085.11909867948,54107732988.0486
2.1376248057509825e-09,709807254170.9064,173085.11814697963,53364977948.80571
2.152449551037384e-09,709807254170.9064,173085.11718867964,52632418955.659386
2.1673771081325725e-09,709807254170.9064,173085.11622373367,51909916044.09922
2.182408190051719e-09,709807254170.9064,173085.1152520957,51197331170.95272
2.197543514754834e-09,709807254170.9064,173085.1142737193,50494528188.01309
2.2127838051810944e-09,709807254170.9064,173085.1132885577,49801372816.02469
2.228129789283361e-09,709807254170.9064,173085.11229656392,49117732619.028046
2.243582200062981e-09,709807254170.9064,173085.1112976905,48443476979.05485
2.259141775604748e-09,709807254170.9064,173085.11029188975,47778477071.17414
2.274809259112193e-09,709807254170.9064,173085.10927911368,47122605838.87705
2.290585398943064e-09,709807254170.9064,173085.10825931389,46475737969.80196
2.306470948645109e-09,709807254170.9064,173085.10723244157,45837749871.79032
2.322466666992013e-09,709807254170.9064,173085.10619844781,45208519649.275375
2.3385733180196796e-09,709807254170.9064,173085.10515728316,44587927079.99077
2.3547916710627043e-09,709807254170.9064,173085.1041088979,43975853592.00141
2.371122500791161e-09,709807254170.9064,173085.103053242,43372182241.04742
2.3875665872475468e-09,709807254170.9064,173085.10199026493,42776797688.20257
2.4041247158840792e-09,709807254170.9064,173085.10091991597,42189586177.83597
2.4207976776001937e-09,709807254170.9064,173085.09984214406,41610435515.878334
2.43758626878036e-09,709807254170.9064,173085.0987568976,41039235048.38451
2.4544912913320623e-09,709807254170.9064,173085.09766412486,40475875640.393776
2.4715135527241425e-09,709807254170.9064,173085.09656377358,39920249655.07687
2.4886538660253493e-09,709807254170.9064,173085.09545579122,39372250933.171234
2.505913049943213e-09,709807254170.9064,173085.09434012487,38831774772.69678
2.5232919288630928e-09,709807254170.9064,173085.09321672123,38298717908.95317
2.540791332887592e-09,709807254170.9064,173085.09208552662,37772978494.788506
2.558412097876189e-09,709807254170.9064,173085.09094648703,37254456081.14084
2.576155065485202e-09,709807254170.9064,173085.08979954806,36743051597.844864
2.5940210832079304e-09,709807254170.9064,173085.08864465493,36238667334.70519
2.6120110044151756e-09,709807254170.9064,173085.08748175247,35741206922.82641
2.6301256883959813e-09,709807254170.9064,173085.08631078512,35250575316.2011
2.64836600039872e-09,709807254170.9064,173085.08513169698,34766678773.54914
2.666732811672359e-09,709807254170.9064,173085.08394443168,34289424840.40881
2.6852269995081155e-09,709807254170.9064,173085.0827489326,33818722331.471226
2.703849447281343e-09,709807254170.9064,173085.08154514252,33354481313.15868
2.7226010444937643e-09,709807254170.9064,173085.08033300404,32896613086.44075
2.7414826868158982e-09,709807254170.9064,173085.07911245924,32445030169.8888
2.7604952761298694e-09,709807254170.9064,173085.07788344973,31999646282.96075
2.779639720572524e-09,709807254170.9064,173085.07664591697,31560376329.515404
2.7989169345787374e-09,709807254170.9064,173085.07539980175,31127136381.555233
2.818327838925138e-09,709807254170.9064,173085.07414504452,30699843663.189938
2.837873360774065e-09,709807254170.9064,173085.07288158542,30278416534.82156
2.857554433717902e-09,709807254170.9064,173085.07160936407,29862774477.545216
2.8773719978235974e-09,709807254170.9064,173085.07032831968,29452838077.7665
2.897326999677617e-09,709807254170.9064,173085.0690383911,29048529012.027493
2.9174203924311313e-09,709807254170.9064,173085.0677395167,28649770032.042572
2.9376531358455917e-09,709807254170.9064,173085.06643163445,28256484949.938297
2.9580261963385016e-09,709807254170.9064,173085.0651146819,27868598623.69811
2.9785405470296255e-09,709807254170.9064,173085.06378859608,27486036942.804577
2.9991971677874455e-09,709807254170.9064,173085.0624533137,27108726814.08019
3.0199970452760143e-09,709807254170.9064,173085.06110877095,26736596147.721012
3.0409411730020085e-09,709807254170.9064,173085.0597549037,26369573843.52448
3.062030551362234e-09,709807254170.9064,173085.05839164712,26007589777.303825
3.0832661876913836e-09,709807254170.9064,173085.05701893623,25650574787.490482
3.104649096310205e-09,709807254170.9064,173085.05563670542,25298460661.919037
3.1261802985738717e-09,709807254170.9064,173085.05424488866,24951180124.79575
3.1478608229208197e-09,709807254170.9064,173085.0528434195,24608666823.843784
3.1696917049218456e-09,709807254170.9064,173085.05143223095,24270855317.62622
3.191673987329622e-09,709807254170.9064,173085.0500112556,23937681063.041862
3.213808720128427e-09,709807254170.9064,173085.04858042568,23609080402.994686
3.2360969605843482e-09,709807254170.9064,173085.04713967277,23284990554.230522
3.258539773295758e-09,709807254170.9064,173085.04568892802,22965349595.341946
3.281138230244215e-09,709807254170.9064,173085.0442281222,22650096454.936684
3.303893410845591e-09,709807254170.9064,173085.04275718553,22339170899.970295
3.3268064020016788e-09,709807254170.9064,173085.04127604768,22032513524.237118
3.3498782981520834e-09,709807254170.9064,173085.039784638,21730065737.020374
3.373110201326552e-09,709807254170.9064,173085.03828288522,21431769751.89696
3.3965032211975303e-09,709807254170.9064,173085.03677071753,21137568575.697693
3.4200584751332205e-09,709807254170.9064,173085.03524806286,20847405997.617405
3.4437770882509265e-09,709807254170.9064,173085.03371484837,20561226578.475414
3.4676601934708484e-09,709807254170.9064,173085.03217100084,20278975640.122578
3.491708931570114e-09,709807254170.9064,173085.03061644654,20000599254.995384
3.5159244512373246e-09,709807254170.9064,173085.02905111123,19726044235.81167
3.5403079091273924e-09,709807254170.9064,173085.02747492012,19455258125.408928
3.5648604699168467e-09,709807254170.9064,173085.0258877979,19188189186.721054
3.589583306359378e-09,709807254170.9064,173085.02428966886,18924786392.89429
3.6144775993418965e-09,709807254170.9064,173085.02268045655,18664999417.537426
3.639544537940985e-09,709807254170.9064,173085.0210600842,18408778625.105865
3.6647853194796016e-09,709807254170.9064,173085.01942847436,18156075061.41907
3.690201149584334e-09,709807254170.9064,173085.0177855491,17906840444.306633
3.7157932422429685e-09,709807254170.9064,173085.01613122996,17661027154.38351
3.74156281986246e-09,709807254170.9064,173085.0144654379,17418588225.951923
3.767511113327386e-09,709807254170.9064,173085.01278809342,17179477338.027388
3.793639362058642e-09,709807254170.9064,173085.01109911635,16943648805.489359
3.8199488140726946e-09,709807254170.9064,173085.00939842596,16711057570.352102
3.846440726041233e-09,709807254170.9064,173085.00768594115,16481659193.155426
3.873116363351106e-09,709807254170.9064,173085.00596158003,16255409844.474745
3.899977000164826e-09,709807254170.9064,173085.00422526026,16032266296.54639
3.92702391948139e-09,709807254170.9064,173085.0024768989,15812185915.008717
3.954258413197637e-09,709807254170.9064,173085.00071641247,15595126650.7557
3.98168178216985e-09,709807254170.9064,173084.99894371684,15381047031.90375
4.009295336275962e-09,709807254170.9064,173084.99715872738,15169906155.867462
4.037100394478088e-09,709807254170.9064,173084.99536135877,14961663681.54492
4.065098284885587e-09,709807254170.9064,173084.99355152526,14756279821.60955
4.093290344818409e-09,709807254170.9064,173084.99172914028,14553715334.908966
4.121677920871027e-09,709807254170.9064,173084.98989411688,14353931518.967022
4.150262368976734e-09,709807254170.9064,173084.98804636733,14156890202.58939
4.179045054472472e-09,709807254170.9064,173084.98618580351,13962553738.570082
4.208027352163944e-09,709807254170.9064,173084.9843123364,13770884996.499136
4.237210646391354e-09,709807254170.9064,173084.9824258766,13581847355.667961
4.2665963310954925e-09,709807254170.9064,173084.980526334,13395404698.072676
4.296185809884388e-09,709807254170.9064,173084.97861361783,13211521401.512932
4.325980496100248e-09,709807254170.9064,173084.97668763675,13030162332.786467
4.355981812887033e-09,709807254170.9064,173084.97474829876,12851292840.976048
4.3861911932584045e-09,709807254170.9064,173084.97279551128,12674878750.829195
4.416610080166235e-09,709807254170.9064,173084.97082918097,12500886356.228159
4.447239926569433e-09,709807254170.9064,173084.96884921394,12329282413.75057
4.4780821955034075e-09,709807254170.9064,173084.9668555156,12160034136.317461
4.509138360149918e-09,709807254170.9064,173084.96484799075,11993109186.929081
4.540409903907515e-09,709807254170.9064,173084.9628265435,11828475672.486124
4.571898320462279e-09,709807254170.9064,173084.96079107726,11666102137.69675
4.603605113859247e-09,709807254170.9064,173084.95874149483,11505957559.066252
4.635531798574211e-09,709807254170.9064,173084.95667769833,11348011338.96984
4.667679899586136e-09,709807254170.9064,173084.9545995892,11192233299.8062
4.700050952449882e-09,709807254170.9064,173084.9525070681,11038593678.232262
4.732646503369633e-09,709807254170.9064,173084.95040003516,10887063119.476154
4.765468109272706e-09,709807254170.9064,173084.9482783897,10737612671.728804
4.798517337883999e-09,709807254170.9064,173084.94614203039,10590213780.611977
4.83179576780076e-09,709807254170.9064,173084.9439908552,10444838283.723125
4.865304988568056e-09,709807254170.9064,173084.94182476136,10301458405.2543
4.8990466007546705e-09,709807254170.9064,173084.93964364543,10160046750.685349
4.933022216029627e-09,709807254170.9064,173084.93744740324,10020576301.549572
4.967233457239053e-09,709807254170.9064,173084.93523592982,9883020410.271978
5.001681958483775e-09,709807254170.9064,173084.93300911962,9747352795.07761
5.036369365197329e-09,709807254170.9064,173084.93076686625,9613547534.970257
5.0712973342246425e-09,709807254170.9064,173084.9285090626,9481579064.779594
5.1064675339010425e-09,709807254170.9064,173084.92623560084,9351422170.277122
5.141881644132031e-09,709807254170.9064,173084.92394637235,9223051983.358358
5.177541356473485e-09,709807254170.9064,173084.92164126787,9096443977.291632
5.213448374212533e-09,709807254170.9064,173084.91932017717,8971573962.031641
5.24960441244879e-09,709807254170.9064,173084.9169829895,8848418079.598103
5.286011198176343e-09,709807254170.9064,173084.91462959317,8726952799.517157
5.3226704703663e-09,709807254170.9064,173084.91225987583,8607154914.325369
5.359583980049731e-09,709807254170.9064,173084.90987372416,8489001535.136071
5.396753490401386e-09,709807254170.9064,173084.90747102434,8372470087.265897
5.434180776823893e-09,709807254170.9064,173084.90505166154,8257538305.921648
5.4718676270325405e-09,709807254170.9064,173084.90261552017,8144184231.94642
5.509815841140753e-09,709807254170.9064,173084.90016248391,8032386207.623754
5.548027231745941e-09,709807254170.9064,173084.8976924356,7922122872.540066
5.5865036240161506e-09,709807254170.9064,173084.89520525726,7813373159.503263
5.625246855777302e-09,709807254170.9064,173084.89270083004,7706116290.517423
5.664258777600848e-09,709807254170.9064,173084.89017903435,7600331772.813257
5.703541252892248e-09,709807254170.9064,173084.88763974977,7495999394.932489
5.743096157979933e-09,709807254170.9064,173084.88508285498,7393099222.866302
5.78292538220502e-09,709807254170.9064,173084.88250822786,7291611596.246461
5.823030828011417e-09,709807254170.9064,173084.87991574546,7191517124.589338
5.863414411036785e-09,709807254170.9064,173084.87730528388,7092796683.590854
5.904078060203996e-09,709807254170.9064,173084.8746767185,6995431411.472669
5.9450237178133566e-09,709807254170.9064,173084.87202992375,6899402705.3781805
5.9862533396352444e-09,709807254170.9064,173084.8693647732,6804692217.818554
6.0277688950036176e-09,709807254170.9064,173084.8666811396,6711281853.166984
6.0695723669100335e-09,709807254170.9064,173084.8639788947,6619153764.201403
6.111665752098465e-09,709807254170.9064,173084.86125790945,6528290348.694336
6.1540510611605266e-09,709807254170.9064,173084.8585180539,6438674246.050103
6.1967303186316064e-09,709807254170.9064,173084.85575919718,6350288333.987647
6.239705563087524e-09,709807254170.9064,173084.8529812075,6263115725.269203
6.282978847241998e-09,709807254170.9064,173084.85018395222,6177139764.47359
6.326552238044547e-09,709807254170.9064,173084.84736729765,6092344024.814282
6.3704278167793166e-09,709807254170.9064,173084.84453110932,6008712305.000672
6.41460767916444e-09,709807254170.9064,173084.84167525178,5926228626.142708
6.459093935452245e-09,709807254170.9064,173084.8387995885,5844877228.697728
6.503888710529895e-09,709807254170.9064,173084.8359039823,5764642569.459711
6.5489941440209866e-09,709807254170.9064,173084.83298829474,5685509318.589338
6.5944123903876965e-09,709807254170.9064,173084.83005238665,5607462356.685154
6.640145619033798e-09,709807254170.9064,173084.8270961177,5530486771.89461
6.68619601440812e-09,709807254170.9064,173084.82411934677,5454567857.0652685
6.732565776108995e-09,709807254170.9064,173084.8211219316,5379691106.934613
6.77925711898927e-09,709807254170.9064,173084.81810372914,5305842215.358749
6.8262722732622074e-09,709807254170.9064,173084.81506459514,5233007072.578839
6.873613484607846e-09,709807254170.9064,173084.8120043844,5161171762.525538
6.921283014280378e-09,709807254170.9064,173084.80892295088,5090322560.159976
6.969283139216099e-09,709807254170.9064,173084.80582014727,5020445928.851498
7.017616152142282e-09,709807254170.9064,173084.80269582543,4951528517.7911625
7.0662843616865176e-09,709807254170.9064,173084.79954983617,4883557159.4411545
7.1152900924871025e-09,709807254170.9064,173084.79638202916,4816518867.018788
7.164635685304013e-09,709807254170.9064,173084.7931922531,4750400832.015309
7.214323497130832e-09,709807254170.9064,173084.78998035565,4685190421.748513
7.2643559013071545e-09,709807254170.9064,173084.7867461834,4620875176.949347
7.314735287632037e-09,709807254170.9064,173084.7834895819,4557442809.381289
7.3654640624782395e-09,709807254170.9064,173084.78021039555,4494881199.492422
7.416544648906981e-09,709807254170.9064,173084.77690846773,4433178394.10007
7.4679794867838e-09,709807254170.9064,173084.77358364072,4372322604.106833
7.519771032895067e-09,709807254170.9064,173084.77023575577,4312302202.248187
7.5719217610653e-09,709807254170.9064,173084.76686465295,4253105720.870965
7.624434162275444e-09,709807254170.9064,173084.76347017122,4194721849.7422
7.677310744781682e-09,709807254170.9064,173084.76005214843,4137139433.8883586
7.730554034235318e-09,709807254170.9064,173084.75661042138,4080347471.46395
7.784166573803525e-09,709807254170.9064,173084.75314482563,4024335111.649376
7.838150924290614e-09,709807254170.9064,173084.7496551957,3969091652.577959
7.892509664260493e-09,709807254170.9064,173084.74614136483,3914606539.2910776
7.947245390159757e-09,709807254170.9064,173084.74260316527,3860869361.7215724
8.002360716441845e-09,709807254170.9064,173084.739040428,3807869852.704653
8.057858275691714e-09,709807254170.9064,173084.73545298283,3755597886.0164165
8.113740718751727e-09,709807254170.9064,173084.73184065838,3704043474.438979
8.170010714848198e-09,709807254170.9064,173084.72820328223,3653196767.852355
8.22667095171902e-09,709807254170.9064,173084.72454068053,3603048051.352347
8.283724135741849e-09,709807254170.9064,173084.72085267835,3553587743.394577
8.341172992063502e-09,709807254170.9064,173084.71713909958,3504806393.963693
8.399020264730062e-09,709807254170.9064,173084.71339976686,3456694682.7678804
8.457268716818081e-09,709807254170.9064,173084.70963450157,3409243417.4579926
8.515921130566355e-09,709807254170.9064,173084.70584312378,3362443531.871408
8.574980307508951e-09,709807254170.9064,173084.70202545257,3316286084.2997174
8.634449068608958e-09,709807254170.9064,173084.69818130543,3270762255.7803483
8.694330254393367e-09,709807254170.9064,173084.69431049883,3225863348.411488
8.754626725088538e-09,709807254170.9064,173084.6904128479,3181580783.6904063
8.815341360756963e-09,709807254170.9064,173084.68648816642,3137906100.874309
8.87647706143476e-09,709807254170.9064,173084.68253626698,3094830955.3638687
8.938036747270332e-09,709807254170.9064,173084.67855696077,3052347117.1087785
9.00002335866364e-09,709807254170.9064,173084.6745500578,3010446469.035455
9.062439856406786e-09,709807254170.9064,173084.6705153666,2969121005.4960666
9.125289221825376e-09,709807254170.9064,173084.66645269457,2928362830.7390003
9.188574456921055e-09,709807254170.9064,173084.66236184756,2888164157.4001923
9.252298584514688e-09,709807254170.9064,173084.6582426302,2848517305.0153913
9.316464648390886e-09,709807254170.9064,173084.65409484576,2809414698.5526204
9.381075713443322e-09,709807254170.9064,173084.64991829614,2770848866.964917
9.446134865821273e-09,709807254170.9064,173084.64571278178,2732812441.7628026
9.511645213076811e-09,709807254170.9064,173084.6414781019,2695298155.606582
9.577609884313373e-09,709807254170.9064,173084.6372140542,2658298840.9177365
9.644032030335159e-09,709807254170.9064,173084.63292043502,2621807428.509509
9.710914823797779e-09,709807254170.9064,173084.62859703926,2585816946.236165
9.778261459359565e-09,709807254170.9064,173084.62424366048,2550320517.661006
9.846075153834314e-09,709807254170.9064,173084.61986009066,2515311360.7424545
9.914359146344867e-09,709807254170.9064,173084.61544612047,2480782786.5383024
9.983116698477984e-09,709807254170.9064,173084.6110015391,2446728197.9276237
1.0052351094439891e-08,709807254170.9064,173084.60652613422,2413141088.3504333
1.012206564121329e-08,709807254170.9064,173084.60201969213,2380015040.5644593
1.0192263668715344e-08,709807254170.9064,173084.59748199754,2347343725.4190354
1.0262948529956681e-08,709807254170.9064,173084.5929128337,2315120900.645862
1.0334123601201518e-08,709807254170.9064,173084.58831198243,2283340409.6663613
1.0405792282128962e-08,709807254170.9064,173084.5836792239,2251996180.415362
1.0477957995995444e-08,709807254170.9064,173084.57901433695,2221082224.1809454
1.0550624189798185e-08,709807254170.9064,173084.57431709862,2190592634.460239
1.06237943344398e-08,709807254170.9064,173084.56958728467,2160521585.830928
1.0697471924894131e-08,709807254170.9064,173084.56482466916,2130863332.8382149
1.0771660480373222e-08,709807254170.9064,173084.56002902458,2101612208.8970625
1.084636354449538e-08,709807254170.9064,173084.5552001219,2072762625.2095397
1.0921584685454383e-08,709807254170.9064,173084.55033773047,2044309069.6970303
1.0997327496189962e-08,709807254170.9064,173084.54544161807,2016246105.9470618
1.1073595594559467e-08,709807254170.9064,173084.5405115508,1988568372.174596
1.115039262351062e-08,709807254170.9064,173084.5355472932,1961270580.1976118
1.1227722251255463e-08,709807254170.9064,173084.5305486082,1934347514.4267528
1.1305588171445722e-08,709807254170.9064,173084.525515257,1907794030.86877
1.1383994103349055e-08,709807254170.9064,173084.5204469992,1881605056.1437602
1.1462943792026886e-08,709807254170.9064,173084.51534359274,1855775586.515772
1.1542441008513098e-08,709807254170.9064,173084.51020479383,1830300686.936841
1.1622489549994356e-08,709807254170.9064,173084.50503035708,1805175490.1040258
1.1703093239991276e-08,709807254170.9064,173084.4998200353,1780395195.5295103
1.1784255928541255e-08,709807254170.9064,173084.49457357964,1755955068.6233501
1.1865981492382177e-08,709807254170.9064,173084.4892907395,1731850439.78893
1.194827383513777e-08,709807254170.9064,173084.48397126258,1708076703.5307207
1.2031136887503881e-08,709807254170.9064,173084.47861489482,1684629317.5743988
1.211457460743641e-08,709807254170.9064,173084.47322138032,1661503801.9989312
1.2198590980340168e-08,709807254170.9064,173084.46779046152,1638695738.3806896
1.2283190019259444e-08,709807254170.9064,173084.462321879,1616200768.9491956
1.2368375765069484e-08,709807254170.9064,173084.45681537158,1594014595.7545722
1.2454152286669699e-08,709807254170.9064,173084.45127067625,1572132979.8463128
1.2540523681177828e-08,709807254170.9064,173084.44568752815,1550551740.4634268
1.2627494074125823e-08,709807254170.9064,173084.44006566066,1529266754.235607
1.2715067619656718e-08,709807254170.9064,173084.43440480524,1508273954.3954518
1.2803248500723244e-08,709807254170.9064,173084.4287046915,1487569330.0014148
1.2892040929287427e-08,709807254170.9064,173084.42296504718,1467148925.1715107
1.2981449146521977e-08,709807254170.9064,173084.4171855982,1447008838.3274474
1.3071477423012666e-08,709807254170.9064,173084.4113660684,1427145221.4492264
1.3162130058962517e-08,709807254170.9064,173084.40550617996,1407554279.339886
1.3253411384396985e-08,709807254170.9064,173084.39960565287,1388232268.9004278
1.3345325759370985e-08,709807254170.9064,173084.39366420536,1369175498.414608
1.3437877574177057e-08,709807254170.9064,173084.3876815537,1350380326.84361
1.3531071249555012e-08,709807254170.9064,173084.38165741204,1331843163.130388
1.3624911236903154e-08,709807254170.9064,173084.37559149272,1313560465.5135374
1.3719402018490944e-08,709807254170.9064,173084.369483506,1295528740.8505898
1.3814548107673053e-08,709807254170.9064,173084.36333316012,1277744543.9506133
1.3910354049104876e-08,709807254170.9064,173084.35714016133,1260204476.915977
1.4006824418959672e-08,709807254170.9064,173084.35090421388,1242905188.4931295
1.4103963825147192e-08,709807254170.9064,173084.34462501988,1225843373.4322903
1.420177690753373e-08,709807254170.9064,173084.33830227944,1209015771.8559499
1.4300268338163682e-08,709807254170.9064,173084.3319356905,1192419168.6360397
1.4399442821482763e-08,709807254170.9064,173084.32552494906,1176050392.779633
1.4499305094562779e-08,709807254170.9064,173084.31906974892,1159906316.8230767
1.4599859927327832e-08,709807254170.9064,173084.31256978176,1143983856.2344584
1.4701112122782092e-08,709807254170.9064,173084.30602473704,1128279968.8242805
1.4803066517239283e-08,709807254170.9064,173084.29943430226,1112791654.1642
1.4905727980553735e-08,709807254170.9064,173084.29279816258,1097515953.013752
1.5009101416352945e-08,709807254170.9064,173084.28611600105,1082449946.7549565
1.5113191762271732e-08,709807254170.9064,173084.2793874985,1067590756.8346926
1.5218003990188145e-08,709807254170.9064,173084.27261233362,1052935544.2147024
1.5323543106461012e-08,709807254170.9064,173084.26579018278,1038481508.82915
1.5429814152168993e-08,709807254170.9064,173084.25892072008,1024225889.0496439
1.5536822203351324e-08,709807254170.9064,173084.25200361753,1010165961.1576
1.5644572371250317e-08,709807254170.9064,173084.24503854458,996299038.8238338
1.575306980255558e-08,709807254170.9064,173084.23802516877,982622472.5952947
1.586231967964977e-08,709807254170.9064,173084.23096315496,969133649.3888639
1.5972327220856046e-08,709807254170.9064,173084.22385216592,955829991.9921037
1.6083097680687542e-08,709807254170.9064,173084.216691862,942708958.5708209
1.6194636350098087e-08,709807254170.9064,173084.20948190123,929768042.18345
1.630694855673519e-08,709807254170.9064,173084.2022219392,917004770.3020383
1.642003966519426e-08,709807254170.9064,173084.1949116292,904416704.3398707
1.6533915077275097e-08,709807254170.9064,173084.18755062204,892001439.1855155
1.6648580232239656e-08,709807254170.9064,173084.18013856612,879756602.7433286
1.6764040607072116e-08,709807254170.9064,173084.1726751075,867679855.4802054
1.6880301716740215e-08,709807254170.9064,173084.16515988964,855768889.9786125
1.699736911445895e-08,709807254170.9064,173084.15759255362,844021430.4956983
1.7115248391955544e-08,709807254170.9064,173084.14997273803,832435232.5285127
1.723394517973683e-08,709807254170.9064,173084.14230007888,821008082.385137
1.7353465147357888e-08,709807254170.9064,173084.13457420972,809737796.761761
1.7473814003693155e-08,709807254170.9064,173084.12679476157,798622222.325505
1.7594997497208812e-08,709807254170.9064,173084.11896136284,787659235.3030279
1.7717021416237647e-08,709807254170.9064,173084.11107363942,776846741.0747265
1.7839891589255263e-08,709807254170.9064,173084.10313121454,766182673.7745571
1.7963613885158734e-08,709807254170.9064,173084.0951337089,755664995.8953032
1.8088194213546676e-08,709807254170.9064,173084.08708074046,745291697.899306
1.8213638525001785e-08,709807254170.9064,173084.07897192464,735060797.8344952
1.8339952811374785e-08,709807254170.9064,173084.07080687414,724970340.9557352
1.8467143106070927e-08,709807254170.9064,173084.06258519893,715018399.3513224
1.8595215484337874e-08,709807254170.9064,173084.05430650638,705203071.5746579
1.8724176063556177e-08,709807254170.9064,173084.04597040112,695522482.2809294
1.885403100353118e-08,709807254170.9064,173084.0375764849,685974781.8688251
1.898478650678751e-08,709807254170.9064,173084.02912435686,676558146.127124
1.911644881886522e-08,709807254170.9064,173084.02061361333,667270775.8861681
1.924902422861803e-08,709807254170.9064,173084.0120438478,658110896.6741116
1.9382519068513796e-08,709807254170.9064,173084.0034146509,649076758.3778826
1.9516939714937063e-08,709807254170.9064,173083.99472561062,640166634.9087942
1.9652292588493534e-08,709807254170.9064,173083.98597631181,631378823.8727611
1.9788584154316707e-08,709807254170.9064,173083.9771663367,622711646.2450407
1.992582092237672e-08,709807254170.9064,173083.9682952645,614163446.049428
2.0064009447791412e-08,709807254170.9064,173083.95936267142,605732590.0418572
2.0203156331139337e-08,709807254170.9064,173083.9503681309,597417467.3983539
2.0343268218774954e-08,709807254170.9064,173083.94131121333,589216489.4072727
2.048435180314618e-08,709807254170.9064,173083.9321914861,581128089.1657478
2.0626413823114138e-08,709807254170.9064,173083.92300851367,573150721.2803135
2.076946106427494e-08,709807254170.9064,173083.91376185746,565282861.5716414
2.091350035928375e-08,709807254170.9064,173083.9044510758,557523006.7833308
2.105853858818119e-08,709807254170.9064,173083.89507572402,549869674.2946892
2.1204582678722077e-08,709807254170.9064,173083.8856353543,542321401.8374538
2.1351639606706247e-08,709807254170.9064,173083.8761295158,534876747.2164119
2.1499716396311644e-08,709807254170.9064,173083.86655775446,527534288.0338554
2.1648820120429927e-08,709807254170.9064,173083.85691961314,520292621.41780984
2.1798957901004406e-08,709807254170.9064,173083.84721463153,513150363.75399333
2.1950136909370117e-08,709807254170.9064,173083.8374423461,506106150.4214647
2.210236436659624e-08,709807254170.9064,173083.82760229002,499158635.53190106
2.2255647543831317e-08,709807254170.9064,173083.81769399345,492306491.67243546
2.2409993762650206e-08,709807254170.9064,173083.80771698305,485548409.6520533
2.2565410395404157e-08,709807254170.9064,173083.79767078237,478883098.2514394
2.2721904865572585e-08,709807254170.9064,173083.78755491157,472309283.9762904
2.2879484648118014e-08,709807254170.9064,173083.77736888747,465825710.8139819
2.303815726984277e-08,709807254170.9064,173083.76711222364,459431139.99360645
2.3197930309748853e-08,709807254170.9064,173083.7567844301,453124349.7492764
2.335881139939957e-08,709807254170.9064,173083.7463850137,446904135.08670497
2.3520808223284447e-08,709807254170.9064,173083.7359134777,440769307.552962
2.36839285191859e-08,709807254170.9064,173083.72536932194,434718695.00941956
2.38481800785492e-08,709807254170.9064,173083.71475204287,428751141.4077863
2.401357074685426e-08,709807254170.9064,173083.70406113335,422865506.5692435
2.4180108423990743e-08,709807254170.9064,173083.69329608275,417060665.9665861
2.4347801064635036e-08,709807254170.9064,173083.682456377,411335510.50938165
2.451665667863058e-08,709807254170.9064,173083.67154149836,405688946.3320502
2.468668333137007e-08,709807254170.9064,173083.66055092547,400119894.5848816
2.4857889144181102e-08,709807254170.9064,173083.64948413346,394627291.2278943
2.503028229471367e-08,709807254170.9064,173083.63834059372,389210086.8275506
2.5203871017331198e-08,709807254170.9064,173083.6271197741,383867246.3562357
2.5378663603503435e-08,709807254170.9064,173083.61582113858,378597748.99451584
2.555466840220291e-08,709807254170.9064,173083.6044441476,373400587.93608516
2.5731893820303308e-08,709807254170.9064,173083.5929882578,368274770.19541526
2.591034832298144e-08,709807254170.9064,173083.58145292194,363219316.4180204
2.6090040434121158e-08,709807254170.9064,173083.5698375892,358233260.69335216
2.6270978736720882e-08,709807254170.9064,173083.55814170474,353315650.37023854
2.6453171873303396e-08,709807254170.9064,173083.54636471,348465545.8748737
2.6636628546328554e-08,709807254170.9064,173083.53450604246,343682020.53130275
2.6821357518609058e-08,709807254170.9064,173083.5225651358,338964160.38436604
2.7007367613729133e-08,709807254170.9064,173083.51054141962,334311064.02507305
2.7194667716465865e-08,709807254170.9064,173083.49843431974,329721842.418381
2.7383266773213477e-08,709807254170.9064,173083.4862432579,325195618.7333354
2.7573173792410764e-08,709807254170.9064,173083.47396765184,320731528.17553747
2.7764397844971498e-08,709807254170.9064,173083.46160691528,316328717.8219124
2.7956948064717572e-08,709807254170.9064,173083.44916045782,311986346.4577498
2.8150833648815195e-08,709807254170.9064,173083.4366276851,307703584.415982
2.834606385821427e-08,709807254170.9064,173083.42400799846,303479613.41866285
2.8542648018090887e-08,709807254170.9064,173083.4113007952,299313626.42062294
2.8740595518292614e-08,709807254170.9064,173083.39850546842,295204827.4552762
2.893991581378689e-08,709807254170.9064,173083.38562140704,291152431.48254293
2.9140618425112757e-08,709807254170.9064,173083.37264799568,287155664.2388551
2.934271293883572e-08,709807254170.9064,173083.35958461472,283213762.08922184
2.9546209008005546e-08,709807254170.9064,173083.3464306403,279325971.8813292
2.9751116352617212e-08,709807254170.9064,173083.3331854441,275491550.80164355
2.9957444760075305e-08,709807254170.9064,173083.3198483936,271709766.23348546
3.016520408566163e-08,709807254170.9064,173083.30641885177,267979895.61705124
3.0374404253005844e-08,709807254170.9064,173083.29289617727,264301226.31136203
3.058505525455933e-08,709807254170.9064,173083.2792797242,260673055.4581058
3.079716715207257e-08,709807254170.9064,173083.26556884224,257094689.84734643
3.101075007707595e-08,709807254170.9064,173083.25176287655,253565445.78507388
3.122581423136349e-08,709807254170.9064,173083.23786116784,250084648.96257925
3.1442369887479994e-08,709807254170.9064,173083.22386305206,246651634.3276213
3.1660427389212136e-08,709807254170.9064,173083.2097678607,243265745.9573542
3.1879997152082027e-08,709807254170.9064,173083.19557492057,239926336.93301186
3.2101089663845234e-08,709807254170.9064,173083.18128355386,236632769.21629906
3.23237154849912e-08,709807254170.9064,173083.16689307796,233384413.52749348
3.2547885249248194e-08,709807254170.9064,173083.1524028056,230180649.22520614
3.277360966409071e-08,709807254170.9064,173083.1378120447,227020864.18780798
3.300089951125143e-08,709807254170.9064,173083.1231200985,223904454.6964686
3.3229765647235664e-08,709807254170.9064,173083.1083262652,220830825.3198157
3.3460219003840504e-08,709807254170.9064,173083.0934298383,217799388.80016267
3.3692270588676386e-08,709807254170.9064,173083.07843010637,214809565.94131353
3.392593148569342e-08,709807254170.9064,173083.06332635303,211860785.49789256
3.41612128557103e-08,709807254170.9064,173083.04811785687,208952484.06620774
3.439812593694793e-08,709807254170.9064,173083.03280389163,206084105.97659868
3.463668204556565e-08,709807254170.9064,173083.01738372582,203255103.18727532
3.4876892576202335e-08,709807254170.9064,173083.0018566231,200464935.1796018
3.511876900252009e-08,709807254170.9064,173082.98622184183,197713068.85482886
3.536232287775285e-08,709807254170.9064,173082.97047863528,194998978.43223304
3.560756583525767e-08,709807254170.9064,173082.9546262516,192322145.34866595
3.5854509589070914e-08,709807254170.9064,173082.9386639337,189682058.15946975
3.610316593446729e-08,709807254170.9064,173082.92259091922,187078212.44076517
3.635354674852372e-08,709807254170.9064,173082.90640644054,184510110.6930695
3.660566399068618e-08,709807254170.9064,173082.89010972466,181977262.24624813
3.685952970334143e-08,709807254170.9064,173082.87369999327,179479183.1657609
3.7115156012391703e-08,709807254170.9064,173082.85717646274,177015396.16020542
3.7372555127834365e-08,709807254170.9064,173082.8405383438,174585430.49011976
3.763173934434494e-08,709807254170.9064,173082.8237848419,172188821.87804374
3.78927210418642e-08,709807254170.9064,173082.80691515686,169825112.41981444
3.8155512686189634e-08,709807254170.9064,173082.78992848308,167493850.49707636
3.842012682957105e-08,709807254170.9064,173082.7728240092,165194590.69099244
3.868657611130996e-08,709807254170.9064,173082.75560091846,162926893.6971429
3.895487325836317e-08,709807254170.9064,173082.73825838816,160690326.24159154
3.92250310859508e-08,709807254170.9064,173082.72079559014,158484460.99810237
3.94970624981686e-08,709807254170.9064,173082.70321169033,156308876.5064916
3.977098048860412e-08,709807254170.9064,173082.68550584902,154163157.09210446
4.0046798140957224e-08,709807254170.9064,173082.66767722054,152046892.7863958
4.032452862966517e-08,709807254170.9064,173082.64972495346,149959679.24859962
4.0604185220532056e-08,709807254170.9064,173082.63164819038,147901117.6884732
4.088578127136231e-08,709807254170.9064,173082.61344606793,145870814.79010442
4.116933023259853e-08,709807254170.9064,173082.59511771693,143868382.6367654
4.145484564796415e-08,709807254170.9064,173082.57666226197,141893438.6367941
4.174234115511049e-08,709807254170.9064,173082.55807882163,139945605.45049474
4.203183048626802e-08,709807254170.9064,173082.53936650843,138024510.91804346
4.232332746890208e-08,709807254170.9064,173082.52052442875,136129787.98838338
4.2616846026373536e-08,709807254170.9064,173082.5015516826,134261074.64909372
4.2912400178604026e-08,709807254170.9064,173082.48244736393,132418013.85722165
4.3210004042745394e-08,709807254170.9064,173082.4632105604,130600253.47106615
4.3509671833853784e-08,709807254170.9064,173082.44384035328,128807446.18289791
4.38114178655692e-08,709807254170.9064,173082.42433581746,127039249.45259853
4.4115256550798524e-08,709807254170.9064,173082.40469602143,125295325.44221789
4.4421202402404643e-08,709807254170.9064,173082.38492002728,123575340.95142175
4.472927003389893e-08,709807254170.9064,173082.36500689053,121878967.35383381
4.503947416014e-08,709807254170.9064,173082.34495566014,120205880.53424333
4.535182959803583e-08,709807254170.9064,173082.32476537855,118555760.82668291
4.5666351267252225e-08,709807254170.9064,173082.3044350815,116928292.95334817
4.5983054190924707e-08,709807254170.9064,173082.28396379805,115323165.96436398
4.6301953496376846e-08,709807254170.9064,173082.26335055055,113740073.17836952
4.662306441584208e-08,709807254170.9064,173082.24259435455,112178712.1239269
4.694640228719202e-08,709807254170.9064,173082.22169421884,110638784.48172615
4.7271982554668305e-08,709807254170.9064,173082.20064914518,109119996.02759153
4.759982076962108e-08,709807254170.9064,173082.1794581286,107622056.5762624
4.792993259125101e-08,709807254170.9064,173082.15812015705,106144679.92595331
4.826233378735804e-08,709807254170.9064,173082.13663421146,104687583.80366796
4.8597040235093764e-08,709807254170.9064,173082.11499926573,103250489.81127085
4.893406792172054e-08,709807254170.9064,173082.09321428664,101833123.37229237
4.92734329453744e-08,709807254170.9064,173082.0712782338,100435213.67947082
4.961515151583473e-08,709807254170.9064,173082.04919005962,99056493.64300789
4.9959239955297725e-08,709807254170.9064,173082.02694870922,97696699.8395411
5.030571469915686e-08,709807254170.9064,173082.00455312038,96355572.46181013
5.065459229678708e-08,709807254170.9064,173081.98200222358,95032855.26902059
5.100588941233611e-08,709807254170.9064,173081.95929494195,93728295.53788278
5.135962282551962e-08,709807254170.9064,173081.9364301909,92441644.01432869
5.1715809432423376e-08,709807254170.9064,173081.91340687862,91172654.86588639
5.2074466246310044e-08,709807254170.9064,173081.8902239055,89921085.63471146
5.243561039843156e-08,709807254170.9064,173081.86688016448,88686697.1912634
5.279925913884764e-08,709807254170.9064,173081.84337454065,87469253.68861575
5.316542983724993e-08,709807254170.9064,173081.81970591153,86268522.51739426
5.353413998379147e-08,709807254170.9064,173081.79587314674,85084274.26133424
5.39054071899219e-08,709807254170.9064,173081.77187510816,83916282.65344857
5.4279249189228864e-08,709807254170.9064,173081.7477106497,82764324.53279573
5.46556838382853e-08,709807254170.9064,173081.72337861737,81628179.80184141
5.503472911750211e-08,709807254170.9064,173081.69887784912,80507631.38440679
5.541640313198682e-08,709807254170.9064,173081.67420717495,79402465.18419392
5.580072411240854e-08,709807254170.9064,173081.64936541664,78312470.04387937
5.618771041586901e-08,709807254170.9064,173081.62435138784,77237437.70476909
5.657738052677919e-08,709807254170.9064,173081.59916389405,76177162.7670088
5.696975305774196e-08,709807254170.9064,173081.5738017323,75131442.6503402
5.7364846750441355e-08,709807254170.9064,173081.54826369154,74100077.55539487
5.776268047653798e-08,709807254170.9064,173081.52254855202,73082870.42551939
5.816327323857025e-08,709807254170.9064,173081.4966550858,72079626.90912578
5.8566644170861736e-08,709807254170.9064,173081.4705820563,71090155.32255882
5.897281254043539e-08,709807254170.9064,173081.44432821838,70114266.61347172
5.9381797747934076e-08,709807254170.9064,173081.41789231825,69151774.32470465
5.979361932854699e-08,709807254170.9064,173081.3912730935,68202494.5586605
6.020829695294251e-08,709807254170.9064,173081.36446927284,67266245.94216934
6.062585042820805e-08,709807254170.9064,173081.3374795763,66342849.59183405
6.104629969879631e-08,709807254170.9064,173081.310302715,65432129.07985211
6.146966484747779e-08,709807254170.9064,173081.28293739102,64533910.400306985
6.189596609629957e-08,709807254170.9064,173081.2553822976,63648021.93592332
6.232522380755214e-08,709807254170.9064,173081.22763611883,62774294.42527502
6.275745848474099e-08,709807254170.9064,173081.19969752966,61912560.930447996
6.319269077356698e-08,709807254170.9064,173081.1715651959,61062656.80514232
6.363094146291144e-08,709807254170.9064,173081.14323777406,60224419.66321666
6.407223148583021e-08,709807254170.9064,173081.11471391143,59397689.34766024
6.451658192055245e-08,709807254170.9064,173081.08599224585,58582307.89999471
6.49640139914885e-08,709807254170.9064,173081.0570714057,57778119.53009221
6.541454907024261e-08,709807254170.9064,173081.02795000983,56984970.586411715
6.58682086766348e-08,709807254170.9064,173080.99862666763,56202709.52663992
6.632501447972769e-08,709807254170.9064,173080.9690999788,55431186.88873913
6.678498829886263e-08,709807254170.9064,173080.9393685332,54670255.262388535
6.724815210470078e-08,709807254170.9064,173080.90943091112,53919769.260821715
6.771452802027363e-08,709807254170.9064,173080.87928568292,53179585.49304664
6.818413832203868e-08,709807254170.9064,173080.84893140898,52449562.53645072
6.865700544094445e-08,709807254170.9064,173080.81836663978,51729560.909778625
6.913315196350092e-08,709807254170.9064,173080.7875899157,51019443.04648416
6.96126006328594e-08,709807254170.9064,173080.7565997671,50319073.26844481
7.009537434989778e-08,709807254170.9064,173080.72539471404,49628317.76004029
7.058149617431548e-08,709807254170.9064,173080.69397326634,48947044.5425838
7.10709893257338e-08,709807254170.9064,173080.66233392354,48275123.44910734
7.156387718480601e-08,709807254170.9064,173080.63047517475,47612426.09949023
7.206018329433367e-08,709807254170.9064,173080.59839549856,46958825.87593111
7.255993136039084e-08,709807254170.9064,173080.5660933631,46314197.89875634
7.306314525345678e-08,709807254170.9064,173080.5335672258,45678419.00255964
7.356984900955629e-08,709807254170.9064,173080.50081553345,45051367.71266958
7.408006683140765e-08,709807254170.9064,173080.467836722,44432924.22194043
7.459382308957821e-08,709807254170.9064,173080.43462921667,43822970.36786206
7.511114232364888e-08,709807254170.9064,173080.40119143168,43221389.60998288
7.563204924338648e-08,709807254170.9064,173080.36752177027,42628067.00764308
7.615656872992373e-08,709807254170.9064,173080.33361862463,42042889.19801406
7.668472583694739e-08,709807254170.9064,173080.29948037575,41465744.37443929
7.721654579189526e-08,709807254170.9064,173080.26510539345,40896522.26507196
7.775205399716148e-08,709807254170.9064,173080.23049203627,40335114.11180569
7.829127603130957e-08,709807254170.9064,173080.19563865126,39781412.64949525
7.883423765029385e-08,709807254170.9064,173080.16054357417,39235312.08546258
7.938096478869002e-08,709807254170.9064,173080.12520512906,38696708.07928326
7.993148356093422e-08,709807254170.9064,173080.08962162846,38165497.72285074
8.048582026257011e-08,709807254170.9064,173080.05379137318,37641579.52071465
8.104400137150447e-08,709807254170.9064,173080.01771265228,37124853.37068916
8.160605354927235e-08,709807254170.9064,173079.98138374285,36615220.544726774
8.217200364231079e-08,709807254170.9064,173079.94480291018,36112583.67005483
8.274187868324087e-08,709807254170.9064,173079.9079684074,35616846.71057142
8.33157058921586e-08,709807254170.9064,173079.87087847572,35127914.94849683
8.389351267793535e-08,709807254170.9064,173079.83353134387,34645694.966276065
8.447532663952745e-08,709807254170.9064,173079.7959252286,34170094.62873004
8.506117556729408e-08,709807254170.9064,173079.75805833406,33701023.065452166
8.565108744432417e-08,709807254170.9064,173079.71992885214,33238390.653446864
8.624509044777421e-08,709807254170.9064,173079.68153496206,32782109.000004947
8.684321295021278e-08,709807254170.9064,173079.64287483046,32332090.925816093
8.744548352097711e-08,709807254170.9064,173079.60394661129,31888250.448311094
8.805193092753632e-08,709807254170.9064,173079.56474844567,31450502.765234794
8.866258413686692e-08,709807254170.9064,173079.52527846186,31018764.238442484
8.9277472316835e-08,709807254170.9064,173079.4855347752,30592952.3779208
8.989662483759078e-08,709807254170.9064,173079.44551548778,30172985.826025877
9.052007127297021e-08,709807254170.9064,173079.4052186887,29758784.341939934
9.114784140190883e-08,709807254170.9064,173079.36464245382,29350268.786339276
9.177996520986283e-08,709807254170.9064,173079.32378484553,28947361.106274605
9.241647289024268e-08,709807254170.9064,173079.28264391294,28549984.320257094
9.305739484585395e-08,709807254170.9064,173079.24121769148,28158062.50355094
9.370276169035088e-08,709807254170.9064,173079.19950420308,27771520.77366613
9.435260424969722e-08,709807254170.9064,173079.15750145595,27390285.27605198
9.500695356364008e-08,709807254170.9064,173079.11520744444,27014283.169985447
9.566584088719109e-08,709807254170.9064,173079.07262014897,26643442.614654757
9.632929769212079e-08,709807254170.9064,173079.02973753607,26277692.755432516
9.699735566846033e-08,709807254170.9064,173078.9865575581,25916963.710338775
9.767004672601674e-08,709807254170.9064,173078.9430781532,25561186.556688376
9.834740299589546e-08,709807254170.9064,173078.89929724534,25210293.317923207
9.902945683203654e-08,709807254170.9064,173078.85521274392,24864216.950623628
9.971624081275941e-08,709807254170.9064,173078.81082254398,24522891.331699315
1.004077877423186e-07,709807254170.9064,173078.76612452592,24186251.245755747
1.0110413065247096e-07,709807254170.9064,173078.72111655548,23854232.372633763
1.018053028040539e-07,709807254170.9064,173078.67579648353,23526771.275120176
1.0251133768857372e-07,709807254170.9064,173078.63016214618,23203805.38682741
1.032222690298048e-07,709807254170.9064,173078.58421136433,22885273.000239633
1.0393813078540097e-07,709807254170.9064,173078.53794194403,22571113.2549225
1.046589571485178e-07,709807254170.9064,173078.49135167588,22261266.125894774
1.0538478254944549e-07,709807254170.9064,173078.44443833534,21955672.412159987
1.06115641657253e-07,709807254170.9064,173078.3971996824,21654273.725395467
1.0685156938144437e-07,709807254170.9064,173078.34963346142,21357012.478796348
1.0759260087362675e-07,709807254170.9064,173078.30173740129,21063831.8760726
1.0833877152918883e-07,709807254170.9064,173078.25350921508,20774675.900597632
1.0909011698899117e-07,709807254170.9064,173078.20494659993,20489489.30470566
1.0984667314106899e-07,709807254170.9064,173078.15604723716,20208217.599135816
1.1060847612234679e-07,709807254170.9064,173078.10680879193,19930807.04262104
1.11375562320364e-07,709807254170.9064,173078.05722891324,19657204.631620318
1.1214796837501262e-07,709807254170.9064,173078.00730523377,19387358.090191778
1.129257311802877e-07,709807254170.9064,173077.95703536982,19121215.860004563
1.137088878860501e-07,709807254170.9064,173077.9064169212,18858727.090487745
1.1449747589980045e-07,709807254170.9064,173077.85544747094,18599841.629114836
1.1529153288846556e-07,709807254170.9064,173077.80412458553,18344510.011821628
1.1609109678019786e-07,709807254170.9064,173077.7524458144,18092683.4535553
1.1689620576618771e-07,709807254170.9064,173077.70040869009,17844313.838953197
1.1770689830248699e-07,709807254170.9064,173077.64801072807,17599353.71314997
1.1852321311184554e-07,709807254170.9064,173077.59524942643,17357756.27271079
1.1934518918556124e-07,709807254170.9064,173077.54212226614,17119475.356688812
1.2017286578534286e-07,709807254170.9064,173077.48862671052,16884465.437805388
1.2100628244518496e-07,709807254170.9064,173077.43476020542,16652681.613751603
1.2184547897325576e-07,709807254170.9064,173077.3805201789,16424079.598609231
1.2269049545379898e-07,709807254170.9064,173077.3259040413,16198615.714389216
1.2354137224904903e-07,709807254170.9064,173077.2709091849,15976246.882686254
1.2439815000115846e-07,709807254170.9064,173077.21553298397,15756930.616448225
1.252608696341386e-07,709807254170.9064,173077.1597727946,15540625.011858666
1.2612957235581492e-07,709807254170.9064,173077.10362595448,15327288.740330275
1.2700429965979577e-07,709807254170.9064,173077.04708978295,15116881.040608488
1.2788509332745386e-07,709807254170.9064,173076.9901615806,14909361.710983574
1.2877199542992133e-07,709807254170.9064,173076.9328386295,14704691.10160975
1.296650483300997e-07,709807254170.9064,173076.87511819278,14502830.106929418
1.3056429468468499e-07,709807254170.9064,173076.8169975146,14303740.158201165
1.3146977744620222e-07,709807254170.9064,173076.75847382008,14107383.216131395
1.3238153986505876e-07,709807254170.9064,173076.699544315,13913721.763605986
1.3329962549161054e-07,709807254170.9064,173076.6402061859,13722718.798522113
1.3422407817824166e-07,709807254170.9064,173076.58045659974,13534337.82671861
1.351549420814585e-07,709807254170.9064,173076.52029270385,13348542.85500339
1.3609226166399928e-07,709807254170.9064,173076.45971162582,13165298.384276362
1.370360816969586e-07,709807254170.9064,173076.3987104733,12984569.402746718
1.3798644726192507e-07,709807254170.9064,173076.33728633387,12806321.379243638
1.3894340375313443e-07,709807254170.9064,173076.27543627503,12630520.256618677
1.3990699687963802e-07,709807254170.9064,173076.21315734385,12457132.445238652
1.4087727266748693e-07,709807254170.9064,173076.15044656696,12286124.816567745
1.4185427746192968e-07,709807254170.9064,173076.08730095043,12117464.696837999
1.4283805792962538e-07,709807254170.9064,173076.0237174795,11951119.860806635
1.4382866106087337e-07,709807254170.9064,173075.95969311852,11787058.525598885
1.448261341718583e-07,709807254170.9064,173075.89522481096,11625249.344635375
1.4583052490690955e-07,709807254170.9064,173075.8303094789,11465661.401643023
1.468418812407764e-07,709807254170.9064,173075.76494402313,11308264.204748167
1.4786025148092017e-07,709807254170.9064,173075.69912532307,11153027.680650596
1.4888568426982213e-07,709807254170.9064,173075.63285023646,10999922.168877563
1.4991822858730645e-07,709807254170.9064,173075.56611559918,10848918.416116813
1.5095793375287903e-07,709807254170.9064,173075.49891822532,10699987.570627479
1.5200484942808378e-07,709807254170.9064,173075.43125490678,10553101.176727455
1.5305902561887552e-07,709807254170.9064,173075.36312241323,10408231.16935646
1.5412051267800772e-07,709807254170.9064,173075.2945174921,10265349.868713954
1.5518936130743703e-07,709807254170.9064,173075.22543686803,10124429.974970601
1.5626562256074577e-07,709807254170.9064,173075.15587724317,9985444.563052176
1.57349347845581e-07,709807254170.9064,173075.08583529675,9848367.077495117
1.5844058892610945e-07,709807254170.9064,173075.01530768495,9713171.32737281
1.5953939792548942e-07,709807254170.9064,173074.94429104083,9579831.481291542
1.60645827328361e-07,709807254170.9064,173074.87278197406,9448322.062454982
1.6175992998335374e-07,709807254170.9064,173074.80077707084,9318617.943796432
1.6288175910561023e-07,709807254170.9064,173074.72827289376,9190694.343178034
1.640113682793274e-07,709807254170.9064,173074.6552659815,9064526.818655875
1.6514881146031645e-07,709807254170.9064,173074.58175284884,8940091.263809962
1.6629414297858085e-07,709807254170.9064,173074.5077299863,8817363.903138287
1.674474175409107e-07,709807254170.9064,173074.43319386026,8696321.287514273
1.6860869023349513e-07,709807254170.9064,173074.35814091237,8576940.289706564
1.6977801652455417e-07,709807254170.9064,173074.28256755983,8459198.099960197
1.7095545226698887e-07,709807254170.9064,173074.20647019488,8343072.221638407
1.7214105370104845e-07,709807254170.9064,173074.12984518489,8228540.466924429
1.7333487745701587e-07,709807254170.9064,173074.05268887186,8115580.952582257
1.7453698055791358e-07,709807254170.9064,173073.97499757263,8004172.095775512
1.757474204222278e-07,709807254170.9064,173073.89676757844,7894292.6099436665
1.769662548666505e-07,709807254170.9064,173073.8179951548,7785921.500735037
1.7819354210884023e-07,709807254170.9064,173073.73867654137,7679038.061995584
1.794293407702037e-07,709807254170.9064,173073.65880795184,7573621.871812666
1.806737098786965e-07,709807254170.9064,173073.57838557343,7469652.788613067
1.819267088716418e-07,709807254170.9064,173073.4974055672,7367110.947314777
1.8318839759856838e-07,709807254170.9064,173073.41586406747,7265976.755531568
1.8445883632407143e-07,709807254170.9064,173073.3337571818,7166230.889829413
1.8573808573069015e-07,709807254170.9064,173073.25108099077,7067854.292034584
1.870262069218053e-07,709807254170.9064,173073.16783154776,6970828.165592388
1.8832326142455875e-07,709807254170.9064,173073.0840048789,6875133.971975764
1.8962931119279293e-07,709807254170.9064,173072.99959698276,6780753.427143186
1.9094441861000933e-07,709807254170.9064,173072.9146038301,6687668.498045318
1.9226864649234761e-07,709807254170.9064,173072.82902136384,6595861.399179586
1.9360205809158662e-07,709807254170.9064,173072.74284549875,6505314.589191986
1.9494471709816647e-07,709807254170.9064,173072.65607212132,6416010.76752549
1.9629668764422992e-07,709807254170.9064,173072.5686970895,6327932.871114615
1.9765803430668487e-07,709807254170.9064,173072.4807162326,6241064.071125324
1.9902882211028966e-07,709807254170.9064,173072.39212535095,6155387.769739606
2.0040911653075982e-07,709807254170.9064,173072.30292021585,6070887.596984177
2.0179898349789466e-07,709807254170.9064,173072.2130965693,5987547.407602826
2.0319848939872556e-07,709807254170.9064,173072.12265012373,5905351.2779717045
2.046077010806879e-07,709807254170.9064,173072.03157656186,5824283.503056817
2.0602668585481474e-07,709807254170.9064,173071.93987153666,5744328.593413352
2.0745551149895114e-07,709807254170.9064,173071.84753067076,5665471.272226225
2.0889424626099074e-07,709807254170.9064,173071.75454955662,5587696.472391298
2.1034295886213644e-07,709807254170.9064,173071.66092375602,5510989.3336365465
2.1180171850018377e-07,709807254170.9064,173071.56664880016,5435335.199682761
2.1327059485282518e-07,709807254170.9064,173071.4717201892,5360719.615443305
2.1474965808097748e-07,709807254170.9064,173071.376133392,5287128.324262309
2.1623897883213378e-07,709807254170.9064,173071.27988384626,5214547.2651907075
2.177386282437389e-07,709807254170.9064,173071.18296695786,5142962.570299649
2.192486779465865e-07,709807254170.9064,173071.08537810098,5072360.562030883
2.2076920006823943e-07,709807254170.9064,173070.98711261767,5002727.750583514
2.2230026723647594e-07,709807254170.9064,173070.88816581777,4934050.831336544
2.238419525827596e-07,709807254170.9064,173070.78853297865,4866316.682306805
2.2539432974573155e-07,709807254170.9064,173070.68820934484,4799512.361641857
2.269574728747269e-07,709807254170.9064,173070.587190128,4733625.1051473105
2.285314566333174e-07,709807254170.9064,173070.48547050665,4668642.323848014
2.3011635620287867e-07,709807254170.9064,173070.38304562584,4604551.601582704
2.3171224728618038e-07,709807254170.9064,173070.27991059708,4541340.692631779
2.3331920611100113e-07,709807254170.9064,173070.17606049782,4478997.5193776125
2.3493730943377054e-07,709807254170.9064,173070.07149037163,4417510.169996918
2.3656663454323637e-07,709807254170.9064,173069.9661952276,4356866.896184797
2.3820725926415537e-07,709807254170.9064,173069.86017004034,4297056.110910096
2.398592619610095e-07,709807254170.9064,173069.75340974954,4238066.38620158
2.415227215417501e-07,709807254170.9064,173069.6459092599,4179886.4509644127
2.431977174615677e-07,709807254170.9064,173069.53766344083,4122505.1888266406
2.448843297266866e-07,709807254170.9064,173069.42866712617,4065911.636015274
2.4658263889818496e-07,709807254170.9064,173069.31891511395,4010094.979261543
2.4829272609584405e-07,709807254170.9064,173069.2084021662,3955044.5537348366
2.500146730020238e-07,709807254170.9064,173069.0971230087,3900749.841005008
2.517485618655636e-07,709807254170.9064,173068.9850723306,3847200.4670327054
2.5349447550570896e-07,709807254170.9064,173068.87224478432,3794386.200187324
2.552524973160709e-07,709807254170.9064,173068.75863498525,3742296.949292009
2.570227112686075e-07,709807254170.9064,173068.64423751138,3690922.761695637
2.588052019176336e-07,709807254170.9064,173068.52904690328,3640253.821371262
2.60600054403861e-07,709807254170.9064,173068.41305766365,3590280.4470405877
2.6240735445846586e-07,709807254170.9064,173068.29626425702,3540993.090324193
2.6422718840718287e-07,709807254170.9064,173068.17866110973,3492382.333917212
2.6605964317442734e-07,709807254170.9064,173068.0602426094,3444438.8897900553
2.6790480628744844e-07,709807254170.9064,173067.94100310482,3397153.5974137615
2.697627658805108e-07,709807254170.9064,173067.82093690557,3350517.4220097326
2.716336106991031e-07,709807254170.9064,173067.7000382819,3304521.4528235355
2.7351743010417645e-07,709807254170.9064,173067.57830146438,3259156.9014223996
2.75414314076413e-07,709807254170.9064,173067.45572064348,3214415.1000160384
2.773243532205257e-07,709807254170.9064,173067.3322899696,3170287.4998005154
2.792476387695844e-07,709807254170.9064,173067.2080035525,3126765.6693249065
2.811842625893729e-07,709807254170.9064,173067.08285546125,3083841.2928803694
2.8313431718277776e-07,709807254170.9064,173066.95683972372,3041506.168911287
2.850978956942079e-07,709807254170.9064,173066.8299503265,2999752.2084482177
2.8707509191404255e-07,709807254170.9064,173066.70218121447,2958571.433562408
2.890660002831101e-07,709807254170.9064,173066.5735262906,2917955.975841516
2.9107071589719993e-07,709807254170.9064,173066.44397941566,2877898.0748862224
2.9308933451160605e-07,709807254170.9064,173066.31353440788,2838390.0768274623
2.9512195254569976e-07,709807254170.9064,173066.18218504262,2799424.4328640723
2.971686670875337e-07,709807254170.9064,173066.04992505218,2760993.6978205065
2.9922957589848057e-07,709807254170.9064,173065.9167481255,2723090.5287243077
3.01304777417904e-07,709807254170.9064,173065.7826479077,2685707.6834030966
3.0339437076785907e-07,709807254170.9064,173065.647618,2648838.0191008844
3.05498455757826e-07,709807254170.9064,173065.51165195915,2612474.4911133596
3.076171328894784e-07,709807254170.9064,173065.37474329746,2576610.1514418786
3.097505033614851e-07,709807254170.9064,173065.23688548218,2541238.147465927
3.1189866907434294e-07,709807254170.9064,173065.09807193538,2506351.7206338467
3.140617326352424e-07,709807254170.9064,173064.9582960335,2471944.2051715436
3.162397973629701e-07,709807254170.9064,173064.8175511072,2438009.026808869
3.184329672928451e-07,709807254170.9064,173064.67583044092,2404539.7015234926
3.206413471816867e-07,709807254170.9064,173064.53312727256,2371529.834302056
3.228650425128172e-07,709807254170.9064,173064.38943479327,2338973.1179183316
3.2510415950110116e-07,709807254170.9064,173064.24474614693,2306863.3317281133
3.2735880509802055e-07,709807254170.9064,173064.09905443006,2275194.340480658
3.2962908699678153e-07,709807254170.9064,173063.95235269127,2243960.0931464736
3.3191511363745744e-07,709807254170.9064,173063.8046339311,2213154.621761198
3.3421699421216946e-07,709807254170.9064,173063.6558911016,2182772.0402853186
3.3653483867030395e-07,709807254170.9064,173063.50611710604,2152806.5434795334
3.3886875772376234e-07,709807254170.9064,173063.35530479846,2123252.4057956003
3.412188628522482e-07,709807254170.9064,173063.20344698356,2094103.9802824038
3.435852663085936e-07,709807254170.9064,173063.05053641606,2065355.697506999
3.4596808112412166e-07,709807254170.9064,173062.89656580065,2037002.0644904796
3.483674211140449e-07,709807254170.9064,173062.7415277914,2009037.6636584771
3.5078340088289957e-07,709807254170.9064,173062.58541499157,1981457.1518060712
3.532161358300215e-07,709807254170.9064,173062.42821995314,1954255.259076874
3.556657421550594e-07,709807254170.9064,173062.26993517665,1927426.7879561335
3.5813233686352383e-07,709807254170.9064,173062.11055311054,1900966.6122776838
3.606160377723738e-07,709807254170.9064,173061.9500661511,1874869.676244542
3.631169635156485e-07,709807254170.9064,173061.7884666419,1849130.993462875
3.6563523355013186e-07,709807254170.9064,173061.62574687356,1823745.6459893002
3.6817096816105687e-07,709807254170.9064,173061.46189908322,1798708.7833912524
3.707242884678524e-07,709807254170.9064,173061.29691545438,1774015.621820223
3.7329531642993014e-07,709807254170.9064,173061.13078811634,1749661.4430977204
3.758841748525083e-07,709807254170.9064,173060.96350914394,1725641.5938138056
3.78490987392476e-07,709807254170.9064,173060.7950705572,1701951.4844380044
3.811158785643012e-07,709807254170.9064,173060.62546432076,1678586.588442395
3.837589737459799e-07,709807254170.9064,173060.45468234384,1655542.44143673
3.8642039918502287e-07,709807254170.9064,173060.28271647936,1632814.640315468
3.891002820044847e-07,709807254170.9064,173060.10955852407,1610398.842416503
3.917987502090372e-07,709807254170.9064,173059.93520021788,1588290.7646914227
3.9451593269108516e-07,709807254170.9064,173059.75963324343,1566486.1828871532
3.9725195923692126e-07,709807254170.9064,173059.58284922587,1544980.9307388677
4.000069605329239e-07,709807254170.9064,173059.40483973233,1523770.8991739692
4.027810681718008e-07,709807254170.9064,173059.22559627154,1502852.0355269786
4.0557441465887625e-07,709807254170.9064,173059.04511029352,1482220.342765201
4.0838713341841876e-07,709807254170.9064,173058.863373189,1461871.8787250419
4.1121935880001224e-07,709807254170.9064,173058.68037628924,1441802.7553588122
4.140712260849748e-07,709807254170.9064,173058.49611086538,1422009.1379918442
4.169428714928224e-07,709807254170.9064,173058.3105681282,1402487.2445898077
4.1983443218777344e-07,709807254170.9064,173058.1237392276,1383233.3450361069
4.2274604628529896e-07,709807254170.9064,173057.9356152522,1364243.760419196
4.2567785285872113e-07,709807254170.9064,173057.74618722906,1345514.8623296574
4.2862999194585804e-07,709807254170.9064,173057.55544612298,1327043.0721669255
4.3160260455571094e-07,709807254170.9064,173057.36338283628,1308824.860455553
4.345958326751975e-07,709807254170.9064,173057.16998820833,1290856.746170863
4.376098192759359e-07,709807254170.9064,173056.97525301503,1273135.2960738316
4.406447083210754e-07,709807254170.9064,173056.7791679685,1255657.1240551078
4.43700644772171e-07,709807254170.9064,173056.58172371658,1238418.8904880558
4.4677777459610595e-07,709807254170.9064,173056.38291084228,1221417.3015906767
4.4987624477206543e-07,709807254170.9064,173056.18271986357,1204649.1087962715
4.5299620329855893e-07,709807254170.9064,173055.98114123268,1188111.1081327426
4.561377992004875e-07,709807254170.9064,173055.77816533585,1171800.1396104363
4.5930118253626015e-07,709807254170.9064,173055.57378249266,1155713.086618387
4.6248650440496336e-07,709807254170.9064,173055.36798295585,1139846.87532883
4.656939169535799e-07,709807254170.9064,173055.16075691054,1124198.4741098923
4.6892357338425463e-07,709807254170.9064,173054.95209447408,1108764.892946359
4.7217562796161e-07,709807254170.9064,173054.74198569526,1093543.182868396
4.7545023602011645e-07,709807254170.9064,173054.53042055413,1078530.4353880933
4.787475539715141e-07,709807254170.9064,173054.31738896144,1063723.7819437452
4.820677393122817e-07,709807254170.9064,173054.10288075794,1049120.3933517733
4.854109506311572e-07,709807254170.9064,173053.8868857142,1034717.4792661801
4.887773476167156e-07,709807254170.9064,173053.66939352997,1020512.2876453964
4.921670910649972e-07,709807254170.9064,173053.45039383377,1006502.1042264556
4.95580342887187e-07,709807254170.9064,173053.22987618225,992684.2520063979
4.990172661173452e-07,709807254170.9064,173053.00783005988,979056.0907308009
5.024780249202001e-07,709807254170.9064,173052.78424487833,965615.0163892913
5.059627845989872e-07,709807254170.9064,173052.55910997602,952358.460718022
5.09471711603342e-07,709807254170.9064,173052.3324146176,939283.8907089707
5.130049735372532e-07,709807254170.9064,173052.10414799338,926388.808125962
5.1656273916707e-07,709807254170.9064,173051.87429921897,913670.749027332
5.201451784295614e-07,709807254170.9064,173051.6428573346,901127.2832951617
5.237524624400307e-07,709807254170.9064,173051.40981130468,888756.0141709711
5.273847635004916e-07,709807254170.9064,173051.17515001728,876554.5777977725
5.310422551078997e-07,709807254170.9064,173050.93886228363,864520.6427684128
5.347251119624379e-07,709807254170.9064,173050.70093683744,852651.9096801268
5.384335099758585e-07,709807254170.9064,173050.46136233458,840946.1106952068
5.421676262798881e-07,709807254170.9064,173050.22012735237,829401.0091076895
5.459276392346901e-07,709807254170.9064,173049.97722038906,818014.3989159904
5.497137284373823e-07,709807254170.9064,173049.73262986352,806784.1044014189
5.535260747306128e-07,709807254170.9064,173049.4863441143,795707.9797124794
5.573648602112003e-07,709807254170.9064,173049.2383513994,784783.9084548648
5.612302682388343e-07,709807254170.9064,173048.98863989545,774009.8032870782
5.651224834448309e-07,709807254170.9064,173048.73719769745,763383.6055216208
5.690416917409495e-07,709807254170.9064,173048.484012818,752903.2847316522
5.729880803282753e-07,709807254170.9064,173048.22907318667,742566.8383630363
5.769618377061628e-07,709807254170.9064,173047.97236664966,732372.2913517181
5.809631536812378e-07,709807254170.9064,173047.71388096907,722317.6957463596
5.849922193764608e-07,709807254170.9064,173047.4536038223,712401.1303361584
5.890492272402582e-07,709807254170.9064,173047.19152280156,702620.700283764
5.931343710557173e-07,709807254170.9064,173046.92762541323,692974.5367632314
5.972478459498403e-07,709807254170.9064,173046.66189907724,683460.7966029571
6.013898484028609e-07,709807254170.9064,173046.3943311266,674077.6619335188
6.05560576257633e-07,709807254170.9064,173046.12490880655,664823.3398403334
6.097602287290822e-07,709807254170.9064,173045.8536192743,655696.0620210872
6.139890064137194e-07,709807254170.9064,173045.58044959808,646694.0844478777
6.182471112992193e-07,709807254170.9064,173045.3053867568,637815.6870339945
6.225347467740714e-07,709807254170.9064,173045.02841763923,629059.1733052616
6.268521176372969e-07,709807254170.9064,173044.74952904353,620422.8700758949
6.311994301082286e-07,709807254170.9064,173044.46870767645,611905.1271288149
6.355768918363587e-07,709807254170.9064,173044.1859401529,603504.316900353
6.399847119112589e-07,709807254170.9064,173043.90121299532,595218.8341692719
6.444231008725713e-07,709807254170.9064,173043.61451263275,587047.0957500571
6.488922707200613e-07,709807254170.9064,173043.32582540045,578987.5401904271
6.533924349237416e-07,709807254170.9064,173043.03513753926,571038.6274729981
6.579238084340711e-07,709807254170.9064,173042.74243519484,563198.8387210319
6.624866076922248e-07,709807254170.9064,173042.44770441705,555466.6759082245
6.670810506404291e-07,709807254170.9064,173042.1509311592,547840.6615724884
6.7170735673237e-07,709807254170.9064,173041.85210127762,540319.3385336623
6.763657469436765e-07,709807254170.9064,173041.55120053078,532901.2696150892
6.810564437824798e-07,709807254170.9064,173041.24821457863,525585.037369013
6.857796713000378e-07,709807254170.9064,173040.94312898206,518369.24380575784
6.905356551014345e-07,709807254170.9064,173040.6359292021,511252.5101266212
6.953246223563567e-07,709807254170.9064,173040.32660059928,504233.4764604296
7.001468018099559e-07,709807254170.9064,173040.0151284328,497310.8016036967
7.050024237937562e-07,709807254170.9064,173039.70149786014,490483.16276439006
7.098917202366664e-07,709807254170.9064,173039.38569393597,483749.25530917285
7.148149246760599e-07,709807254170.9064,173039.06770161184,477107.7925141304
7.197722722689262e-07,709807254170.9064,173038.7475057351,470557.50531892356
7.247639998031005e-07,709807254170.9064,173038.42509104853,464097.14208431693
7.29790345708577e-07,709807254170.9064,173038.10044218917,457725.4683530269
7.348515500688999e-07,709807254170.9064,173037.77354368818,451441.26661385474
7.399478546326288e-07,709807254170.9064,173037.44437996956,445243.3360690632
7.450795028248821e-07,709807254170.9064,173037.11293534972,439130.49240494735
7.502467397589678e-07,709807254170.9064,173036.77919403676,433101.5675655467
7.55449812248094e-07,709807254170.9064,173036.44314012944,427155.40952946467
7.606889688171549e-07,709807254170.9064,173036.1047576167,421290.8820897586
7.659644597145989e-07,709807254170.9064,173035.76403037694,415506.86463685107
7.712765369243843e-07,709807254170.9064,173035.42094217698,409802.25194441393
7.766254541780188e-07,709807254170.9064,173035.07547667148,404175.9539581922
7.820114669666757e-07,709807254170.9064,173034.72761740215,398626.89558773435
7.874348325533944e-07,709807254170.9064,173034.37734779695,393154.01650097943
7.928958099853716e-07,709807254170.9064,173034.0246511694,387756.27092165954
7.983946601063381e-07,709807254170.9064,173033.66951071753,382432.6274294822
8.039316455690145e-07,709807254170.9064,173033.31190952344,377182.06876306265
8.095070308476537e-07,709807254170.9064,173032.9518305522,372003.5916255612
8.151210822506771e-07,709807254170.9064,173032.58925665126,366896.2064929827
8.207740679333978e-07,709807254170.9064,173032.22417054945,361858.93742510607
8.264662579108253e-07,709807254170.9064,173031.85655485632,356890.8218790186
8.321979240705605e-07,709807254170.9064,173031.48639206134,351990.91052520653
8.379693401857848e-07,709807254170.9064,173031.11366453278,347158.2670661656
8.437807819283408e-07,709807254170.9064,173030.73835451732,342391.9680575026
8.496325268818963e-07,709807254170.9064,173030.3604441388,337691.1027314967
8.555248545551996e-07,709807254170.9064,173029.97991539765,333054.7728230845
8.614580463954332e-07,709807254170.9064,173029.59675016996,328482.0923982272
8.674323858016616e-07,709807254170.9064,173029.2109302066,323972.1876846336
8.734481581383639e-07,709807254170.9064,173028.8224371323,319524.19690481346
8.795056507490602e-07,709807254170.9064,173028.43125244498,315137.27011142176
8.85605152970041e-07,709807254170.9064,173028.03735751455,310810.5690248579
8.917469561441903e-07,709807254170.9064,173027.6407335825,306543.2668730947
8.979313536348982e-07,709807254170.9064,173027.24136176048,302334.548233711
9.041586408400701e-07,709807254170.9064,173026.83922302985,298183.60887809296
9.104291152062393e-07,709807254170.9064,173026.43429824055,294089.6556177684
9.16743076242779e-07,709807254170.9064,173026.02656811022,290051.9061528517
9.231008255362042e-07,709807254170.9064,173025.61601322336,286069.588922573
9.295026667645732e-07,709807254170.9064,173025.2026140304,282141.9429578599
9.359489057119973e-07,709807254170.9064,173024.78635084664,278268.2177359373
9.424398502832491e-07,709807254170.9064,173024.3672038516,274447.67303692456
9.489758105184668e-07,709807254170.9064,173023.94515308779,270679.5788024046
9.555570986079594e-07,709807254170.9064,173023.52017845993,266963.2149959344
9.621840289071214e-07,709807254170.9064,173023.09225973402,263297.8714654675
9.68856917951453e-07,709807254170.9064,173022.6613765363,259682.84780766253
9.755760844716753e-07,709807254170.9064,173022.2275083523,256117.45323406128
9.823418494089475e-07,709807254170.9064,173021.79063452597,252601.00643910325
9.891545359302098e-07,709807254170.9064,173021.35073425854,249132.83546994298
9.960144694436135e-07,709807254170.9064,173020.90778660774,245712.27759806407
1.002921977614059e-06,705684329618.1903,173020.46177048658,243754.53051396224
1.0098773903788518e-06,696005909124.1835,173020.01266466267,243750.83630659385
1.0168810399634656e-06,686460287238.6086,173019.56044775684,243747.11660055583
1.0239332608974068e-06,677045641405.6035,173019.10509824243,243743.37122088988
1.0310343900301901e-06,667760174085.2896,173018.6465944442,243739.5999914504
1.0381847665474311e-06,658602112410.3832,173018.18491453715,243735.8027348971
1.045384731987052e-06,649569707847.5219,173017.72003654577,243731.97927268688
1.0526346302555915e-06,640661235863.2471,173017.25193834282,243728.1294250661
1.0599348076446268e-06,631874995594.5769,173016.78059764823,243724.2530110621
1.0672856128473189e-06,623209309524.0841,173016.30599202824,243720.3498484755
1.0746873969750714e-06,614662523159.4407,173015.82809889424,243716.41975387212
1.0821405135742982e-06,606233004717.3663,173015.34689550172,243712.46254257462
1.089645318643305e-06,597919144811.9193,173014.86235894915,243708.4780286542
1.097202170649299e-06,589719356147.0529,173014.37446617702,243704.46602492282
1.1048114305455152e-06,581632073213.3937,173013.88319396658,243700.42634292404
1.1124734617884527e-06,573655751989.1932,173013.38851893894,243696.3587929255
1.1201886303552307e-06,565788869645.3816,173012.89041755386,243692.26318391005
1.1279573047610745e-06,558029924254.6624,173012.38886610864,243688.13932356716
1.1357798560769212e-06,550377434504.6002,173011.88384073708,243683.98701828482
1.1436566579471403e-06,542829939414.65656,173011.37531740818,243679.80607314047
1.1515880866073757e-06,535385998057.1088,173010.86327192528,243675.5962918927
1.1595745209025214e-06,528044189281.7914,173010.34767992471,243671.35747697245
1.1676163423048216e-06,520803111444.6162,173009.82851687467,243667.08942947414
1.1757139349320869e-06,513661382139.82825,173009.30575807422,243662.79194914718
1.1838676855660378e-06,506617637935.9345,173008.77937865187,243658.46483438666
1.1920779836707826e-06,499670534115.253,173008.24935356472,243654.1078822249
1.2003452214114266e-06,492818744417.0327,173007.715657597,243649.72088832204
1.2086697936727978e-06,486060960784.1116,173007.17826535902,243645.3036469575
1.2170520980783044e-06,479395893113.05035,173006.637151286,243640.85595102032
1.2254925350089318e-06,472822269007.68756,173006.09228963684,243636.3775920008
1.2339915076223722e-06,466338833536.07916,173005.5436544928,243631.86835998038
1.2425494218722762e-06,459944348990.7819,173004.99121975646,243627.3280436231
1.2511666865276376e-06,453637594652.4267,173004.43495915044,243622.75643016602
1.2598437131923246e-06,447417366556.52936,173003.8748462161,243618.1533054099
1.2685809163247442e-06,441282477263.50385,173003.31085431227,243613.51845370972
1.2773787132576333e-06,435231755631.8396,173002.7429566142,243608.85165796534
1.2862375242179895e-06,429264046594.3902,173002.17112611214,243604.1526996118
1.2951577723471455e-06,423378210937.7292,173001.59533560998,243599.42135860978
1.3041398837209882e-06,417573125084.5315,173001.01555772425,243594.65741343593
1.3131842873703034e-06,411847680878.95135,173000.43176488258,243589.86064107346
1.3222914153012641e-06,406200785374.94495,172999.8439293225,243585.03081700162
1.3314617025160704e-06,400631360627.4923,172999.2520230902,243580.16771518675
1.340695587033732e-06,395138343486.6853,172998.65601803915,243575.27110807167
1.349993509910986e-06,389720685394.64825,172998.05588582874,243570.34076656628
1.3593559152633575e-06,384377352185.24695,172997.45159792303,243565.3764600372
1.3687832502863767e-06,379107323886.54114,172996.84312558937,243560.37795629757
1.3782759652769566e-06,373909594525.9407,172996.2304398971,243555.34502159758
1.3878345136548708e-06,368783171938.064,172995.6135117161,243550.2774206134
1.397459351984428e-06,363727077575.20685,172994.99231171553,243545.17491643757
1.4071509399962842e-06,358740346320.4203,172994.36681036238,243540.03727056822
1.4169097406093959e-06,353822026303.1596,172993.7369779201,243534.86424289932
1.4267362199531253e-06,348971178717.46405,172993.10278444728,243529.65559170936
1.436630847389511e-06,344186877642.626,172992.46419979612,243524.41107365154
1.4465940955356926e-06,339468209866.3219,172991.82119361107,243519.130443743
1.45662644028648e-06,334814274710.1773,172991.17373532752,243513.81345535387
1.4667283608370784e-06,330224183857.72534,172990.52179417017,243508.45986019712
1.4769003397059825e-06,325697061184.722,172989.8653391517,243503.06940831733
1.487142862758031e-06,321232042591.79016,172989.20433907135,243497.64184808018
1.4974564192276063e-06,316828275839.3674,172988.53876251343,243492.1769261611
1.5078415017419986e-06,312484920384.91724,172987.86857784574,243486.6743875349
1.5182986063449416e-06,308201147222.37164,172987.1937532183,243481.1339754644
1.5288282325203116e-06,303976138723.7772,172986.5142565616,243475.55543148916
1.5394308832159796e-06,299809088483.1192,172985.83005558542,243469.9384954148
1.550107064867829e-06,295699201162.2896,172985.14111777704,243464.28290530154
1.5608572874239511e-06,291645692339.16614,172984.44741039976,243458.58839745246
1.571682064369009e-06,287647788357.774,172983.7489004916,243452.85470640304
1.582581912748758e-06,283704726180.51154,172983.0455548634,243447.08156490888
1.5935573531947365e-06,279815753242.40314,172982.33734009764,243441.26870393494
1.6046089099491399e-06,275980127307.34845,172981.62422254658,243435.4158526432
1.6157371108898668e-06,272197116326.3446,172980.90616833078,243429.52273838173
1.626942487555728e-06,268465998297.65982,172980.1831433376,243423.58908667232
1.6382255751718286e-06,264786061128.92508,172979.4551132195,243417.6146211995
1.6495869126751384e-06,261156602501.11606,172978.7220433926,243411.59906379788
1.661027042740242e-06,257576929734.40033,172977.98389903476,243405.54213444106
1.672546511805253e-06,254046359655.83203,172977.2406450842,243399.44355122856
1.6841458700979077e-06,250564218468.86172,172976.49224623793,243393.30303037493
1.6958256716618533e-06,247129841624.63287,172975.73866694976,243387.12028619702
1.7075864743831185e-06,243742573695.0463,172974.97987142898,243380.8950311017
1.719428840016755e-06,240401768247.5701,172974.21582363854,243374.626975574
1.7313533342136617e-06,237106787721.76816,172973.4464872934,243368.31582816428
1.7433605265476105e-06,233857003307.51987,172972.67182585876,243361.96129547627
1.755450990542459e-06,230651794824.91104,172971.89180254852,243355.56308215423
1.7676253036995383e-06,227490550605.7778,172971.10638032333,243349.12089087063
1.7798840475252292e-06,224372667376.87646,172970.31552188916,243342.63442231354
1.792227807558746e-06,221297550144.65274,172969.51918969525,243336.1033751736
1.8046571734001113e-06,218264612081.5935,172968.71734593256,243329.52744613177
1.8171727387383115e-06,215273274414.14197,172967.90995253203,243322.90632984583
1.829775101379647e-06,212322966312.15063,172967.09697116257,243316.23971893822
1.8424648632762933e-06,209413124779.84964,172966.27836322956,243309.52730398218
1.8552426305550612e-06,206543194548.31012,172965.45408987292,243302.76877348946
1.868109013546341e-06,203712627969.38846,172964.62411196524,243295.9638138967
1.8810646268132472e-06,200920884911.12537,172963.78839011,243289.11210955246
1.8941100891809807e-06,198167432654.5782,172962.94688463988,243282.2133427035
1.9072460237663947e-06,195451745792.06857,172962.0995556147,243275.26719348214
1.92047305800775e-06,192773306126.8312,172961.2463628196,243268.27333989178
1.9337918236946734e-06,190131602574.03925,172960.38726576336,243261.23145779458
1.947202956998359e-06,187526131063.18283,172959.52222367623,243254.1412208968
1.960707098501941e-06,184956394441.7939,172958.65119550828,243247.00230073556
1.9743048932310864e-06,182421902380.49124,172957.77413992738,243239.8143666654
1.9879969906848094e-06,179922171279.32715,172956.8910153172,243232.5770858436
2.001784044866505e-06,177456724175.41837,172956.0017797754,243225.2901232172
2.01566671431518e-06,175025090651.84882,172955.1063911117,243217.9531415082
2.029645662136897e-06,172626806747.82245,172954.20480684575,243210.56580119982
2.043721556036458e-06,170261414870.04617,172953.2969842054,243203.12776052285
2.057895068349305e-06,167928463705.32996,172952.38288012444,243195.63867544025
2.072166876073628e-06,165627508134.38846,172951.46245124086,243188.09819963403
2.086537660902688e-06,163358109146.82706,172950.53565389462,243180.50598448998
2.101008109257394e-06,161119833757.29065,172949.60244412575,243172.8616790836
2.1155789123190907e-06,158912254922.76492,172948.66277767223,243165.16493016554
2.130250766062571e-06,156734951461.01425,172947.71660996808,243157.41538214692
2.1450243712893047e-06,154587507970.14014,172946.76389614108,243149.6126770845
2.1599004336609267e-06,152469514749.24023,172945.80459101088,243141.75645466583
2.174879663732947e-06,150380567720.15726,172944.8386490868,243133.84635219473
2.1899627769886847e-06,148320268350.3043,172943.8660245657,243125.88200457598
2.205150493873431e-06,146288223576.54944,172942.8866713299,243117.86304430015
2.220443539828875e-06,144284045730.1423,172941.90054294516,243109.78910142914
2.2358426453277584e-06,142307352462.67212,172940.90759265822,243101.65980357985
2.2513485459087602e-06,140357766673.04333,172939.90777339495,243093.4747759103
2.2669619822116206e-06,138434916435.45456,172938.90103775804,243085.23364110288
2.2826837000125267e-06,136538434928.36299,172937.88733802468,243076.93601934955
2.298514450259742e-06,134667960364.4247,172936.86662614462,243068.58152833642
2.3144549891094694e-06,132823135921.398,172935.8388537377,243060.1697832277
2.330506077961956e-06,131003609673.99612,172934.80397209173,243051.70039665038
2.3466684834978746e-06,129209034526.67236,172933.76193216027,243043.17297867808
2.3629429777149502e-06,127439068147.32834,172932.71268456022,243034.5871368152
2.3793303379648273e-06,125693372901.93419,172931.65617956963,243025.94247598108
2.39583134699019e-06,123971615790.04613,172930.59236712547,243017.238598494
2.4124467929621586e-06,122273468381.20708,172929.52119682115,243008.47510405484
2.429177469517947e-06,120598606752.22038,172928.44261790422,242999.6515897308
2.446024175798761e-06,118946711425.28653,172927.35657927426,242990.76764993925
2.4629877164879595e-06,117317467306.98883,172926.26302948018,242981.82287643128
2.4800689018495e-06,115710563628.11488,172925.16191671803,242972.81685827504
2.4972685477666497e-06,114125693884.30397,172924.05318882858,242963.7491818394
2.514587475780949e-06,112562555777.5111,172922.93679329497,242954.61943077712
2.5320265131314405e-06,111020851158.27446,172921.8126772401,242945.42718600796
2.549586492794191e-06,109500285968.77357,172920.68078742435,242936.17202570202
2.5672682535220907e-06,108000570186.669,172919.54107024317,242926.8535252629
2.5850726398849067e-06,106521417769.71468,172918.39347172444,242917.47125731024
2.603000502309611e-06,105062546601.13058,172917.23793752602,242908.02479166316
2.621052697121014e-06,103623678435.72359,172916.0744129334,242898.5136953225
2.639230086582675e-06,102204538846.74763,172914.90284285697,242888.93753245386
2.6575335389380804e-06,100804857173.4952,172913.7231718296,242879.29586437016
2.675963928452097e-06,99424366469.60854,172912.53534400408,242869.5882495142
2.6945221354527647e-06,98062803452.09666,172911.33930315048,242859.81424344075
2.7132090463733295e-06,96719908451.05583,172910.13499265362,242849.97339879925
2.7320255537945716e-06,95395425360.07974,172908.92235551044,242840.06526531608
2.750972556487452e-06,94089101587.34886,172907.70133432746,242830.08938977646
2.7700509594560536e-06,92800688007.391,172906.47187131792,242820.04531600667
2.789261673980795e-06,91529938913.50603,172905.23390829936,242809.93258485585
2.8086056176619504e-06,90276611970.84283,172903.9873866908,242799.75073417823
2.8280837144634863e-06,89040468170.11966,172902.73224751017,242789.49929881457
2.8476968947572096e-06,87821271781.97906,172901.46843137144,242779.177810574
2.8674460953671925e-06,86618790311.97136,172900.195878482,242768.78579821571
2.8873322596145106e-06,85432794456.15562,172898.91452863987,242758.32278743034
2.90735633736231e-06,84263058057.30891,172897.62432123098,242747.78830082118
2.9275192850611912e-06,83109358061.7364,172896.32519522632,242737.18185788614
2.9478220657948823e-06,81971474476.67587,172895.0170891792,242726.50297499815
2.968265649326226e-06,80849190328.28693,172893.69994122238,242715.75116538708
2.9888510121435162e-06,79742291620.21515,172892.37368906528,242704.92593912044
3.009579137507149e-06,78650567292.72566,172891.03826999108,242694.02680308378
3.030451015496578e-06,77573809182.39812,172889.69362085382,242683.05326096286
3.0514676430575923e-06,76511811982.37576,172888.33967807566,242672.00481322312
3.0726300240499475e-06,75464373203.15816,172886.97637764376,242660.8809570911
3.0939391692953284e-06,74431293133.93254,172885.6036551074,242649.6811865345
3.115396096625618e-06,73412374804.4369,172884.22144557524,242638.4049922435
3.137001830931503e-06,72407423947.34671,172882.82968371199,242627.05186161023
3.1587574042114374e-06,71416248961.17674,172881.42830373565,242615.62127870918
3.180663855620951e-06,70438660873.69179,172880.01723941453,242604.1127242782
3.2027222315222726e-06,69474473305.82127,172878.59642406405,242592.52567569772
3.224933585534294e-06,68523502436.068794,172877.1657905439,242580.85960697132
3.2472989785829104e-06,67585566965.40931,172875.7252712547,242569.11398870483
3.2698194789517094e-06,66660488082.667755,172874.2747981352,242557.2882880876
3.292496162332984e-06,65748089430.37449,172872.8143026589,242545.38196887067
3.3153301118790986e-06,64848197071.08916,172871.34371583123,242533.3944913473
3.3383224182542404e-06,63960639454.18553,172869.8629681861,242521.32531233242
3.3614741796865286e-06,63085247383.09264,172868.37198978284,242509.1738851417
3.3847865020204573e-06,62221853982.98636,172866.87071020307,242496.93965957122
3.408260498769702e-06,61370294668.924545,172865.35905854747,242484.62208187662
3.431897291170321e-06,60530407114.41849,172863.83696343243,242472.2205947521
3.455698008234325e-06,59702031220.43574,172862.30435298692,242459.7346373099
3.4796637868035916e-06,58885009084.82952,172860.76115484914,242447.16364505867
3.5037957716041495e-06,58079184972.18766,172859.20729616337,242434.50704988273
3.528095115300874e-06,57284405284.09424,172857.64270357642,242421.76428002084
3.5525629785525554e-06,56500518529.79984,172856.0673032344,242408.93476004468
3.5772005300673262e-06,55727375297.29498,172854.48102077947,242396.0179108373
3.6020089466584678e-06,54964828224.780624,172852.88378134626,242383.01314957233
3.6269894133006368e-06,54212731972.52955,172851.27550955865,242369.91988969137
3.6521431231864794e-06,53470943195.13374,172849.65612952612,242356.73754088292
3.6774712777836103e-06,52739320514.13378,172848.02556484056,242343.46550906045
3.7029750868919846e-06,52017724491.023834,172846.38373857262,242330.1031963403
3.728655768701701e-06,51306017600.62618,172844.73057326826,242316.65000102003
3.7545145498512016e-06,50604064204.831535,172843.06599094524,242303.10531755592
3.780552665485848e-06,49911730526.70033,172841.38991308952,242289.46853654087
3.8067713593168955e-06,49228884624.91978,172839.70226065195,242275.7390446828
3.833171883680945e-06,48555396368.60981,172838.00295404423,242261.91622478096
3.859755499599736e-06,47891137412.47651,172836.2919131358,242247.99945570467
3.8865234768403685e-06,47235981172.30641,172834.5690572498,242233.98811237005
3.913477093975963e-06,46589802800.79641,172832.83430515966,242219.88156571754
3.94061763844675e-06,45952479163.71542,172831.08757508537,242205.67918268943
3.9679464066215525e-06,45323888816.394,172829.32878468974,242191.38032620636
3.995464703859683e-06,44703911980.53661,172827.55785107464,242176.9843551449
4.023173844573317e-06,44092430521.35154,172825.77469077735,242162.49062431438
4.0510751522902915e-06,43489327924.99453,172823.9792197667,242147.8984844336
4.079169959717301e-06,42894489276.323,172822.1713534394,242133.20728210788
4.107459608803547e-06,42307801236.95537,172820.35100661597,242118.41635980527
4.135945450804845e-06,41729152023.63096,172818.51809353716,242103.5250558337
4.164628846348186e-06,41158431386.8669,172816.67252785995,242088.53270431684
4.193511165496716e-06,40595530589.90858,172814.81422265366,242073.43863517122
4.2225937878151485e-06,40040342387.96923,172812.943090396,242058.24217408182
4.251878102435689e-06,39492761007.75356,172811.05904296922,242042.9426424786
4.281365508124394e-06,38952682127.262566,172809.16199165603,242027.53935751275
4.311057413347972e-06,38420002855.8762,172807.25184713572,242012.0316320325
4.340955236341041e-06,37894621714.70931,172805.32851947992,241996.41877455876
4.371060405173885e-06,37376438617.236725,172803.3919181489,241980.70008926187
4.401374357820684e-06,36865354850.18413,172801.4419519872,241964.87487593628
4.431898542228185e-06,36361273054.68198,172799.4785292195,241948.9424299768
4.46263441638484e-06,35864097207.677925,172797.50155744684,241932.90204235414
4.493583448390469e-06,35373732603.60392,172795.51094364215,241916.75299959022
4.524747116526401e-06,34890085836.294876,172793.5065941461,241900.49458373338
4.556126909326063e-06,34413064781.15609,172791.4884146631,241884.12607233442
4.587724325646066e-06,33942578577.57549,172789.4563102568,241867.6467384206
4.619540874737812e-06,33478537611.576588,172787.410185346,241851.0558504719
4.651578076319606e-06,33020853498.709625,172785.34994370036,241834.3526723955
4.683837460649225e-06,32569439067.17816,172783.27548843602,241817.53646350047
4.716320568596991e-06,32124208341.197124,172781.18672201133,241800.60647847335
4.74902895171939e-06,31685076524.57876,172779.0835462224,241783.56196735223
4.781964172333201e-06,31251959984.54401,172776.9658621987,241766.40217550163
4.815127803590106e-06,30824776235.75642,172774.8335703988,241749.12634358733
4.848521429551802e-06,30403443924.5754,172772.68657060567,241731.7337075503
4.882146645265695e-06,29987882813.524834,172770.52476192245,241714.2234985819
4.916005056841095e-06,29578013765.975166,172768.34804276776,241696.59494309762
4.950098281525924e-06,29173758731.036015,172766.1563108712,241678.84726271138
4.984427947783934e-06,28775040728.656265,172763.94946326892,241660.97967420987
5.018995695372518e-06,28381783834.928036,172761.72739629875,241642.99138952667
5.053803175421048e-06,27993913167.592564,172759.49000559593,241624.88161571597
5.088852050509726e-06,27611354871.745323,172757.23718608814,241606.64955492676
5.12414399474897e-06,27234036105.73745,172754.968831991,241588.29440437647
5.159680693859405e-06,26861885027.270134,172752.6848368033,241569.8153563249
5.1954638452523985e-06,26494830779.67995,172750.3850933023,241551.21159804758
5.231495158111119e-06,26132803478.412827,172748.06949353887,241532.48231180984
5.26777635347214e-06,25775734197.68379,172745.73792883285,241513.62667484005
5.304309164307714e-06,25423554957.318813,172743.39028976808,241494.6438593028
5.34109533560851e-06,25076198709.77829,172741.02646618753,241475.53303227268
5.378136624466948e-06,24733599327.358383,172738.64634718857,241456.29335570752
5.415434800161141e-06,24395691589.567772,172736.24982111785,241436.92398642137
5.452991644239433e-06,24062411170.677547,172733.83677556648,241417.4240760577
5.490808950605471e-06,23733694627.442444,172731.40709736504,241397.79277106264
5.528888525603864e-06,23409479386.990604,172728.96067257848,241378.02921265762
5.567232188106492e-06,23089703734.879116,172726.49738650123,241358.1325368128
5.605841769599402e-06,22774306803.31355,172724.01712365192,241338.10187421943
5.644719114270271e-06,22463228559.52953,172721.51976776842,241317.93635026275
5.683866079096468e-06,22156409794.333797,172719.0052018027,241297.6350849949
5.723284533933773e-06,21853792110.802147,172716.47330791558,241277.1971931074
5.762976361605719e-06,21555317913.13251,172713.9239674716,241256.62178390345
5.802943457993498e-06,21260930395.651398,172711.35706103375,241235.90796127112
5.843187732126498e-06,20970573531.971184,172708.7724683582,241215.05482365514
5.883711106273507e-06,20684192064.295914,172706.17006838895,241194.06146402945
5.924515516034559e-06,20401731492.87387,172703.54973925266,241172.92696986962
5.965602910433357e-06,20123138065.59523,172700.91135825316,241151.65042312528
6.006975252010354e-06,19848358767.732525,172698.25480186602,241130.2309001916
6.048634516916507e-06,19577341311.82154,172695.5799457332,241108.66747188228
6.090582695007701e-06,19310034127.681114,172692.88666465753,241086.95920340117
6.132821789939767e-06,19046386352.570305,172690.1748325973,241065.10515431396
6.17535381926416e-06,18786347821.480522,172687.4443226606,241043.1043785211
6.218180814524354e-06,18529869057.560688,172684.69500709986,241020.95592422874
6.2613048213529045e-06,18276901262.673786,172681.92675730618,240998.65883392096
6.304727899569133e-06,18027396308.0833,172679.1394438037,240976.21214433163
6.348452123277486e-06,17781306725.267555,172676.33293624406,240953.61488641586
6.392479580966635e-06,17538585696.859642,172673.50710340045,240930.86608532246
6.436812375609253e-06,17299187047.712032,172670.66181316212,240907.9647603644
6.481452624762444e-06,17063065236.08372,172667.79693252846,240884.90992499152
6.526402460668855e-06,16830175344.94867,172664.91232760318,240861.70058676103
6.571664030358556e-06,16600473073.422981,172662.0078635886,240838.33574731043
6.617239495751613e-06,16373914728.309984,172659.08340477964,240814.8144023272
6.6631310337613285e-06,16150457215.761395,172656.13881455795,240791.135541522
6.709340836398198e-06,15930058033.053146,172653.173955386,240767.29814859867
6.755871110874631e-06,15712675260.473642,172650.188688801,240743.30120122642
6.802724079710413e-06,15498267553.323477,172647.1828754089,240719.14367101074
6.849901980838833e-06,15286794134.025146,172644.15637487842,240694.82452346475
6.897407067713551e-06,15078214784.341064,172641.10904593492,240670.3427179808
6.945241609416264e-06,14872489837.698162,172638.04074635418,240645.6972078008
6.993407890765114e-06,14669580171.617737,172634.95133295626,240620.8869399887
7.041908212423798e-06,14469447200.24961,172631.8406615994,240595.91085540032
7.090744891011426e-06,14272052867.008589,172628.7085871736,240570.76788865527
7.139920259213207e-06,14077359637.311798,172625.55496359456,240545.45696810842
7.189436665891897e-06,13885330491.415764,172622.37964379712,240519.9770158197
7.239296476199965e-06,13695928917.351954,172619.18247972912,240494.3269475265
7.289502071692531e-06,13509118903.959309,172615.96332234473,240468.5056726135
7.340055850441154e-06,13324864934.012138,172612.72202159837,240442.512094085
7.3909602271484085e-06,13143131977.442373,172609.45842643798,240416.3451085352
7.442217633263185e-06,12963885484.655096,172606.17238479858,240390.0036061188
7.493830517096792e-06,12787091379.935713,172602.86374359566,240363.48647052323
7.5458013439399806e-06,12612716054.94736,172599.5323487188,240336.79257893827
7.598132596180664e-06,12440726362.31778,172596.17804502472,240309.92080202803
7.650826773422451e-06,12271089609.314373,172592.80067633095,240282.8700039015
7.703886392604073e-06,12103773551.605703,172589.40008540888,240255.63904208373
7.757313988119636e-06,11938746387.108723,172585.97611397706,240228.22676748628
7.811112111939644e-06,11775976749.920553,172582.5286026945,240200.63202437919
7.865283333732866e-06,11615433704.333647,172579.0573911538,240172.85365036104
7.919830240989105e-06,11457086738.932785,172575.56231787425,240144.8904763304
7.97475543914282e-06,11300905760.773182,172572.0432202949,240116.74132645666
8.030061551697546e-06,11146861089.638618,172568.49993476775,240088.40501815142
8.08575122035117e-06,10994923452.378431,172564.93229655066,240059.88036203902
8.14182710512215e-06,10845063977.321966,172561.34013980025,240031.16616192783
8.198291884476597e-06,10697254188.769764,172557.72329756492,240002.2612147815
8.25514825545618e-06,10551466001.560507,172554.08160177784,239973.16431068967
8.312398933806924e-06,10407671715.712477,172550.41488324958,239943.87423283956
8.37004665410895e-06,10265844011.138458,172546.72297166105,239914.38975748693
8.428094169907137e-06,10125955942.433147,172543.0056955562,239884.70965392672
8.486544253842602e-06,9987980933.732222,172539.26288233482,239854.83268446554
8.54539969778511e-06,9851892773.642044,172535.49435824514,239824.75760439158
8.604663312966453e-06,9717665701.286966,172531.69994837645,239794.48091522782
8.664337930114769e-06,9585274375.819136,172527.87947665184,239763.9973502925
8.724426399589717e-06,9454693392.65128,172524.03276582056,239733.3119015034
8.784931591518585e-06,9325897949.136442,172520.15963745068,239702.42329582392
8.845856395933424e-06,9198863582.76756,172516.25991192143,239671.33025305698
8.907203722909119e-06,9073566166.510479,172512.33340841567,239640.03148581632
8.968976502702354e-06,8949981904.201197,172508.37994491233,239608.52569949802
9.031177685891549e-06,8828087326.0062,172504.39933817871,239576.811592253
9.093810243517815e-06,8707859283.945047,172500.39140376265,239544.88785495775
9.156877167226917e-06,8589274947.4743395,172496.35595598494,239512.75317118643
9.220381469412124e-06,8472311799.132461,172492.2928079315,239480.40621718313
9.284326183358064e-06,8356947630.244084,172488.20177144537,239447.84566183327
9.348714363385643e-06,8243160536.683482,172484.08265711897,239415.07016663605
9.41354908499797e-06,8130928914.696007,172479.93527428625,239382.07838567637
9.478833445027236e-06,8020231456.777001,172475.75943101454,239348.8689655971
9.54457056178257e-06,7911047147.607338,172471.5549340965,239315.44054557107
9.610763575199048e-06,7803355260.044522,172467.32158904223,239281.791757274
9.677415646987696e-06,7697135351.168879,172463.0592000711,239247.92122485652
9.744529960786478e-06,7592367258.384103,172458.76757010346,239213.82756491695
9.812109722312294e-06,7489031095.571351,172454.4465007526,239179.5093864738
9.880158159514259e-06,7387107249.295804,172450.09579231637,239144.96529093868
9.948678522727698e-06,7286576375.065759,172445.71524376897,239110.19387208944
1.0017674084829587e-05,7187419393.642566,172441.30465275262,239075.1937160425
1.0087148141394703e-05,7089617487.401678,172436.86381556903,239039.96340122688
1.0157104010853208e-05,6993152096.74319,172432.39252717112,239004.5014983566
1.0227545034648982e-05,6898004916.552083,172427.8905811544,238968.80657040467
1.02984745773994e-05,6804157892.706589,172423.35776974866,238932.87717257638
1.0369896027055878e-05,6711593218.634928,172418.79388380912,238896.71185228304
1.0441812795065858e-05,6620293331.918863,172414.19871280785,238860.30914911535
1.051422831653559e-05,6530240910.94429,172409.57204482533,238823.66759481808
1.0587146050394388e-05,6441418871.597362,172404.91366654146,238786.78571326355
1.0660569479559658e-05,6353810364.006387,172400.22336322695,238749.66202042636
1.0734502111103449e-05,6267398769.328017,172395.5009187344,238712.29502435707
1.080894747641979e-05,6182167696.577939,172390.74611548954,238674.6832251577
1.088390913139353e-05,6098100979.504677,172385.9587344822,238636.82511495578
1.0959390656570028e-05,6015182673.506678,172381.13855525738,238598.71917787928
1.1035395657326343e-05,5933397052.591308,172376.2853559063,238560.36389003223
1.1111927764043266e-05,5852728606.375995,172371.39891305732,238521.75771946934
1.118899063227891e-05,5773162037.130104,172366.47900186674,238482.89912617195
1.1266587942943138e-05,5694682256.857812,172361.52539600976,238443.7865620235
1.1344723402473557e-05,5617274384.420646,172356.5378676712,238404.41847078473
1.1423400743012376e-05,5540923742.699838,172351.5161875362,238364.7932880712
1.1502623722584863e-05,5465615855.797303,172346.46012478104,238324.90944132817
1.1582396125278646e-05,5391336446.275373,172341.36944706365,238284.76534980763
1.1662721761424666e-05,5318071432.43403,172336.24392051436,238244.35942454493
1.1743604467778975e-05,5245806925.625883,172331.0833097262,238203.6900683358
1.1825048107706191e-05,5174529227.607648,172325.88737774565,238162.75567571298
1.1907056571363848e-05,5104224827.928274,172320.6558860629,238121.55463292456
1.1989633775888395e-05,5034880401.3526325,172315.38859460223,238080.0853179102
1.2072783665582104e-05,4966482805.320842,172310.08526171258,238038.3461002805
1.2156510212101667e-05,4899019077.442165,172304.7456441576,237996.33534129368
1.224081741464771e-05,4832476433.023586,172299.3694971059,237954.05139383522
1.2325709300155978e-05,4766842262.632045,172293.9565741214,237911.49260239568
1.2411189923489616e-05,4702104129.690293,172288.50662715326,237868.6573030492
1.2497263367632772e-05,4638249768.10573,172283.0194065261,237825.54382343416
1.2583933743885795e-05,4575267079.931621,172277.4946609301,237782.15048273117
1.2671205192061409e-05,4513144133.060666,172271.93213741068,237738.47559164325
1.275908188068266e-05,4451869158.949928,172266.33158135877,237694.51745237628
1.284756800718181e-05,4391430550.377281,172260.69273650044,237650.2743586185
1.2936667798101049e-05,4331816859.228334,172255.0153448869,237605.74459552212
1.3026385509294155e-05,4273016794.314046,172249.2991468841,237560.9264396831
1.3116725426129988e-05,4215019219.2179685,172243.5438811626,237515.81815912342
1.3207691863696973e-05,4157813150.17333,172237.74928468713,237470.418013272
1.329928916700942e-05,4101387753.9689674,172231.91509270627,237424.72425294714
1.3391521711214853e-05,4045732345.8842716,172226.04103874197,237378.73512033815
1.3484393901803195e-05,3990836387.652196,172220.12685457902,237332.4488489884
1.3577910174816995e-05,3936689485.4504824,172214.1722702547,237285.86366377812
1.3672074997063519e-05,3883281387.920195,172208.17701404783,237238.9777809073
1.3766892866327895e-05,3830601984.211693,172202.14081246848,237191.78940788013
1.3862368311588173e-05,3778641302.057171,172196.06339024703,237144.29674348835
1.3958505893231422e-05,3727389505.869899,172189.94447032348,237096.49797779578
1.4055310203271785e-05,3676836894.8692875,172183.78377383668,237048.39129212333
1.4152785865569594e-05,3626973901.2319307,172177.58102011343,236999.97485903412
1.4250937536052452e-05,3577791088.2677865,172171.3359266575,236951.24684231883
1.4349769902937394e-05,3529279148.621607,172165.0482091388,236902.205396982
1.4449287686955054e-05,3481428902.498829,172158.71758138217,236852.84866922794
1.4549495641574914e-05,3434231295.916026,172152.34375535644,236803.17479644797
1.4650398553232594e-05,3387677398.9751415,172145.92644116323,236753.18190720788
1.4752001241558235e-05,3341758404.161643,172139.46534702578,236702.86812123476
1.4854308559606944e-05,3296465624.6657867,172132.9601792777,236652.23154940584
1.4957325394090375e-05,3251790492.7271404,172126.41064235164,236601.270293737
1.506105666561036e-05,3207724558.0016212,172119.8164387681,236549.98244737156
1.5165507328893727e-05,3164259485.9511313,172113.1772691237,236498.36609456968
1.5270682373029183e-05,3121387056.2550936,172106.49283208,236446.41931069887
1.5376586821705384e-05,3079099161.243994,172099.7628243519,236394.14016222378
1.548322573345114e-05,3037387804.3541975,172092.98694069608,236341.5267066978
1.5590604201876785e-05,2996245098.6041813,172086.16487389928,236288.5769927541
1.5698727355917715e-05,2955663265.091479,172079.29631476672,236235.28906009748
1.580760036007913e-05,2915634631.5104313,172072.38095211034,236181.66093949732
1.5917228414682974e-05,2876151630.6900964,172065.41847273707,236127.69065278015
1.6027616756116065e-05,2837206799.1523986,172058.40856143678,236073.3762128233
1.613877065708046e-05,2798792775.689891,172051.35090097063,236018.71562354921
1.625069542684507e-05,2760902299.9631963,172044.245172059,235963.70687991966
1.6363396411499498e-05,2723528211.1175303,172037.09105336937,235908.34796793113
1.6476878994209145e-05,2686663446.418373,172029.88822150455,235852.63686461071
1.6591148595472587e-05,2650301039.905692,172022.6363509902,235796.57153801227
1.6706210673380236e-05,2614434121.066801,172015.3351142629,235740.14994721307
1.682207072387531e-05,2579055913.5272517,172007.98418165793,235683.370042312
1.6938734281016056e-05,2544159733.7598763,172000.58322139672,235626.22976442685
1.7056206917240392e-05,2509738989.811348,171993.13189957495,235568.72704569375
1.7174494243631768e-05,2475787180.0464015,171985.62988014962,235510.85980926605
1.729360191018745e-05,2442297891.9091187,171978.07682492706,235452.6259693144
1.7413535606088253e-05,2409264800.701323,171970.4723935502,235394.02343102742
1.753430105997022e-05,2376681668.3777165,171962.81624348607,235335.05009061302
1.765590404019846e-05,2344542342.35747,171955.10803001307,235275.7038353001
1.7778350355142425e-05,2312840754.352249,171947.3474062085,235215.9825433415
1.7901645853453597e-05,2281570919.2101803,171939.53402293567,235155.88408401658
1.8025796424344592e-05,2250726933.775815,171931.66752883123,235095.40631763617
1.815080799787073e-05,2220302975.7656,171923.74757029224,235034.54709554638
1.8276686545213e-05,2190293302.6589146,171915.77379146332,234973.30426013432
1.840343807896356e-05,2160692250.604184,171907.74583422372,234911.67564483415
1.853106865341265e-05,2131494233.3401399,171899.66333817432,234849.65907413376
1.8659584364838046e-05,2102693741.1317425,171891.52594062456,234787.25236358252
1.8788991351795973e-05,2074285339.7208421,171883.33327657933,234724.45331979936
1.8919295795414607e-05,2046263669.2910976,171875.08497872576,234661.2597404819
1.9050503919689012e-05,2018623443.4472342,171866.78067742015,234597.6694144163
1.9182621991778734e-05,1991359448.208172,171858.42000067458,234533.6801214879
1.9315656322306843e-05,1964466541.0141,171850.0025741435,234469.28963269226
1.9449613265661675e-05,1937939649.7470431,171841.52802111057,234404.49571014784
1.9584499220300038e-05,1911773771.7649944,171832.9959624751,234339.29610710853
1.972032062905314e-05,1885963972.9491735,171824.40601673853,234273.68856797786
1.9857083979434026e-05,1860505386.764482,171815.75779999097,234207.67082832332
1.9994795803947766e-05,1835393213.3327227,171807.0509258975,234141.24061489178
2.0133462680403154e-05,1810622718.5186603,171798.28500568468,234074.3956456264
2.0273091232227238e-05,1786189233.0284975,171789.4596481267,234007.13362968294
2.0413688128781342e-05,1762088151.5208366,171780.57445953172,233939.4522674488
2.0555260085679975e-05,1738314931.7297282,171771.6290437279,233871.34925056083
2.069781386511125e-05,1714865093.5998602,171762.6230020499,233802.82226192646
2.084135627616024e-05,1691734218.4334974,171753.55593332442,233733.86897574321
2.0985894175133856e-05,1668917948.0492435,171744.42743385676,233664.48705752136
2.1131434465888686e-05,1646411983.9522264,171735.23709741657,233594.67416410585
2.1277984100160418e-05,1624212086.515781,171725.98451522365,233524.4279437002
2.1425550077896237e-05,1602314074.1742477,171716.6692759341,233453.74603589092
2.1574139447588815e-05,1580713822.626958,171707.29096562596,233382.62607167277
2.1723759306613348e-05,1559407264.0530274,171697.84916778505,233311.06567347547
2.187441680156621e-05,1538390386.3370292,171688.34346329063,233239.0624551908
2.2026119128606653e-05,1517659232.3051887,171678.7734304012,233166.61402220122
2.217887353380019e-05,1497209898.9721534,171669.13864473993,233093.71797140932
2.233268731346504e-05,1477038536.7980058,171659.43867928046,233020.37189126792
2.24875678145203e-05,1457141348.9555533,171649.6731043323,232946.5733618121
2.264352243483723e-05,1437514590.607587,171639.8414875261,232872.31995469084
2.280055862359223e-05,1418154568.1941419,171629.94339379953,232797.60923320157
2.2958683881623033e-05,1399057638.7294486,171619.97838538222,232722.43875232365
2.311790576178661e-05,1380220209.10861,171609.94602178136,232646.80605875555
2.3278231869320303e-05,1361638735.4237137,171599.84585976673,232570.70869095015
2.3439669862204714e-05,1343309722.2894046,171589.67745335624,232494.14417915363
2.3602227451529865e-05,1325229722.1776257,171579.44035380075,232417.1100454439
2.3765912401863145e-05,1307395334.7615733,171569.13410956945,232339.6038037708
2.3930732531620516e-05,1289803206.268565,171558.75826633486,232261.62295999777
2.4096695713439804e-05,1272450028.841848,171548.31236695792,232183.16501194402
2.4263809874556616e-05,1255332539.911153,171537.79595147274,232104.22744942774
2.44320829971833e-05,1238447521.57184,171527.20855707198,232024.80775431142
2.4601523118889837e-05,1221791799.9726274,171516.54971809124,231944.90340054722
2.4772138332988147e-05,1205362244.711649,171505.8189659943,231864.51185422446
2.4943936788918266e-05,1189155768.2408686,171495.01582935773,231783.63057361817
2.5116926692638016e-05,1173169325.2785907,171484.13983385568,231702.25700923774
2.5291116307014545e-05,1157399912.230105,171473.1905022447,231620.38860387882
2.546651395221942e-05,1141844566.616203,171462.16735434814,231538.02279267446
2.564312800612562e-05,1126500366.5096111,171451.06990704112,231455.15700314872
2.5820966904708125e-05,1111364429.979074,171439.8976742349,231371.78865527155
2.6000039142446454e-05,1096433914.5411448,171428.65016686142,231287.91516151393
2.61803532727308e-05,1081706016.6194193,171417.32689285785,231203.53392690542
2.636191790827019e-05,1067177971.0112574,171405.92735715114,231118.6423490927
2.6544741721504256e-05,1052847050.3617538,171394.45106164218,231033.23781839877
2.6728833445017098e-05,1038710564.6449878,171382.89750519049,230947.31771788507
2.691420187195478e-05,1024765860.652331,171371.26618359826,230860.8794234121
2.710085585644493e-05,1011010321.4878261,171359.5565895949,230773.92030370526
2.728880431402008e-05,997441366.0704345,171347.7682128211,230686.43772041853
2.7478056222043087e-05,984056448.6431705,171335.90053981318,230598.42902820156
2.766862062013637e-05,970853058.2889053,171323.95305398718,230509.89157476748
2.786050661061325e-05,957828718.4528781,171311.9252356231,230420.82270096184
2.8053723358913167e-05,944980986.471689,171299.8165618489,230331.21974083417
2.8248280094039018e-05,932307453.1088207,171287.62650662457,230241.08002170912
2.8444186108998425e-05,919805742.0964667,171275.35454072634,230150.4008642606
2.864145076124718e-05,907473509.683703,171263.00013173054,230059.179582587
2.8840083473136638e-05,895308444.1908027,171250.5627439975,229967.41348428678
2.9040093732363342e-05,883308265.5697156,171238.0418386556,229875.09987053752
2.9241491092422634e-05,871470724.9705257,171225.43687358522,229782.2360361746
2.9444285173064546e-05,859793604.3139062,171212.74730340243,229688.81926977244
2.9648485660753734e-05,848274715.8693874,171199.97257944298,229594.84685372654
2.985410230913168e-05,836911901.8394588,171187.11214974607,229500.31606433855
3.006114493948306e-05,825703033.9493297,171174.1654590381,229405.22417190002
3.0269623441204384e-05,814646013.0423594,171161.13194871644,229309.5684407811
3.0479547772276832e-05,803738768.6809924,171148.01105683317,229213.34612951818
3.069092795974141e-05,792979258.7532159,171134.8022180787,229116.5544909042
3.09037741001784e-05,782365469.084363,171121.5048637656,229019.19077208053
3.1118096360189104e-05,771895413.0542911,171108.11842181202,228921.2522146304
3.1333904976881986e-05,761567131.2197609,171094.64231672545,228822.73605467338
3.155121025836109e-05,751378690.9420474,171081.07596958638,228723.6395229622
3.177002258421899e-05,741328186.0196017,171067.4187980317,228623.95984498117
3.199035240603197e-05,731413736.3258085,171053.67021623836,228523.69424104542
3.221221024785985e-05,721633487.4516563,171039.8296349068,228422.83992640243
3.243560670674807e-05,711985610.3533608,171025.8964612447,228321.39411133566
3.266055245323444e-05,702468301.0047709,171011.8700989501,228219.3540012687
3.288705823185826e-05,693079780.0545913,170997.74994819518,228116.7167968717
3.3115134861674065e-05,683818292.4882576,170983.53540560964,228013.47969417006
3.334479323676788e-05,674682107.2944953,170969.22586426395,227909.63988465368
3.357604432677804e-05,665669517.1364102,170954.82071365308,227805.19455538856
3.380889917741893e-05,656778838.0271173,170940.3193396797,227700.1408891301
3.404336891100842e-05,648008409.0098152,170925.72112463758,227594.47606443835
3.427946472699957e-05,639356591.8422275,170911.02544719513,227488.1972557943
3.451719790251503e-05,630821770.6854041,170896.2316823785,227381.30163371828
3.475657979288626e-05,622402351.7967552,170881.33920155533,227273.78636489058
3.499762183219533e-05,614096763.2273312,170866.3473724177,227165.64861227322
3.524033553382167e-05,605903454.523217,170851.25555896567,227056.88553523328
3.54847324909914e-05,597820896.4310588,170836.06312149082,226947.49428966947
3.573082437733168e-05,589847580.6075917,170820.7694165591,226837.4720281381
3.5978622947427725e-05,581982019.3331888,170805.37379699465,226726.8158999834
3.6228140037384825e-05,574222745.2292994,170789.87561186284,226615.52305146778
3.647938756539313e-05,566568310.9798019,170774.27420645364,226503.59062590473
3.6732377532297484e-05,559017289.0561393,170758.5689222651,226391.0157637936
3.69871220221701e-05,551568271.4462601,170742.75909698656,226277.79560295594
3.724363320288831e-05,544219869.3872421,170726.84406448185,226163.9272786733
3.750192332671519e-05,536970713.1016161,170710.82315477298,226049.40792382832
3.776200473088536e-05,529819451.53727245,170694.69569402313,225934.2346690459
3.802388983819372e-05,522764752.11096704,170678.46100452024,225818.40464283747
3.828759115758937e-05,515805300.45531183,170662.11840466023,225701.91497174645
3.855312128477255e-05,508939800.1692671,170645.66720893045,225584.76278049615
3.882049290279684e-05,502166972.5720232,170629.106727893,225466.94519213916
3.9089718782674376e-05,495485556.46028924,170612.43626816815,225348.45932820867
3.936081178398646e-05,488894307.8688776,170595.65513241777,225229.30230887193
3.9633784855497215e-05,482391999.8346034,170578.76261932883,225109.47125308556
3.9908651035772646e-05,475977422.1633902,170561.7580235965,224988.96327875217
4.018542345380285e-05,469649381.2005998,170544.64063590812,224867.77550288022
4.046411532962973e-05,463406699.604481,170527.4097429262,224745.9050417442
4.0744739974977826e-05,457248216.1227542,170510.06462727228,224623.3490110483
4.102731079389078e-05,451172785.3722315,170492.6045675103,224500.10452609084
4.1311841283370954e-05,445179277.6214849,170475.02883813012,224376.16870193096
4.159834503402474e-05,439266578.5764694,170457.3367095312,224251.53865355765
4.188683573071106e-05,433433589.1691101,170439.5274480061,224126.2114960606
4.217732715319574e-05,427679225.3487623,170421.60031572424,224000.18434480252
4.246983317680895e-05,422002417.8765589,170403.55457071553,223873.45431559382
4.276436777310868e-05,416402112.1225484,170385.389466854,223746.0185248694
4.306094501054741e-05,410877267.8656429,170367.10425384165,223617.87408986705
4.335957905514479e-05,405426859.0962814,170348.6981771922,223489.0181288078
4.366028417116355e-05,400049873.82182527,170330.1704782149,223359.44776107924
4.396307472179155e-05,394745313.87459654,170311.52039399836,223229.16010741872
4.426796516982714e-05,389512194.722573,170292.74715739465,223098.15229010102
4.457497007837068e-05,384349545.2826534,170273.84999700295,222966.42143312583
4.4884104111519426e-05,379256407.73650795,170254.82813715382,222833.96466240898
4.519538203506871e-05,374231837.3489296,170235.68079789306,222700.77910597398
4.550881871721645e-05,369274902.28869873,170216.40719496607,222566.86189414756
4.5824429129274115e-05,364384683.4518809,170197.0065398017,222432.21015975467
4.614222834638106e-05,359560274.2875702,170177.47803949664,222296.82103831778
4.6462231548225346e-05,354800780.6259986,170157.82089679982,222160.69166825712
4.6784454019768034e-05,350105320.5090248,170138.03431009647,222023.8191910924
4.710891115197396e-05,345473024.02292496,170118.11747339278,221886.20075164796
4.7435618442546586e-05,340903033.1334912,170098.06957630013,221747.83349825832
4.776459149666794e-05,336394501.5233899,170077.88980401983,221608.71458297665
4.809584602774472e-05,331946594.4317351,170057.57733732765,221468.84116178536
4.8429397858158006e-05,327558488.49588364,170037.13135255853,221328.21039480797
4.876526292001986e-05,323229371.59537584,170016.5510215912,221186.819446523
4.91034572559335e-05,318958442.6980369,169995.8355118332,221044.66548598107
4.9443997019760386e-05,314744911.7081687,169974.98398620565,220901.74568702167
4.978689847739098e-05,310587999.31684107,169953.9956031284,220758.0572284946
5.013217800752253e-05,306486936.8542166,169932.8695165049,220613.597294481
5.047985210244058e-05,302440966.1439188,169911.60487570753,220468.3630745177
5.082993736880751e-05,298449339.3593777,169890.20082556276,220322.35176382327
5.118245052845498e-05,294511318.88216347,169868.65650633664,220175.5605635258
5.153740841918344e-05,290626177.16224295,169846.97105372002,220027.98668089244
5.189482799556555e-05,286793196.5801711,169825.14359881438,219879.6273295616
5.2254726329756897e-05,283011669.3111517,169803.17326811713,219730.4797297761
5.261712061231056e-05,279280897.19098085,169781.0591835077,219580.5411086193
5.298202815299908e-05,275600191.58380973,169758.8004622331,219429.80870025206
5.334946638164042e-05,271968873.2517374,169736.39621689415,219278.27974615226
5.3719452848931346e-05,268386272.22617337,169713.8455554313,219125.9514953563
5.4092005227284876e-05,264851727.68098164,169691.14758111103,218972.8212047018
5.4467141311675264e-05,261364587.80734485,169668.30139251205,218818.88613907326
5.4844879020487135e-05,257924209.69036236,169645.3060835117,218664.1435716481
5.522523639637218e-05,254529959.18732154,169622.16074327263,218508.59078414613
5.560823160711014e-05,251181210.8076543,169598.86445622932,218352.22506707982
5.599388294647744e-05,247877347.59452358,169575.41630207497,218195.04372000622
5.6382208835120105e-05,244617761.00804722,169551.81535574852,218037.0440517823
5.677322782143455e-05,241401850.81010833,169528.06068742156,217878.22338081943
5.716695858245258e-05,238229024.95075825,169504.15136248563,217718.5790353428
5.756341992473448e-05,235098699.45616236,169480.0864415397,217558.10835364964
5.7962630785266344e-05,232010298.3180963,169455.8649803774,217396.8086843712
5.836461023236554e-05,228963253.38494134,169431.48602997494,217234.67738673577
5.876937746659058e-05,225957004.25418863,169406.94863647877,217071.71183083364
5.917695182165918e-05,222990998.16640308,169382.2518411936,216907.9093978829
5.958735276537076e-05,220064689.90065295,169357.3946805705,216743.2674804986
6.000059990053732e-05,217177541.67135966,169332.37618619518,216577.78348296194
6.0416712965918785e-05,214329023.02657482,169307.19538477645,216411.45482149243
6.083571183716678e-05,211518610.74763757,169281.85129813492,216244.27892452062
6.125761652777305e-05,208745788.75022078,169256.34294319162,216076.253232963
6.168244719002635e-05,206010047.9867189,169230.66933195715,215907.37520049888
6.21102241159741e-05,203310886.34998807,169204.82947152067,215737.64229384784
6.254096773839251e-05,200647808.5783916,169178.82236403943,215567.05199304994
6.297469863176166e-05,198020326.16215935,169152.6470067281,215395.6017917464
6.341143751324923e-05,195427957.2510177,169126.30239184859,215223.28919746258
6.385120524369899e-05,192870226.56309813,169099.78750669997,215050.1117318921
6.429402282862827e-05,190346665.29508123,169073.10133360853,214876.06693118264
6.47399114192303e-05,187856811.03358442,169046.24284991814,214701.15234622284
6.518889231338543e-05,185400207.6677517,169019.21102798075,214525.3655429312
6.564098695667752e-05,182976405.30305275,168992.00483514715,214348.70410254603
6.609621694341908e-05,180584960.17625326,168964.62323375777,214171.16562191644
6.655460401768241e-05,178225434.57155576,168937.06518113418,213992.74771379578
6.701617007433777e-05,175897396.7378913,168909.3296295701,213813.4480071353
6.748093716010014e-05,173600420.80733603,168881.41552632322,213633.2641473795
6.794892747458117e-05,171334086.7146567,168853.3218136072,213452.1937967636
6.84201633713507e-05,169097980.11794707,168825.0474285833,213270.23463461007
6.889466735900329e-05,166891692.320363,168796.5913033532,213087.38435762958
6.937246210223456e-05,164714820.19291863,168767.95236495126,212903.6406802199
6.985357042292256e-05,162566966.0983512,168739.12953533744,212719.0013347684
7.033801530121902e-05,160447737.81601852,168710.12173139045,212533.46407195445
7.082581987664588e-05,158356748.4678355,168680.92786490088,212347.02666105313
7.131700744920165e-05,156293616.44521508,168651.54684256497,212159.6868902404
7.181160148047322e-05,154257965.33702064,168621.97756597848,211971.4425668992
7.230962559475767e-05,152249423.85849494,168592.2189316306,211782.29151792568
7.281110358018946e-05,150267625.78117275,168562.26983089864,211592.23159003814
7.331605938987792e-05,148312209.86374393,168532.12915004254,211401.2606500854
7.38245171430501e-05,146382819.78387332,168501.79577019988,211209.3765853569
7.433650112620416e-05,144479104.07094467,168471.2685673811,211016.57730389302
7.485203579426804e-05,142600716.03973603,168440.54641246522,210822.8607347973
7.537114577176889e-05,140747313.72499382,168409.62817119548,210628.22482854826
7.589385585400796e-05,138918559.81691253,168378.51270417558,210432.66755731285
7.642019100824625e-05,137114121.59748888,168347.19886686618,210236.18691526027
7.695017637489578e-05,135333670.87775728,168315.68550958176,210038.78091887705
7.748383726872168e-05,133576883.93587592,168283.9714774875,209840.44760728133
7.802119918005013e-05,131843441.45606911,168252.0556105969,209641.18504253996
7.85622877759871e-05,130133028.46839854,168219.93674376936,209440.99130998386
7.910712890164314e-05,128445334.28936674,168187.6137067085,209239.8645185262
7.965574858136912e-05,126780052.46332651,168155.08532396035,209037.8028009789
8.020817301999796e-05,125136880.70470078,168122.3504149123,208834.80431437166
8.076442860409769e-05,123515520.84098591,168089.40779379208,208630.8672402694
8.132454190323043e-05,121915678.75654319,168056.25626966733,208425.98978509204
8.18885396712228e-05,120337064.33715315,168022.89464644538,208220.1701804328
8.245644884744253e-05,118779391.41533592,167989.3217228735,208013.40668337865
8.302829655808654e-05,117242377.71641372,167955.53629253941,207805.69757682912
8.360411011747525e-05,115725744.80531915,167921.53714387235,207597.04116981686
8.418391702935865e-05,114229218.03412448,167887.32306014412,207387.43579782726
8.476774498822863e-05,112752526.4902971,167852.89281947125,207176.8798231194
8.535562188064317e-05,111295402.94565618,167818.2451948166,206965.37163504545
8.594757578655698e-05,109857583.80603549,167783.37895399236,206752.9096503719
8.654363498066415e-05,108438809.06162857,167748.29285966244,206539.4923135989
8.71438279337472e-05,107038822.2380208,167712.98566934638,206325.11809728184
8.774818331403852e-05,105657370.34788518,167677.4561354225,206109.78550234993
8.835672998858822e-05,104294203.84334627,167641.70300513247,205893.49305842747
8.896949702464439e-05,102949076.5689898,167605.72502058576,205676.2393241529
8.958651369104008e-05,101621745.7155223,167569.5209187645,205458.0228874987
9.020780945959279e-05,100311971.77405883,167533.08943152925,205238.84236609028
9.083341400651069e-05,99019518.49104288,167496.42928562465,205018.69640752504
9.14633572138116e-05,97744152.82377735,167459.5392026858,204797.58368969065
9.209766917074885e-05,96485644.89657055,167422.41789924516,204575.50292108342
9.273638017524974e-05,95243767.95747697,167385.06408673973,204352.45284112496
9.33795207353622e-05,94018298.33563401,167347.4764715188,204128.43222048003
9.402712157071144e-05,92809015.39918287,167309.65375485222,203903.4398613723
9.467921361396857e-05,91615701.5137621,167271.594632939,203677.47459789968
9.533582801232664e-05,90438142.00157428,167233.2977969165,203450.5352963502
9.599699612898985e-05,89276125.10100797,167194.76193287017,203222.6208555151
9.666274954467008e-05,88129441.92681794,167155.98572184355,202993.73020700246
9.733312005909697e-05,86997886.43084468,167116.96783984915,202763.86231554995
9.800813969253517e-05,85881255.36327748,167077.70695787953,202533.01617933594
9.868784068731543e-05,84779348.23444232,167038.20174191895,202301.19083028985
9.937225550937303e-05,83691967.27711806,166998.45085295563,202068.38533440203
0.00010006141684980018,82618917.40936325,166958.45294699454,201834.59879203164
0.0001007553576264058,81560006.1978572,166918.20667507066,201599.83033821432
0.00010145411098528957,80515043.82173751,166877.71068326276,201364.07914296727
0.00010215771030242342,79483843.03693782,166836.96361270797,201127.3444115949
0.00010286618918524747,78466219.14100839,166795.96409961634,200889.62538499138
0.00010357958147427356,77461989.93842365,166754.71077528677,200650.92133994313
0.00010429792124470335,76470975.70635928,166713.20226612283,200411.23158942917
0.00010502124280805423,75492999.16094285,166671.4371936494,200170.5554829197
0.00010574958071379993,74527885.42396127,166629.41417453001,199928.89240667422
0.00010648296975101903,73575461.99002898,166587.1318205846,199686.2417840369
0.0001072214449500584,72635558.69420062,166544.5887388078,199442.6030757307
0.0001079650415842047,71708007.68003166,166501.78353138818,199197.97578015
0.00010871379517137093,70792643.36807136,166458.71479572772,198952.35943365106
0.00010946774147579123,69889302.4247918,166415.38112446203,198705.75361084097
0.0001102269165097309,68997823.7319375,166371.78110548126,198458.15792486386
0.0001109913565352047,68118048.35629869,166327.91332195158,198209.57202768672
0.00011176109806571081,67249819.5198942,166283.77635233727,197959.99561038133
0.000112536177867973,66392982.5705665,166239.3687704235,197709.4284034055
0.00011331663296369864,65547384.95297486,166194.68914533968,197457.8701768816
0.0001141025006313452,64712876.17998975,166149.73604158373,197205.32074087296
0.00011489381840790277,63889307.804474436,166104.50801904648,196951.7799456574
0.00011569062409068504,63076533.39145673,166059.00363303733,196697.24768200004
0.00011649295573913664,62274408.49067766,166013.22143431022,196441.72388142167
0.00011730085167664917,61482790.60951952,165967.15996909037,196185.20851646634
0.00011811435049239357,60701539.186300576,165920.81777910178,195927.70160096535
0.00011893349104316146,59930515.56393887,165874.1934015954,195669.20319029954
0.00011975831245522305,59169582.963972695,165827.28536937782,195409.71338165784
0.00012058885412619403,58418606.46094008,165780.09221084096,195149.2323142948
0.00012142515572691942,57677452.9571053,165732.6124499923,194887.76016978308
0.00012226725720336645,56945991.15753466,165684.84460648592,194625.2971722656
0.00012311519877853452,56224091.545509644,165636.7871956541,194361.84358870276
0.00012396902095437455,55511626.358280025,165588.43872854,194097.39972911845
0.00012482876451372547,54808469.56314524,165539.79771193062,193831.96594684108
0.00012569447052226027,54114496.833866194,165490.86264839093,193565.54263874397
0.00012656618033044943,53429585.5273966,165441.6320362986,193298.13024548042
0.00012744393557553415,52753614.6609357,165392.10436987926,193029.72925171713
0.00012832777818351705,52086464.8892918,165342.2781392431,192760.34018636346
0.00012921775037116274,51428018.48255857,165292.15183042164,192489.96362279827
0.00013011389464801618,50778159.30409367,165241.72392540565,192218.60017909226
0.00013101625381843238,50136772.78880055,165190.9929021837,191946.25051822801
0.00013192487098362,49503745.92170746,165139.95723478176,191672.91534831648
0.00013283978954370214,48878967.21683723,165088.6153933031,191398.59542280875
0.0001337610531997871,48262326.69636912,165036.96584396967,191123.29154070598
0.00013468870595605782,47653715.87008261,164985.00704916366,190847.00454676436
0.0001356227921218719,47053027.715085134,164932.73746747038,190569.73533169707
0.00013656335631387988,46460156.65581438,164880.1555537217,190291.48483237225
0.00013751044345815423,45874998.544316754,164827.25975904037,190012.25403200742
0.00013846409879233768,45297450.64079268,164774.04853088528,189732.04396035956
0.00013942436786780146,44727411.59441099,164720.52031309748,189450.85569391193
0.0001403912965518235,44164781.42438257,164666.673545947,189168.69035605615
0.000141364931029777,43609461.501295686,164612.50666618088,188885.5491172715
0.0001423453178073387,43061354.528703965,164558.01810707158,188601.43319529848
0.00014333250371270797,42520364.524968505,164503.2062984666,188316.34385530994
0.0001443265358988458,41986396.80534591,164448.06966683888,188030.2824100765
0.00014532746184572483,41459357.96432356,164392.60663533822,187743.2502201294
0.00014633532936259957,40939155.85819409,164336.81562384326,187455.24869391715
0.00014735018659028758,40425699.587870434,164280.69504901484,187166.27928795991
0.00014837208200347134,39918899.48193346,164224.2433243499,186876.34350699763
0.00014940106441301124,39418667.07991373,164167.45886023645,186585.4429041353
0.00015043718296827943,38924915.11579943,164110.3400640094,186293.5790809824
0.00015148048715950504,38437557.50177216,164052.88534000743,186000.75368778914
0.00015253102682014056,37956509.31216267,163995.0930896307,185706.9684235768
0.00015358885212923953,37481686.76762823,163936.96171139955,185412.22503626478
0.00015465401361385603,37013007.219544046,163878.489601014,185116.52532279177
0.00015572656215145542,36550389.13461027,163819.67515141465,184819.87112923322
0.00015680654897234716,36093752.07966712,163760.51675284377,184522.26435091326
0.0001578940256621292,35643016.70671986,163701.0127929083,184223.7069325126
0.0001589890441641545,35198104.73816622,163641.1616566429,183924.20086817074
0.0001600916567820097,34758938.95222783,163580.96172657472,183623.74820158418
0.00016120191618201584,34325443.16857877,163520.41138278868,183322.35102609883
0.00016231987539574134,33897542.23417248,163459.50900299402,183020.01148479834
0.00016344558782253784,33475162.009260386,163398.25296259162,182716.73177058675
0.00016457910723208797,33058229.35360368,163336.64163474247,182412.51412626635
0.0001657204877669765,32646672.11287134,163274.67339043724,182107.36084461058
0.0001668697839452737,32240419.105226204,163212.34659856645,181801.27426843165
0.00016802705066314212,31839400.108092256,163149.65962599215,181494.25679064283
0.00016919234319745594,31443545.84510475,163086.61083762042,181186.3108543163
0.00017036571720844404,31052787.973236687,163023.19859647471,180877.43895273466
0.00017154722874234592,30667059.07010306,162959.42126377055,180567.64362943821
0.00017273693423409142,30286292.621436775,162895.27719899095,180256.92747826615
0.0001739348905099936,29910423.00873747,162830.76475996335,179945.29314339347
0.00017514115479046581,29539385.497087307,162765.88230293675,179632.7433193607
0.0001763557846927521,29173116.22313496,162700.62818266102,179319.28075110092
0.0001775788382336821,28811552.18324205,162635.00075246624,179004.90823395847
0.00017881037383243924,28454631.22179327,162568.99836434366,178689.62861370444
0.00018005045031335416,28102292.01966442,162502.61936902764,178373.44478654556
0.00018129912690871154,27754474.08284972,162435.86211607856,178056.35969912817
0.00018255646326158174,27411117.731242903,162368.72495396683,177738.37634853614
0.0001838225194286688,27072164.087572593,162301.20623015796,177419.49778228346
0.00018509735588317767,26737555.06648881,162233.30429119887,177099.72709830187
0.00018638103351770551,26407233.363797512,162165.01748280498,176779.06744492162
0.00018767361364714725,26081142.44584366,162096.34414994865,176457.52202084835
0.00018897515801162708,25759226.53903786,162027.28263694857,176135.0940751323
0.00019028572877944467,25441430.619527433,161957.8312875604,175811.78690713382
0.00019160538855004765,25127700.40300699,161887.98844506813,175487.60386648183
0.00019293420035701846,24817982.33466991,161817.7524523771,175162.54835302787
0.00019427222767108844,24512223.579295307,161747.12165210754,174836.62381679262
0.00019561953440316626,24210372.01147199,161676.09438668969,174509.83375790896
0.0001969761849073938,23912376.205954377,161604.66899845965,174182.18172655746
0.00019834224398421692,23618185.42815162,161532.84382975672,173853.67132289743
0.00019971777688348373,23327749.62474509,161460.61722302134,173524.3061969912
0.00020110284930755816,23041019.414435502,161387.9875208948,173194.09004872353
0.00020249752741446138,22757946.07881485,161314.95306631926,172863.02662771443
0.00020390187782102863,22478481.553364426,161241.51220263977,172531.11973322748
0.00020531596760609442,22202578.418574374,161167.6632737066,172198.37321407069
0.0002067398643136933,21930189.891185835,161093.40462397932,171864.79096849344
0.00020817363595628937,21661269.81555132,161018.7345986315,171530.37694407557
0.0002096173510180216,21395772.65511434,160943.6515436569,171195.1351376128
0.00021107107845797835,21133653.484004024,160868.1538059765,170859.06959499503
0.0002125348877134877,20874867.97874584,160792.23973354694,170522.18441107942
0.0002140088487034377,20619372.410084117,160715.9076754698,170184.48372955705
0.00021549303183161252,20367123.634917494,160639.15598210215,169845.9717428152
0.00021698750799005874,20118079.0883432,160561.98300516818,169506.6526917919
0.00021849234856246804,19872196.775811125,160484.38709787207,169166.5308658268
0.00022000762542759045,19629435.26538378,160406.3666150116,168825.6106025043
0.00022153341096266393,19389753.68010311,160327.9199130935,168483.8962874931
0.00022306977804687514,19153111.69046028,160249.04535044925,168141.39235437743
0.00022461680006483694,18919469.50696939,160169.74128735258,167798.10328448543
0.00022617455091009716,18688787.872841414,160090.00608613755,167454.03360670907
0.0002277431049886645,18461028.056759216,160009.83811131827,167109.18789732066
0.00022932253722256628,18236151.845750056,159929.23572970924,166763.5707797819
0.0002309129230534233,18014121.538156454,159848.1973105472,166417.18692454873
0.00023251433844605709,17794899.936701883,159766.7212256139,166070.04104886932
0.00023412685989211457,17578450.341652144,159684.8058493599,165722.1379165773
0.00023575056441372554,17364736.54406899,159602.44955902957,165373.48233787864
0.0002373855295671777,17153722.819156855,159519.6507347873,165024.0791691338
0.00023903183344662517,16945373.919699315,159436.40775984467,164673.9333126332
0.00024068955468781455,16739655.069586053,159352.71902058864,164323.0497163688
0.00024235877247184503,16536531.957427276,159268.5829067109,163971.4333737976
0.00024403956652894652,16335970.730256055,159183.9978113385,163619.08932360267
0.00024573201714229184,16137937.987315705,159098.96213116523,163266.02264944633
0.0002474362051518276,15942400.773932863,159013.47426658435,162912.23847971886
0.00024915221195813945,15749326.575473163,158927.53262182215,162557.74198728183
0.000250880119526336,15558683.311380299,158841.13560507275,162202.53838920582
0.0002526200103899683,15370439.329295473,158754.2816286339,161846.63294650262
0.00025437196765496764,15184563.399257947,158666.96910904403,161490.03096385289
0.0002561360750036189,15001024.70798386,158579.19646721985,161132.73778932734
0.00025791241669855604,14819792.853223635,158490.96212859536,160774.75881410314
0.0002597010775867852,14640837.8381963,158402.26452326225,160416.0994721764
0.00026150214310374125,14464130.066099193,158313.10208611027,160056.76524006668
0.00026331569927736455,14289640.334693313,158223.47325696994,159696.76163651928
0.00026514183273221385,14117339.83096172,158133.37648075502,159336.09422220007
0.0002669806306936001,13947200.125841511,158042.81020760705,158974.76859938708
0.00026883218099175684,13779193.169026876,157951.77289304012,158612.79041165556
0.00027069657206603106,13613291.2838438,157860.26299808707,158250.16534355923
0.00027257389296911214,13449467.162193812,157768.27898944652,157886.89912030555
0.0002744642333712807,13287693.859567508,157675.81933963086,157522.9975074272
0.0002763676835646963,13127944.790125245,157582.88252711523,157158.46631044758
0.0002782843344677058,12970193.721845653,157489.4670364875,156793.3113745422
0.0002802142776291907,12814414.77173955,157395.57135859915,156427.53858419487
0.00028215760523293506,12660582.40112984,157301.1939907171,156061.15386285007
0.0002841144101020336,12508671.410994986,157206.33343667633,155694.16317255882
0.0002860847857033206,12358656.937376706,157110.98820703384,155326.57251362232
0.0002880688261518391,12210514.446849532,157015.15681922284,154958.3879242286
0.00029006662621533155,12064219.732052837,156918.83779770863,154589.61548008674
0.0002920782813187712,11919748.907283,156822.02967414452,154220.26129405494
0.00029410388754891515,11777078.404146427,156724.73098752942,153850.33151576557
0.00029614354165889885,11636184.96727104,156626.94028436558,153479.83233124425
0.0002981973410728528,11497045.650076894,156528.6561188178,153108.7699625267
0.00030026538389056053,11359637.81060383,156429.87705287294,152737.15066726902
0.00030234776889213986,11223939.107396523,156330.60165650066,152364.98073835595
0.00030444459554276583,11089927.495445035,156230.82850781461,151992.2665035029
0.00030655596399741664,10957581.222181296,156130.55619323484,151619.01432485596
0.0003086819751056627,10826878.823529463,156029.78330765042,151245.23059858588
0.0003108227304164787,10697799.12001075,155928.5084545834,150870.92175448
0.00031297833218309895,10570321.212900685,155826.73024635314,150496.09425552833
0.0003151488833678967,10444424.480439322,155724.44730424145,150120.75459750774
0.000317334487647307,10320088.574092494,155621.65825865854,149744.90930856037
0.0003195352494167738,10197293.414864551,155518.36174930967,149368.5649487703
0.00032175127379574156,10076019.189660775,155414.55642536219,148991.72810973463
0.00032398266663267116,9956246.347699858,155310.24094561377,148614.40541413272
0.0003262295345101007,9837955.59697475,155205.41397866074,148236.6035152902
0.00032849198474973156,9721127.900762184,155100.0742030675,147858.3290967412
0.00033077012541755956,9605744.47417923,154994.2203075362,147479.58887178564
0.0003330640653290316,9491786.780787285,154887.85099107726,147100.38958304434
0.0003353739140542487,9379236.529241728,154780.9649631803,146720.73800200972
0.00033769978192319384,9268075.669987775,154673.5609439858,146340.64092859472
0.00034004178003100763,9158286.392000763,154565.6376644571,145960.10519067696
0.00034240002024328933,9049851.119571334,154457.19386655316,145579.13764364127
0.00034477461520144534,8942752.509133894,154348.22830340147,145197.74516991788
0.0003471656783280642,8836973.446138738,154238.7397394718,144815.934678519
0.0003495733238323398,8732497.041966239,154128.72695075034,144433.71310457122
0.00035199766671552084,8629306.63088358,154018.1887249139,144051.08740884616
0.0003544388227764089,8527385.767042398,153907.1238615052,143668.06457728776
0.0003568969086168875,8426718.221517643,153795.53117210782,143284.6516205367
0.0003593720416474892,8327287.979386698,153683.4094805222,142900.85557345333
0.0003618643400930092,8229079.236847974,153570.7576229414,142516.6834946364
0.000364373922998146,8132076.398379156,153457.5744481277,142132.14246594132
0.00036690091023319386,8036264.07393366,153343.85881758903,141747.23959199345
0.0003694454224997623,7941627.076175672,153229.60960575615,141361.9819997022
0.0003720075813365474,7848150.417752391,153114.82570015965,140976.37683776967
0.0003745875091251312,7755819.308603806,152999.50600160757,140590.43127619984
0.0003771853290958331,7664619.153308638,152883.64942436287,140204.1525058037
0.00037980116533359006,7574535.548466838,152767.2548963215,139817.54773770348
0.00038243514278388956,7485554.280117236,152650.32135919007,139430.62420283412
0.0003850873872587315,7397661.321190771,152532.84776866427,139043.38915144381
0.00038775802544264374,7310842.828997916,152414.83309460693,138655.84985259143
0.000390447184898727,7225085.142750718,152296.2763212265,138268.01359364376
0.00039315499407475437,7140374.781118103,152177.17644725522,137879.88767976905
0.00039588158230929985,7056698.439814852,152057.5324861277,137491.47943343144
0.00039862707983792303,6974042.989222959,151937.34346615922,137102.7961938812
0.0004013916177993832,6892395.472045722,151816.6084307242,136713.84531664583
0.0004041753282419096,6811743.100993362,151695.32643843445,136324.63417301778
0.0004069783441295023,6732073.256500462,151573.49656331752,135935.17014954292
0.00040980079934828975,6653373.484474088,151451.11789499465,135545.46064750536
0.00041264282871291715,6575631.494072894,151328.18953885906,135155.5130824134
0.00041550456797299283,6498835.1555160275,151204.71061625343,134765.33488348237
0.00041838615381956524,6422972.4979222035,151080.68026464805,134374.93349311865
0.00042128772389165897,6348031.7071777955,150956.09763781758,133984.31636639984
0.00042420941678284233,6274001.123834236,150830.96190601896,133593.49097055715
0.00042715137204785397,6200869.241033649,150705.27225616752,133202.46478445415
0.0004301137302092619,6128624.702463037,150579.02789201424,132811.24529806722
0.0004330966327641825,6057256.300335904,150452.22803432154,132419.840011963
0.0004361002221910322,5986752.973401637,150324.87192103924,132028.25643677768
0.00043912464195633986,5917103.80498163,150196.95880748008,131636.50209269306
0.0004421700365215924,5848298.021032398,150068.4879664947,131244.58450891473
0.0004452365513501423,5780324.9882346755,149939.45868864594,130852.5112231474
0.00044832433291414823,5713174.21210879,149809.87028238334,130460.28978107277
0.0004514335287015789,5646835.33515535,149679.72207421617,130067.92773582351
0.0004545642872232499,5581298.135021462,149549.0134088867,129675.43264746084
0.0004577167580199255,5516552.522691555,149417.74364954233,129282.8120824488
0.00046089109166945344,5452588.5407030955,149285.9121779074,128890.07361313072
0.0004640874397939648,5389396.3613861995,149153.51839445415,128497.22481720416
0.0004673059550671091,5326966.285127484,149020.5617185733,128104.27327719709
0.000470546791221354,5265288.738657146,148887.04158874325,127711.22657994316
0.00047381010305532075,5204354.273359647,148752.95746269939,127318.09231605825
0.00047709604644118595,5144153.56360698,148618.30881760176,126924.87807941622
0.0004804047783321189,5084677.405114907,148483.0951502027,126531.591466626
0.00048373645676978646,5025916.713321166,148347.31597701262,126138.24007650798
0.0004870912408918939,4967862.521786016,148210.9708344662,125744.83150957248
0.000490469290939794,4910505.980614184,148074.05927908624,125351.37336749665
0.0004938707682661332,4853838.354898508,147936.58088764772,124957.87325260408
0.0004972958353425655,4797851.023184436,147798.53525734,124564.33876734352
0.0005007446557675099,4742535.4759555515,147659.9220059286,124170.77751376887
0.0005042173942739617,4687883.314139591,147520.7407719155,123777.1970930208
0.000507714216737368,4633886.247634633,147380.9912146986,123383.6051048072
0.0005112352901835426,4580536.093855458,147240.67301472975,122990.009146887
0.0005147807827966525,4527824.776299408,147099.7858736719,122596.41681455263
0.0005183508639272425,4475744.323131924,146958.32951455505,122202.83570011589
0.0005219457041003325,4424286.865791036,146816.30368193047,121809.27339239237
0.0005255654750235551,4373444.637610999,146673.70814202426,121415.73747618934
0.0005292103495953645,4323209.972464361,146530.54268288912,121022.2355317932
0.0005328805019132874,4273575.3034226755,146386.80711455518,120628.7751344595
0.0005365761072822469,4224533.161435124,146242.50126917908,120235.36385390299
0.0005402973422229273,4176076.1740252995,146097.62500119169,119842.00925379041
0.0005440443844802146,4128197.0640054015,145952.1781874446,119448.71889123342
0.0005478174130316777,4080888.648208093,145806.160727355,119055.50031628454
0.0005516166080961253,4034143.8362353244,145659.57254304856,118662.36107143264
0.0005554421511422066,3987955.6292243055,145512.41357950185,118269.30869110263
0.0005592942248970866,3942317.118630003,145364.6838046818,117876.35070115414
0.0005631730133551666,3897221.4850243283,145216.38320968475,117483.49461838433
0.0005670787017868801,3852661.996911391,145067.51180887278,117090.74795003042
0.0005710114767475345,3808632.009558984,144918.0696400093,116698.11819327598
0.0005749715260862304,3765124.9638457154,144768.05676439195,116305.61283475732
0.0005789590389548252,3722134.3851239295,144617.4732669846,115913.23935007332
0.0005829742058169771,3679653.882097832,144466.3192565468,115521.00520329618
0.0005870172184572332,3637677.1457169983,144314.5948657619,115128.9178464852
0.0005910882699902,3596197.948084663,144162.30025136296,114736.98471920131
0.0005951875548697574,3555210.1413809797,144009.43559425703,114345.21324802563
0.0005993152688983568,3514707.656800651,143856.00109964696,113953.61084607805
0.0006034716092363636,3474684.5035051405,143701.99699715214,113562.18491254038
0.0006076567744114846,3435134.7675888534,143547.42354092596,113170.94283217941
0.0006118709643282409,3396052.611059501,143392.28100977253,112779.89197487464
0.0006161143802775259,3357432.2708320664,143236.5697072601,112389.03969514625
0.0006203872249462103,3319268.0577365654,143080.2899618335,111998.39333168758
0.0006246897024268335,3281554.3555390304,142923.44212692324,111607.96020689796
0.0006290220182273416,3244285.619975927,142766.02658105362,111217.74762642043
0.0006333843792809141,3207456.377801438,142608.04372794757,110827.76287867955
0.0006377769939558376,3171061.225847801,142449.4939966298,110438.01323442407
0.0006422000720654689,3135094.830098175,142290.3778415276,110048.50594627048
0.0006466538248782465,3099551.924772209,142130.69574256925,109659.24824825073
0.0006511384651277917,3064427.3114237944,141970.44820527986,109270.24735536141
0.0006556542070230604,3029715.8580511715,141809.63576087536,108881.51046311704
0.000660201266258584,2995412.498218903,141648.25896635346,108493.0447471046
0.0006647798600247627,2961512.230191856,141486.31840458245,108104.85736254274
0.0006693902070182495,2928010.1160807284,141323.81468438762,107716.95544384215
0.0006740325274523857,2894901.2809992665,141160.74844063516,107329.34610417063
0.0006787070430677303,2862180.912232706,140997.12033431287,106942.03643501915
0.0006834139771426406,2829844.2584175966,140832.9310526095,106555.03350577313
0.0006881535545039479,2797886.6287325313,140668.18130899026,106168.34436328476
0.0006929260015376853,2766303.392099969,140502.8718432706,105781.97603145013
0.000697731546199911,2735089.976398662,140337.00342168674,105395.93551078803
0.0007025704180275922,2704241.8676868235,140170.57683696374,105010.2297780229
0.0007074428481495645,2673754.6094357576,140003.5929083811,104624.86578567112
0.0007123490692975828,2643623.801773742,139836.05248183507,104239.85046162922
0.0007172893158174245,2613845.100740242,139667.95642989862,103855.1907087673
0.0007222638236800964,2584414.2175500323,139499.30565187833,103470.89340452368
0.0007272728304930926,2555326.917867386,139330.1010738688,103086.96540050503
0.0007323165755117573,2526579.0210899,139160.3436488037,102703.41352208768
0.0007373952996506991,2498166.399642118,138990.0343565046,102320.24456802459
0.0007425092454953118,2470084.978278522,138819.174203726,101937.4653100535
0.0007476586573133487,2442330.7333960654,138647.76422419856,101555.08249251077
0.0007528437810666022,2414899.6923558176,138475.8054786683,101173.10283194651
0.0007580648644226403,2387787.9328138824,138303.29905493357,100791.53301674536
0.0007633221567666483,2360991.582061194,138130.24606787844,100410.37970674889
0.0007686159092133286,2334506.8163723326,137956.64765950383,100029.64953288333
0.0007739463746189077,2308329.860362972,137782.50499895474,99649.34909678936
0.0007793138075932013,2282456.986356102,137607.81928254504,99269.48497045696
0.0007847184645117882,2256884.51375666,137432.5917337788,98890.06369586238
0.0007901606035282434,2231608.808434688,137256.82360336886,98511.09178461053
0.0007956404845864819,2206626.282116674,137080.51616925182,98132.57571757937
0.0008011583694331616,2181933.391785193,136903.6707366005,97754.52194456967
0.0008067145216301993,2157526.6390865017,136726.2886378325,97376.93688395685
0.0008123092065673456,2133402.5697462214,136548.37123261637,96999.82692234828
0.0008179426914748755,2109557.7729927404,136369.91990787376,96623.19841424306
0.0008236152454363389,2085988.8809885036,136190.93607777928,96247.0576816965
0.0008293271394014266,2062692.568268806,136011.4211837561,95871.41101398769
0.000835078646198899,2039665.5511882536,135831.3766944693,95496.26466729194
0.0008408700405496314,2016904.5873745347,135650.80410581516,95121.62486435582
0.0008467015990797222,1994406.4751896446,135469.70494090792,94747.49779417776
0.0008525736003337196,1972168.0531982272,135288.0807500624,94373.88961169068
0.0008584863247879128,1950186.1996431644,135105.93311077423,94000.80643745036
0.0008644400548637427,1928457.8319280918,134923.2636276959,93628.25435732627
0.0008704350749412778,1906979.906106965,134740.07393261042,93256.23942219792
0.0008764716713728115,1885749.4163803658,134556.3656844006,92884.76764765344
0.0008825501324965259,1864763.3945986687,134372.14056901616,92513.84501369418
0.000888670748650278,1844018.9097717644,134187.40029943635,92143.47746444125
0.0008948338121854544,1823513.0675854534,134002.14661563004,91773.67090784814
0.0009010396174809485,1803243.0099242255,133816.381284512,91404.43121541558
0.0009072884609572081,1783205.9144005289,133630.1060998963,91035.76422191238
0.0009135806410904081,1763398.993890248,133443.3228824455,90667.67572509815
0.0009199164584266924,1743819.4960744972,133256.0334796175,90300.17148545248
0.0009262962155965449,1724464.7029874548,133068.23976560796,89933.25722590617
0.0009327202173292288,1705331.9305703447,132879.94364129045,89566.93863157842
0.0009391887704673578,1686418.5282312925,132691.14703415197,89201.22134951636
0.000945702183981537,1667721.8784111617,132501.85189822633,88836.11098844066
0.0009522607689851361,1649239.3961551103,132312.06021402308,88471.61311849343
0.0009588648387491346,1630968.5286899607,132121.77398845385,88107.73327099204
0.0009655147087171005,1612906.7550071338,131930.9952547546,87744.47693818566
0.0009722106965202408,1595051.585451253,131739.72607240544,87381.84957301733
